<?xml version='1.0' encoding='UTF-8' standalone='yes' ?>
<gpx version="1.1" creator="GPSBabel - http://www.gpsbabel.org" xmlns:xsi="http://www.w3.org/2001/XMLSchema-instance" xmlns="http://www.topografix.com/GPX/1/1" xsi:schemaLocation="http://www.topografix.com/GPX/1/1 http://www.topografix.com/GPX/1/1/gpx.xsd">
  <metadata>
    <link href="http://www.garmin.com">
      <text>Garmin International</text>
    </link>
    <time>1970-01-01T00:00:00Z</time>
    <bounds minlat="28.371693" minlon="83.689253" maxlat="28.531125" maxlon="83.908421" />
  </metadata>
  <extensions>
    <name><![CDATA[Poon hill+ABC全程]]>
    </name>
    <description><![CDATA[]]>
    </description>
    <TrackId>66688247</TrackId>
    <TrackTypeId>8</TrackTypeId>
    <TrackTags>合并获得,徒步</TrackTags>
    <BeginTime>0</BeginTime>
    <EndTime>0</EndTime>
    <TimeUsed>0</TimeUsed>
    <PauseTime>0</PauseTime>
    <PosStartName>甘达基区</PosStartName>
    <PosEndName>北大西洋</PosEndName>
    <ProductVersion>9.2.0</ProductVersion>
    <StartDistrictId>0</StartDistrictId>
    <EndDistrictId>0</EndDistrictId>
    <CreaterId>12364727</CreaterId>
    <CreaterName><![CDATA[zs_0432816]]>
    </CreaterName>
    <CreaterIcon>1411112627</CreaterIcon>
    <OriginCreaterId>12364727</OriginCreaterId>
    <OriginCreaterNickname><![CDATA[zs_0432816]]>
    </OriginCreaterNickname>
    <OriginCreaterName><![CDATA[null]]>
    </OriginCreaterName>
    <OriginCreaterIcon>1411112627</OriginCreaterIcon>
    <ThumbnailId>1424480094</ThumbnailId>
    <Distance>79339.0</Distance>
    <ElevationGain>5582.888251999999</ElevationGain>
    <ElevationLoss>5935.777688999999</ElevationLoss>
    <SportAvgSpeed>0.0</SportAvgSpeed>
  </extensions>
  <rte>
    <rtept lat="28.45486" lon="83.855277">
      <ele>2306.467946</ele>
    </rtept>
    <rtept lat="28.454798" lon="83.855192">
      <ele>2308.734131</ele>
    </rtept>
    <rtept lat="28.454727" lon="83.855121">
      <ele>2311.02568</ele>
    </rtept>
    <rtept lat="28.454686" lon="83.855028">
      <ele>2313.561491</ele>
    </rtept>
    <rtept lat="28.454623" lon="83.854954">
      <ele>2322.733719</ele>
    </rtept>
    <rtept lat="28.454577" lon="83.854861">
      <ele>2329.235424</ele>
    </rtept>
    <rtept lat="28.45452" lon="83.854774">
      <ele>2329.538841</ele>
    </rtept>
    <rtept lat="28.454471" lon="83.854684">
      <ele>2329.297166</ele>
    </rtept>
    <rtept lat="28.454399" lon="83.854617">
      <ele>2329.093993</ele>
    </rtept>
    <rtept lat="28.454357" lon="83.854516">
      <ele>2328.896961</ele>
    </rtept>
    <rtept lat="28.454301" lon="83.854434">
      <ele>2332.994872</ele>
    </rtept>
    <rtept lat="28.454237" lon="83.854356">
      <ele>2332.01601</ele>
    </rtept>
    <rtept lat="28.454185" lon="83.85427">
      <ele>2331.875724</ele>
    </rtept>
    <rtept lat="28.454173" lon="83.854165">
      <ele>2333.151877</ele>
    </rtept>
    <rtept lat="28.454146" lon="83.854067">
      <ele>2335.351698</ele>
    </rtept>
    <rtept lat="28.454098" lon="83.853977">
      <ele>2336.084467</ele>
    </rtept>
    <rtept lat="28.454071" lon="83.853878">
      <ele>2337.412379</ele>
    </rtept>
    <rtept lat="28.454014" lon="83.85379">
      <ele>2341.339026</ele>
    </rtept>
    <rtept lat="28.453977" lon="83.853695">
      <ele>2347.808919</ele>
    </rtept>
    <rtept lat="28.453938" lon="83.853598">
      <ele>2351.543264</ele>
    </rtept>
    <rtept lat="28.453918" lon="83.853489">
      <ele>2353.557913</ele>
    </rtept>
    <rtept lat="28.453869" lon="83.853395">
      <ele>2356.720631</ele>
    </rtept>
    <rtept lat="28.453848" lon="83.853289">
      <ele>2361.651077</ele>
    </rtept>
    <rtept lat="28.453788" lon="83.853211">
      <ele>2363.909442</ele>
    </rtept>
    <rtept lat="28.453786" lon="83.853109">
      <ele>2366.521387</ele>
    </rtept>
    <rtept lat="28.453731" lon="83.853026">
      <ele>2366.293428</ele>
    </rtept>
    <rtept lat="28.453709" lon="83.852925">
      <ele>2366.902751</ele>
    </rtept>
    <rtept lat="28.453711" lon="83.852822">
      <ele>2370.067662</ele>
    </rtept>
    <rtept lat="28.453665" lon="83.852731">
      <ele>2377.006065</ele>
    </rtept>
    <rtept lat="28.453592" lon="83.85266">
      <ele>2380.597015</ele>
    </rtept>
    <rtept lat="28.453573" lon="83.852557">
      <ele>2382.099997</ele>
    </rtept>
    <rtept lat="28.453531" lon="83.852466">
      <ele>2385.742488</ele>
    </rtept>
    <rtept lat="28.453554" lon="83.852359">
      <ele>2387.079949</ele>
    </rtept>
    <rtept lat="28.453518" lon="83.85226">
      <ele>2392.736462</ele>
    </rtept>
    <rtept lat="28.453461" lon="83.852179">
      <ele>2397.673987</ele>
    </rtept>
    <rtept lat="28.453419" lon="83.852085">
      <ele>2404.491056</ele>
    </rtept>
    <rtept lat="28.453399" lon="83.851985">
      <ele>2418.470339</ele>
    </rtept>
    <rtept lat="28.453365" lon="83.851888">
      <ele>2424.445557</ele>
    </rtept>
    <rtept lat="28.453313" lon="83.851795">
      <ele>2425.788678</ele>
    </rtept>
    <rtept lat="28.453248" lon="83.851718">
      <ele>2423.811507</ele>
    </rtept>
    <rtept lat="28.453179" lon="83.851644">
      <ele>2421.744475</ele>
    </rtept>
    <rtept lat="28.453128" lon="83.851559">
      <ele>2419.53857</ele>
    </rtept>
    <rtept lat="28.453079" lon="83.851456">
      <ele>2418.751691</ele>
    </rtept>
    <rtept lat="28.453016" lon="83.851368">
      <ele>2417.750139</ele>
    </rtept>
    <rtept lat="28.452935" lon="83.851313">
      <ele>2417.656936</ele>
    </rtept>
    <rtept lat="28.452853" lon="83.851251">
      <ele>2420.719418</ele>
    </rtept>
    <rtept lat="28.452797" lon="83.851164">
      <ele>2425.85804</ele>
    </rtept>
    <rtept lat="28.452748" lon="83.851075">
      <ele>2429.81516</ele>
    </rtept>
    <rtept lat="28.45269" lon="83.850994">
      <ele>2430.16519</ele>
    </rtept>
    <rtept lat="28.452633" lon="83.850913">
      <ele>2430.367238</ele>
    </rtept>
    <rtept lat="28.452576" lon="83.850832">
      <ele>2428.663957</ele>
    </rtept>
    <rtept lat="28.4525" lon="83.850772">
      <ele>2426.042606</ele>
    </rtept>
    <rtept lat="28.452444" lon="83.850689">
      <ele>2424.446672</ele>
    </rtept>
    <rtept lat="28.452364" lon="83.850639">
      <ele>2423.344214</ele>
    </rtept>
    <rtept lat="28.452305" lon="83.850558">
      <ele>2422.896088</ele>
    </rtept>
    <rtept lat="28.452242" lon="83.850467">
      <ele>2422.929034</ele>
    </rtept>
    <rtept lat="28.452194" lon="83.850376">
      <ele>2423.71351</ele>
    </rtept>
    <rtept lat="28.45215" lon="83.850285">
      <ele>2425.92281</ele>
    </rtept>
    <rtept lat="28.452104" lon="83.85019">
      <ele>2428.085068</ele>
    </rtept>
    <rtept lat="28.45205" lon="83.850104">
      <ele>2429.254206</ele>
    </rtept>
    <rtept lat="28.452001" lon="83.850015">
      <ele>2433.206569</ele>
    </rtept>
    <rtept lat="28.45191" lon="83.850025">
      <ele>2434.249516</ele>
    </rtept>
    <rtept lat="28.451819" lon="83.850044">
      <ele>2432.376233</ele>
    </rtept>
    <rtept lat="28.451724" lon="83.850046">
      <ele>2432.518246</ele>
    </rtept>
    <rtept lat="28.451649" lon="83.850108">
      <ele>2435.937524</ele>
    </rtept>
    <rtept lat="28.451583" lon="83.850182">
      <ele>2439.267682</ele>
    </rtept>
    <rtept lat="28.451523" lon="83.850272">
      <ele>2441.508602</ele>
    </rtept>
    <rtept lat="28.451457" lon="83.850347">
      <ele>2441.43838</ele>
    </rtept>
    <rtept lat="28.451407" lon="83.850438">
      <ele>2440.352235</ele>
    </rtept>
    <rtept lat="28.451353" lon="83.850526">
      <ele>2440.127698</ele>
    </rtept>
    <rtept lat="28.451252" lon="83.850537">
      <ele>2439.312387</ele>
    </rtept>
    <rtept lat="28.451155" lon="83.850551">
      <ele>2438.43901</ele>
    </rtept>
    <rtept lat="28.451064" lon="83.85055">
      <ele>2441.345554</ele>
    </rtept>
    <rtept lat="28.450965" lon="83.850525">
      <ele>2444.210486</ele>
    </rtept>
    <rtept lat="28.450912" lon="83.850433">
      <ele>2443.662454</ele>
    </rtept>
    <rtept lat="28.450875" lon="83.850335">
      <ele>2441.883375</ele>
    </rtept>
    <rtept lat="28.450834" lon="83.850241">
      <ele>2442.258364</ele>
    </rtept>
    <rtept lat="28.450775" lon="83.850157">
      <ele>2443.159643</ele>
    </rtept>
    <rtept lat="28.450699" lon="83.850094">
      <ele>2443.212114</ele>
    </rtept>
    <rtept lat="28.450639" lon="83.850009">
      <ele>2443.112519</ele>
    </rtept>
    <rtept lat="28.4506" lon="83.849911">
      <ele>2443.142859</ele>
    </rtept>
    <rtept lat="28.450588" lon="83.849803">
      <ele>2444.278574</ele>
    </rtept>
    <rtept lat="28.450569" lon="83.849698">
      <ele>2445.983687</ele>
    </rtept>
    <rtept lat="28.450518" lon="83.849601">
      <ele>2448.59503</ele>
    </rtept>
    <rtept lat="28.450493" lon="83.849496">
      <ele>2450.507735</ele>
    </rtept>
    <rtept lat="28.45048" lon="83.849395">
      <ele>2453.091012</ele>
    </rtept>
    <rtept lat="28.45047" lon="83.849292">
      <ele>2454.616976</ele>
    </rtept>
    <rtept lat="28.450449" lon="83.849186">
      <ele>2455.206172</ele>
    </rtept>
    <rtept lat="28.450444" lon="83.849074">
      <ele>2455.4705</ele>
    </rtept>
    <rtept lat="28.450441" lon="83.848963">
      <ele>2455.768357</ele>
    </rtept>
    <rtept lat="28.450458" lon="83.848857">
      <ele>2454.219983</ele>
    </rtept>
    <rtept lat="28.450438" lon="83.848757">
      <ele>2452.214638</ele>
    </rtept>
    <rtept lat="28.450421" lon="83.848656">
      <ele>2448.874383</ele>
    </rtept>
    <rtept lat="28.450403" lon="83.84855">
      <ele>2447.975983</ele>
    </rtept>
    <rtept lat="28.450418" lon="83.848448">
      <ele>2447.929534</ele>
    </rtept>
    <rtept lat="28.450379" lon="83.848352">
      <ele>2449.054655</ele>
    </rtept>
    <rtept lat="28.450349" lon="83.848253">
      <ele>2450.832881</ele>
    </rtept>
    <rtept lat="28.450284" lon="83.848181">
      <ele>2449.635964</ele>
    </rtept>
    <rtept lat="28.450284" lon="83.848078">
      <ele>2449.818476</ele>
    </rtept>
    <rtept lat="28.450289" lon="83.847975">
      <ele>2450.718365</ele>
    </rtept>
    <rtept lat="28.450311" lon="83.847873">
      <ele>2454.513124</ele>
    </rtept>
    <rtept lat="28.450342" lon="83.847774">
      <ele>2456.276629</ele>
    </rtept>
    <rtept lat="28.450253" lon="83.847759">
      <ele>2463.348141</ele>
    </rtept>
    <rtept lat="28.450175" lon="83.847701">
      <ele>2462.774853</ele>
    </rtept>
    <rtept lat="28.450086" lon="83.847657">
      <ele>2462.745919</ele>
    </rtept>
    <rtept lat="28.450008" lon="83.8476">
      <ele>2460.805865</ele>
    </rtept>
    <rtept lat="28.449942" lon="83.84752">
      <ele>2458.878356</ele>
    </rtept>
    <rtept lat="28.44988" lon="83.847438">
      <ele>2458.228183</ele>
    </rtept>
    <rtept lat="28.449823" lon="83.847348">
      <ele>2458.103074</ele>
    </rtept>
    <rtept lat="28.449738" lon="83.847298">
      <ele>2456.366519</ele>
    </rtept>
    <rtept lat="28.449681" lon="83.847212">
      <ele>2451.233467</ele>
    </rtept>
    <rtept lat="28.449621" lon="83.847131">
      <ele>2449.173725</ele>
    </rtept>
    <rtept lat="28.449575" lon="83.847038">
      <ele>2446.737311</ele>
    </rtept>
    <rtept lat="28.449547" lon="83.846939">
      <ele>2445.670169</ele>
    </rtept>
    <rtept lat="28.449535" lon="83.846822">
      <ele>2445.318949</ele>
    </rtept>
    <rtept lat="28.449506" lon="83.846723">
      <ele>2446.90423</ele>
    </rtept>
    <rtept lat="28.449452" lon="83.84664">
      <ele>2449.876299</ele>
    </rtept>
    <rtept lat="28.449412" lon="83.846542">
      <ele>2448.922575</ele>
    </rtept>
    <rtept lat="28.449386" lon="83.846436">
      <ele>2449.684524</ele>
    </rtept>
    <rtept lat="28.449325" lon="83.846349">
      <ele>2451.81692</ele>
    </rtept>
    <rtept lat="28.449263" lon="83.846273">
      <ele>2454.404006</ele>
    </rtept>
    <rtept lat="28.449207" lon="83.846183">
      <ele>2456.456153</ele>
    </rtept>
    <rtept lat="28.449193" lon="83.846078">
      <ele>2458.518064</ele>
    </rtept>
    <rtept lat="28.449253" lon="83.846181">
      <ele>2460.927931</ele>
    </rtept>
    <rtept lat="28.449234" lon="83.846076">
      <ele>2448.515325</ele>
    </rtept>
    <rtept lat="28.449166" lon="83.846006">
      <ele>2445.609599</ele>
    </rtept>
    <rtept lat="28.449088" lon="83.84595">
      <ele>2454.080335</ele>
    </rtept>
    <rtept lat="28.449" lon="83.845923">
      <ele>2458.452166</ele>
    </rtept>
    <rtept lat="28.44891" lon="83.845938">
      <ele>2459.014349</ele>
    </rtept>
    <rtept lat="28.448854" lon="83.846017">
      <ele>2451.15863</ele>
    </rtept>
    <rtept lat="28.448764" lon="83.845975">
      <ele>2450.241003</ele>
    </rtept>
    <rtept lat="28.448674" lon="83.845987">
      <ele>2450.914209</ele>
    </rtept>
    <rtept lat="28.448576" lon="83.845983">
      <ele>2452.833436</ele>
    </rtept>
    <rtept lat="28.448485" lon="83.845973">
      <ele>2451.168163</ele>
    </rtept>
    <rtept lat="28.448414" lon="83.845906">
      <ele>2447.936648</ele>
    </rtept>
    <rtept lat="28.448338" lon="83.845843">
      <ele>2445.597481</ele>
    </rtept>
    <rtept lat="28.448252" lon="83.845801">
      <ele>2443.890466</ele>
    </rtept>
    <rtept lat="28.448172" lon="83.845752">
      <ele>2444.841054</ele>
    </rtept>
    <rtept lat="28.448073" lon="83.845777">
      <ele>2445.880348</ele>
    </rtept>
    <rtept lat="28.447983" lon="83.845753">
      <ele>2446.880986</ele>
    </rtept>
    <rtept lat="28.447894" lon="83.845725">
      <ele>2445.417358</ele>
    </rtept>
    <rtept lat="28.447802" lon="83.845731">
      <ele>2443.758969</ele>
    </rtept>
    <rtept lat="28.4477" lon="83.845724">
      <ele>2442.068226</ele>
    </rtept>
    <rtept lat="28.447608" lon="83.845712">
      <ele>2442.165683</ele>
    </rtept>
    <rtept lat="28.447521" lon="83.845759">
      <ele>2441.373992</ele>
    </rtept>
    <rtept lat="28.447432" lon="83.845791">
      <ele>2439.962666</ele>
    </rtept>
    <rtept lat="28.447334" lon="83.845818">
      <ele>2437.866851</ele>
    </rtept>
    <rtept lat="28.447244" lon="83.84583">
      <ele>2434.858805</ele>
    </rtept>
    <rtept lat="28.447153" lon="83.845838">
      <ele>2431.451343</ele>
    </rtept>
    <rtept lat="28.44706" lon="83.845816">
      <ele>2432.199752</ele>
    </rtept>
    <rtept lat="28.446965" lon="83.845822">
      <ele>2432.669496</ele>
    </rtept>
    <rtept lat="28.446872" lon="83.845823">
      <ele>2430.970258</ele>
    </rtept>
    <rtept lat="28.446781" lon="83.84583">
      <ele>2430.019069</ele>
    </rtept>
    <rtept lat="28.446684" lon="83.845835">
      <ele>2430.328194</ele>
    </rtept>
    <rtept lat="28.446591" lon="83.845851">
      <ele>2431.919341</ele>
    </rtept>
    <rtept lat="28.446514" lon="83.845794">
      <ele>2432.253952</ele>
    </rtept>
    <rtept lat="28.446425" lon="83.845815">
      <ele>2434.617952</ele>
    </rtept>
    <rtept lat="28.446351" lon="83.845878">
      <ele>2433.143014</ele>
    </rtept>
    <rtept lat="28.446252" lon="83.845859">
      <ele>2432.638947</ele>
    </rtept>
    <rtept lat="28.446163" lon="83.845821">
      <ele>2433.755228</ele>
    </rtept>
    <rtept lat="28.446095" lon="83.845746">
      <ele>2435.701465</ele>
    </rtept>
    <rtept lat="28.446018" lon="83.845687">
      <ele>2437.50116</ele>
    </rtept>
    <rtept lat="28.445943" lon="83.845628">
      <ele>2439.394448</ele>
    </rtept>
    <rtept lat="28.445854" lon="83.845589">
      <ele>2438.267386</ele>
    </rtept>
    <rtept lat="28.445753" lon="83.845602">
      <ele>2441.890907</ele>
    </rtept>
    <rtept lat="28.445662" lon="83.845602">
      <ele>2441.98258</ele>
    </rtept>
    <rtept lat="28.445567" lon="83.845578">
      <ele>2439.326628</ele>
    </rtept>
    <rtept lat="28.445485" lon="83.845527">
      <ele>2437.246992</ele>
    </rtept>
    <rtept lat="28.445395" lon="83.845548">
      <ele>2436.396161</ele>
    </rtept>
    <rtept lat="28.445302" lon="83.845541">
      <ele>2435.10586</ele>
    </rtept>
    <rtept lat="28.445217" lon="83.845498">
      <ele>2434.766021</ele>
    </rtept>
    <rtept lat="28.445124" lon="83.84552">
      <ele>2433.864983</ele>
    </rtept>
    <rtept lat="28.445022" lon="83.845532">
      <ele>2434.188933</ele>
    </rtept>
    <rtept lat="28.44493" lon="83.845576">
      <ele>2432.193723</ele>
    </rtept>
    <rtept lat="28.444853" lon="83.84563">
      <ele>2430.803763</ele>
    </rtept>
    <rtept lat="28.444763" lon="83.845646">
      <ele>2429.021071</ele>
    </rtept>
    <rtept lat="28.444681" lon="83.845602">
      <ele>2428.352761</ele>
    </rtept>
    <rtept lat="28.444656" lon="83.845502">
      <ele>2427.40111</ele>
    </rtept>
    <rtept lat="28.444597" lon="83.845413">
      <ele>2428.503096</ele>
    </rtept>
    <rtept lat="28.444566" lon="83.845312">
      <ele>2429.81792</ele>
    </rtept>
    <rtept lat="28.444526" lon="83.845216">
      <ele>2431.651031</ele>
    </rtept>
    <rtept lat="28.444452" lon="83.845145">
      <ele>2431.561352</ele>
    </rtept>
    <rtept lat="28.444363" lon="83.845102">
      <ele>2433.043223</ele>
    </rtept>
    <rtept lat="28.444278" lon="83.845064">
      <ele>2431.77741</ele>
    </rtept>
    <rtept lat="28.444212" lon="83.844991">
      <ele>2430.626517</ele>
    </rtept>
    <rtept lat="28.444123" lon="83.844944">
      <ele>2429.185337</ele>
    </rtept>
    <rtept lat="28.444037" lon="83.844895">
      <ele>2427.787338</ele>
    </rtept>
    <rtept lat="28.443958" lon="83.844826">
      <ele>2426.609951</ele>
    </rtept>
    <rtept lat="28.443868" lon="83.844793">
      <ele>2425.614816</ele>
    </rtept>
    <rtept lat="28.443792" lon="83.844728">
      <ele>2424.397193</ele>
    </rtept>
    <rtept lat="28.443709" lon="83.844667">
      <ele>2424.852041</ele>
    </rtept>
    <rtept lat="28.443633" lon="83.844608">
      <ele>2424.553583</ele>
    </rtept>
    <rtept lat="28.443565" lon="83.844532">
      <ele>2423.052089</ele>
    </rtept>
    <rtept lat="28.443484" lon="83.844465">
      <ele>2422.330355</ele>
    </rtept>
    <rtept lat="28.443414" lon="83.844387">
      <ele>2423.247463</ele>
    </rtept>
    <rtept lat="28.44333" lon="83.844344">
      <ele>2421.352936</ele>
    </rtept>
    <rtept lat="28.443246" lon="83.844297">
      <ele>2414.572618</ele>
    </rtept>
    <rtept lat="28.443179" lon="83.844221">
      <ele>2416.602039</ele>
    </rtept>
    <rtept lat="28.443082" lon="83.844226">
      <ele>2422.737616</ele>
    </rtept>
    <rtept lat="28.442997" lon="83.844266">
      <ele>2425.971423</ele>
    </rtept>
    <rtept lat="28.442903" lon="83.844284">
      <ele>2424.406717</ele>
    </rtept>
    <rtept lat="28.442808" lon="83.844279">
      <ele>2421.139646</ele>
    </rtept>
    <rtept lat="28.442715" lon="83.844291">
      <ele>2417.259984</ele>
    </rtept>
    <rtept lat="28.442628" lon="83.84425">
      <ele>2414.924735</ele>
    </rtept>
    <rtept lat="28.442524" lon="83.844241">
      <ele>2414.921883</ele>
    </rtept>
    <rtept lat="28.442422" lon="83.84426">
      <ele>2412.711255</ele>
    </rtept>
    <rtept lat="28.442347" lon="83.844194">
      <ele>2408.030177</ele>
    </rtept>
    <rtept lat="28.442271" lon="83.844139">
      <ele>2403.619625</ele>
    </rtept>
    <rtept lat="28.44219" lon="83.844089">
      <ele>2400.540477</ele>
    </rtept>
    <rtept lat="28.442109" lon="83.844033">
      <ele>2396.604221</ele>
    </rtept>
    <rtept lat="28.442061" lon="83.843945">
      <ele>2394.933274</ele>
    </rtept>
    <rtept lat="28.442054" lon="83.843842">
      <ele>2393.163686</ele>
    </rtept>
    <rtept lat="28.441971" lon="83.84379">
      <ele>2394.194658</ele>
    </rtept>
    <rtept lat="28.441875" lon="83.843797">
      <ele>2396.239746</ele>
    </rtept>
    <rtept lat="28.441778" lon="83.843784">
      <ele>2389.51741</ele>
    </rtept>
    <rtept lat="28.441728" lon="83.843697">
      <ele>2385.623707</ele>
    </rtept>
    <rtept lat="28.441676" lon="83.8436">
      <ele>2382.654906</ele>
    </rtept>
    <rtept lat="28.441637" lon="83.843508">
      <ele>2378.648709</ele>
    </rtept>
    <rtept lat="28.441598" lon="83.843413">
      <ele>2376.056885</ele>
    </rtept>
    <rtept lat="28.441546" lon="83.843318">
      <ele>2379.11305</ele>
    </rtept>
    <rtept lat="28.441496" lon="83.843225">
      <ele>2376.754333</ele>
    </rtept>
    <rtept lat="28.441411" lon="83.843182">
      <ele>2376.008007</ele>
    </rtept>
    <rtept lat="28.44136" lon="83.843093">
      <ele>2374.474117</ele>
    </rtept>
    <rtept lat="28.441307" lon="83.842999">
      <ele>2369.96991</ele>
    </rtept>
    <rtept lat="28.441217" lon="83.842932">
      <ele>2367.130384</ele>
    </rtept>
    <rtept lat="28.441133" lon="83.842891">
      <ele>2360.073563</ele>
    </rtept>
    <rtept lat="28.441049" lon="83.842837">
      <ele>2364.584215</ele>
    </rtept>
    <rtept lat="28.44098" lon="83.842767">
      <ele>2363.599706</ele>
    </rtept>
    <rtept lat="28.440903" lon="83.842703">
      <ele>2357.247359</ele>
    </rtept>
    <rtept lat="28.440839" lon="83.842626">
      <ele>2365.643066</ele>
    </rtept>
    <rtept lat="28.440815" lon="83.842523">
      <ele>2368.317508</ele>
    </rtept>
    <rtept lat="28.440748" lon="83.842448">
      <ele>2369.987952</ele>
    </rtept>
    <rtept lat="28.440758" lon="83.842344">
      <ele>2368.251346</ele>
    </rtept>
    <rtept lat="28.440669" lon="83.842324">
      <ele>2378.998436</ele>
    </rtept>
    <rtept lat="28.440601" lon="83.842393">
      <ele>2377.594875</ele>
    </rtept>
    <rtept lat="28.440548" lon="83.842483">
      <ele>2374.635157</ele>
    </rtept>
    <rtept lat="28.440451" lon="83.842463">
      <ele>2370.621002</ele>
    </rtept>
    <rtept lat="28.440361" lon="83.842441">
      <ele>2368.163138</ele>
    </rtept>
    <rtept lat="28.440269" lon="83.842427">
      <ele>2359.733069</ele>
    </rtept>
    <rtept lat="28.440184" lon="83.84237">
      <ele>2358.377672</ele>
    </rtept>
    <rtept lat="28.440091" lon="83.842331">
      <ele>2359.135208</ele>
    </rtept>
    <rtept lat="28.44004" lon="83.84223">
      <ele>2361.506675</ele>
    </rtept>
    <rtept lat="28.439967" lon="83.842166">
      <ele>2362.923436</ele>
    </rtept>
    <rtept lat="28.439892" lon="83.842109">
      <ele>2361.624762</ele>
    </rtept>
    <rtept lat="28.439805" lon="83.842079">
      <ele>2364.167161</ele>
    </rtept>
    <rtept lat="28.439752" lon="83.841985">
      <ele>2363.968393</ele>
    </rtept>
    <rtept lat="28.439681" lon="83.841914">
      <ele>2365.348596</ele>
    </rtept>
    <rtept lat="28.439622" lon="83.84183">
      <ele>2363.732854</ele>
    </rtept>
    <rtept lat="28.439549" lon="83.84176">
      <ele>2365.121194</ele>
    </rtept>
    <rtept lat="28.439466" lon="83.841719">
      <ele>2364.319647</ele>
    </rtept>
    <rtept lat="28.439379" lon="83.841671">
      <ele>2361.976871</ele>
    </rtept>
    <rtept lat="28.439332" lon="83.841583">
      <ele>2359.969523</ele>
    </rtept>
    <rtept lat="28.439265" lon="83.841504">
      <ele>2360.511113</ele>
    </rtept>
    <rtept lat="28.439186" lon="83.841451">
      <ele>2360.899318</ele>
    </rtept>
    <rtept lat="28.439129" lon="83.841362">
      <ele>2361.215224</ele>
    </rtept>
    <rtept lat="28.439068" lon="83.841264">
      <ele>2362.334848</ele>
    </rtept>
    <rtept lat="28.439001" lon="83.841193">
      <ele>2361.105471</ele>
    </rtept>
    <rtept lat="28.438943" lon="83.841099">
      <ele>2362.126684</ele>
    </rtept>
    <rtept lat="28.43889" lon="83.841011">
      <ele>2362.865002</ele>
    </rtept>
    <rtept lat="28.438817" lon="83.840932">
      <ele>2364.588549</ele>
    </rtept>
    <rtept lat="28.438752" lon="83.840862">
      <ele>2364.653124</ele>
    </rtept>
    <rtept lat="28.438673" lon="83.840789">
      <ele>2363.100747</ele>
    </rtept>
    <rtept lat="28.438579" lon="83.840766">
      <ele>2364.830306</ele>
    </rtept>
    <rtept lat="28.438494" lon="83.840723">
      <ele>2364.708015</ele>
    </rtept>
    <rtept lat="28.438423" lon="83.84066">
      <ele>2363.429533</ele>
    </rtept>
    <rtept lat="28.438324" lon="83.840641">
      <ele>2361.916496</ele>
    </rtept>
    <rtept lat="28.438246" lon="83.840574">
      <ele>2360.892539</ele>
    </rtept>
    <rtept lat="28.438199" lon="83.840479">
      <ele>2360.176895</ele>
    </rtept>
    <rtept lat="28.438156" lon="83.84038">
      <ele>2357.498987</ele>
    </rtept>
    <rtept lat="28.438078" lon="83.840318">
      <ele>2354.198144</ele>
    </rtept>
    <rtept lat="28.438019" lon="83.840226">
      <ele>2351.909209</ele>
    </rtept>
    <rtept lat="28.437954" lon="83.840146">
      <ele>2352.33815</ele>
    </rtept>
    <rtept lat="28.43787" lon="83.840098">
      <ele>2346.58682</ele>
    </rtept>
    <rtept lat="28.437796" lon="83.840039">
      <ele>2348.099461</ele>
    </rtept>
    <rtept lat="28.43773" lon="83.839961">
      <ele>2349.403169</ele>
    </rtept>
    <rtept lat="28.437694" lon="83.839859">
      <ele>2350.194885</ele>
    </rtept>
    <rtept lat="28.437662" lon="83.839762">
      <ele>2350.924314</ele>
    </rtept>
    <rtept lat="28.437597" lon="83.839683">
      <ele>2352.130338</ele>
    </rtept>
    <rtept lat="28.437538" lon="83.839591">
      <ele>2354.792888</ele>
    </rtept>
    <rtept lat="28.437483" lon="83.839502">
      <ele>2354.787069</ele>
    </rtept>
    <rtept lat="28.437411" lon="83.839439">
      <ele>2354.413306</ele>
    </rtept>
    <rtept lat="28.437355" lon="83.839358">
      <ele>2353.877943</ele>
    </rtept>
    <rtept lat="28.437283" lon="83.83928">
      <ele>2355.184771</ele>
    </rtept>
    <rtept lat="28.437192" lon="83.839242">
      <ele>2354.45602</ele>
    </rtept>
    <rtept lat="28.437109" lon="83.8392">
      <ele>2355.549634</ele>
    </rtept>
    <rtept lat="28.437033" lon="83.839141">
      <ele>2354.214778</ele>
    </rtept>
    <rtept lat="28.436943" lon="83.839115">
      <ele>2353.515261</ele>
    </rtept>
    <rtept lat="28.436849" lon="83.839109">
      <ele>2351.231361</ele>
    </rtept>
    <rtept lat="28.436764" lon="83.839064">
      <ele>2348.588851</ele>
    </rtept>
    <rtept lat="28.436696" lon="83.838992">
      <ele>2345.674937</ele>
    </rtept>
    <rtept lat="28.436617" lon="83.838931">
      <ele>2345.668209</ele>
    </rtept>
    <rtept lat="28.43657" lon="83.838838">
      <ele>2345.938625</ele>
    </rtept>
    <rtept lat="28.436508" lon="83.838751">
      <ele>2346.372504</ele>
    </rtept>
    <rtept lat="28.436453" lon="83.838666">
      <ele>2347.522979</ele>
    </rtept>
    <rtept lat="28.436378" lon="83.838604">
      <ele>2348.486614</ele>
    </rtept>
    <rtept lat="28.436291" lon="83.838575">
      <ele>2349.365037</ele>
    </rtept>
    <rtept lat="28.436199" lon="83.838536">
      <ele>2351.056852</ele>
    </rtept>
    <rtept lat="28.436113" lon="83.838495">
      <ele>2352.174059</ele>
    </rtept>
    <rtept lat="28.43602" lon="83.838522">
      <ele>2353.019661</ele>
    </rtept>
    <rtept lat="28.435923" lon="83.838507">
      <ele>2350.438588</ele>
    </rtept>
    <rtept lat="28.435819" lon="83.838472">
      <ele>2349.624669</ele>
    </rtept>
    <rtept lat="28.435727" lon="83.838442">
      <ele>2348.535219</ele>
    </rtept>
    <rtept lat="28.435636" lon="83.838417">
      <ele>2348.425792</ele>
    </rtept>
    <rtept lat="28.435541" lon="83.838421">
      <ele>2347.498699</ele>
    </rtept>
    <rtept lat="28.435444" lon="83.838442">
      <ele>2347.118822</ele>
    </rtept>
    <rtept lat="28.43535" lon="83.838445">
      <ele>2344.62819</ele>
    </rtept>
    <rtept lat="28.435257" lon="83.838426">
      <ele>2345.598453</ele>
    </rtept>
    <rtept lat="28.435165" lon="83.838419">
      <ele>2344.558986</ele>
    </rtept>
    <rtept lat="28.435078" lon="83.838385">
      <ele>2341.014358</ele>
    </rtept>
    <rtept lat="28.434987" lon="83.838399">
      <ele>2346.198304</ele>
    </rtept>
    <rtept lat="28.4349" lon="83.838432">
      <ele>2340.475025</ele>
    </rtept>
    <rtept lat="28.434814" lon="83.838402">
      <ele>2340.233451</ele>
    </rtept>
    <rtept lat="28.434668" lon="83.838291">
      <ele>2339.431262</ele>
    </rtept>
    <rtept lat="28.434609" lon="83.838206">
      <ele>2337.543827</ele>
    </rtept>
    <rtept lat="28.434551" lon="83.838126">
      <ele>2334.024256</ele>
    </rtept>
    <rtept lat="28.434522" lon="83.838016">
      <ele>2331.417265</ele>
    </rtept>
    <rtept lat="28.434552" lon="83.837911">
      <ele>2328.862339</ele>
    </rtept>
    <rtept lat="28.434512" lon="83.837815">
      <ele>2326.179926</ele>
    </rtept>
    <rtept lat="28.434495" lon="83.837707">
      <ele>2321.479742</ele>
    </rtept>
    <rtept lat="28.434471" lon="83.837603">
      <ele>2321.395966</ele>
    </rtept>
    <rtept lat="28.434448" lon="83.8375">
      <ele>2318.967241</ele>
    </rtept>
    <rtept lat="28.434411" lon="83.837401">
      <ele>2318.382457</ele>
    </rtept>
    <rtept lat="28.434357" lon="83.837317">
      <ele>2316.89491</ele>
    </rtept>
    <rtept lat="28.434315" lon="83.83722">
      <ele>2316.075335</ele>
    </rtept>
    <rtept lat="28.434243" lon="83.837146">
      <ele>2314.814295</ele>
    </rtept>
    <rtept lat="28.434174" lon="83.837077">
      <ele>2311.80664</ele>
    </rtept>
    <rtept lat="28.434098" lon="83.837007">
      <ele>2309.825634</ele>
    </rtept>
    <rtept lat="28.434069" lon="83.836909">
      <ele>2310.319391</ele>
    </rtept>
    <rtept lat="28.434077" lon="83.836804">
      <ele>2307.71374</ele>
    </rtept>
    <rtept lat="28.434098" lon="83.836704">
      <ele>2304.954644</ele>
    </rtept>
    <rtept lat="28.434056" lon="83.836613">
      <ele>2305.66112</ele>
    </rtept>
    <rtept lat="28.433973" lon="83.836552">
      <ele>2303.409347</ele>
    </rtept>
    <rtept lat="28.433927" lon="83.836462">
      <ele>2299.974173</ele>
    </rtept>
    <rtept lat="28.433867" lon="83.836379">
      <ele>2295.311402</ele>
    </rtept>
    <rtept lat="28.433809" lon="83.836292">
      <ele>2291.781354</ele>
    </rtept>
    <rtept lat="28.433748" lon="83.836211">
      <ele>2285.278233</ele>
    </rtept>
    <rtept lat="28.433703" lon="83.836118">
      <ele>2280.60772</ele>
    </rtept>
    <rtept lat="28.433646" lon="83.836036">
      <ele>2276.679713</ele>
    </rtept>
    <rtept lat="28.433588" lon="83.835952">
      <ele>2270.005606</ele>
    </rtept>
    <rtept lat="28.433517" lon="83.835889">
      <ele>2264.96519</ele>
    </rtept>
    <rtept lat="28.433446" lon="83.835822">
      <ele>2261.388304</ele>
    </rtept>
    <rtept lat="28.433397" lon="83.835735">
      <ele>2258.960481</ele>
    </rtept>
    <rtept lat="28.433335" lon="83.83566">
      <ele>2253.13684</ele>
    </rtept>
    <rtept lat="28.433287" lon="83.835573">
      <ele>2249.42866</ele>
    </rtept>
    <rtept lat="28.433231" lon="83.83549">
      <ele>2245.47794</ele>
    </rtept>
    <rtept lat="28.433166" lon="83.835408">
      <ele>2242.641927</ele>
    </rtept>
    <rtept lat="28.433111" lon="83.835322">
      <ele>2240.146084</ele>
    </rtept>
    <rtept lat="28.433053" lon="83.835242">
      <ele>2237.629177</ele>
    </rtept>
    <rtept lat="28.432979" lon="83.835179">
      <ele>2234.554019</ele>
    </rtept>
    <rtept lat="28.432918" lon="83.8351">
      <ele>2232.643663</ele>
    </rtept>
    <rtept lat="28.432856" lon="83.835021">
      <ele>2229.188287</ele>
    </rtept>
    <rtept lat="28.432839" lon="83.83492">
      <ele>2225.440068</ele>
    </rtept>
    <rtept lat="28.432762" lon="83.834863">
      <ele>2225.103842</ele>
    </rtept>
    <rtept lat="28.432684" lon="83.83481">
      <ele>2223.482869</ele>
    </rtept>
    <rtept lat="28.432647" lon="83.834715">
      <ele>2223.098978</ele>
    </rtept>
    <rtept lat="28.432588" lon="83.834635">
      <ele>2221.462592</ele>
    </rtept>
    <rtept lat="28.432592" lon="83.834745">
      <ele>2219.007846</ele>
    </rtept>
    <rtept lat="28.432595" lon="83.834855">
      <ele>2216.781247</ele>
    </rtept>
    <rtept lat="28.432504" lon="83.834821">
      <ele>2209.866758</ele>
    </rtept>
    <rtept lat="28.432447" lon="83.83474">
      <ele>2208.650008</ele>
    </rtept>
    <rtept lat="28.43238" lon="83.834667">
      <ele>2204.856974</ele>
    </rtept>
    <rtept lat="28.432342" lon="83.834566">
      <ele>2201.466229</ele>
    </rtept>
    <rtept lat="28.432339" lon="83.834453">
      <ele>2200.977883</ele>
    </rtept>
    <rtept lat="28.432342" lon="83.83435">
      <ele>2199.200723</ele>
    </rtept>
    <rtept lat="28.432338" lon="83.834246">
      <ele>2197.913195</ele>
    </rtept>
    <rtept lat="28.432293" lon="83.834155">
      <ele>2196.848407</ele>
    </rtept>
    <rtept lat="28.432275" lon="83.834046">
      <ele>2194.236534</ele>
    </rtept>
    <rtept lat="28.432249" lon="83.833941">
      <ele>2193.374628</ele>
    </rtept>
    <rtept lat="28.432244" lon="83.833838">
      <ele>2193.116791</ele>
    </rtept>
    <rtept lat="28.432225" lon="83.833737">
      <ele>2192.106071</ele>
    </rtept>
    <rtept lat="28.432178" lon="83.833642">
      <ele>2192.170602</ele>
    </rtept>
    <rtept lat="28.432144" lon="83.833546">
      <ele>2192.31052</ele>
    </rtept>
    <rtept lat="28.432112" lon="83.83345">
      <ele>2191.182151</ele>
    </rtept>
    <rtept lat="28.432082" lon="83.833342">
      <ele>2191.535104</ele>
    </rtept>
    <rtept lat="28.432027" lon="83.833253">
      <ele>2189.664359</ele>
    </rtept>
    <rtept lat="28.431972" lon="83.833169">
      <ele>2187.822661</ele>
    </rtept>
    <rtept lat="28.431955" lon="83.833065">
      <ele>2185.726023</ele>
    </rtept>
    <rtept lat="28.431941" lon="83.832963">
      <ele>2185.211575</ele>
    </rtept>
    <rtept lat="28.431904" lon="83.83287">
      <ele>2182.304126</ele>
    </rtept>
    <rtept lat="28.431841" lon="83.832789">
      <ele>2179.348733</ele>
    </rtept>
    <rtept lat="28.431818" lon="83.83269">
      <ele>2178.115317</ele>
    </rtept>
    <rtept lat="28.431791" lon="83.83259">
      <ele>2177.075961</ele>
    </rtept>
    <rtept lat="28.431719" lon="83.832526">
      <ele>2174.505522</ele>
    </rtept>
    <rtept lat="28.431632" lon="83.832467">
      <ele>2169.075374</ele>
    </rtept>
    <rtept lat="28.431553" lon="83.832415">
      <ele>2167.744172</ele>
    </rtept>
    <rtept lat="28.431477" lon="83.832346">
      <ele>2166.814958</ele>
    </rtept>
    <rtept lat="28.431403" lon="83.832284">
      <ele>2164.48801</ele>
    </rtept>
    <rtept lat="28.431356" lon="83.832193">
      <ele>2164.758994</ele>
    </rtept>
    <rtept lat="28.431275" lon="83.83214">
      <ele>2165.20351</ele>
    </rtept>
    <rtept lat="28.431214" lon="83.832063">
      <ele>2164.236851</ele>
    </rtept>
    <rtept lat="28.431138" lon="83.832001">
      <ele>2162.194497</ele>
    </rtept>
    <rtept lat="28.431065" lon="83.831936">
      <ele>2160.50484</ele>
    </rtept>
    <rtept lat="28.430987" lon="83.831878">
      <ele>2157.252475</ele>
    </rtept>
    <rtept lat="28.430918" lon="83.831806">
      <ele>2153.371242</ele>
    </rtept>
    <rtept lat="28.430851" lon="83.831731">
      <ele>2149.590232</ele>
    </rtept>
    <rtept lat="28.430776" lon="83.831654">
      <ele>2148.215605</ele>
    </rtept>
    <rtept lat="28.430699" lon="83.831582">
      <ele>2144.778479</ele>
    </rtept>
    <rtept lat="28.430633" lon="83.83151">
      <ele>2145.394476</ele>
    </rtept>
    <rtept lat="28.43056" lon="83.831444">
      <ele>2143.906061</ele>
    </rtept>
    <rtept lat="28.430491" lon="83.831378">
      <ele>2141.338987</ele>
    </rtept>
    <rtept lat="28.430423" lon="83.831308">
      <ele>2140.208399</ele>
    </rtept>
    <rtept lat="28.430369" lon="83.831221">
      <ele>2138.886738</ele>
    </rtept>
    <rtept lat="28.430302" lon="83.831143">
      <ele>2136.489918</ele>
    </rtept>
    <rtept lat="28.430221" lon="83.831096">
      <ele>2132.983602</ele>
    </rtept>
    <rtept lat="28.430154" lon="83.831015">
      <ele>2133.171767</ele>
    </rtept>
    <rtept lat="28.430089" lon="83.830936">
      <ele>2131.73125</ele>
    </rtept>
    <rtept lat="28.430032" lon="83.830853">
      <ele>2132.048067</ele>
    </rtept>
    <rtept lat="28.429943" lon="83.830869">
      <ele>2127.72797</ele>
    </rtept>
    <rtept lat="28.429851" lon="83.830861">
      <ele>2124.505088</ele>
    </rtept>
    <rtept lat="28.429757" lon="83.830852">
      <ele>2122.117678</ele>
    </rtept>
    <rtept lat="28.42967" lon="83.830811">
      <ele>2121.001119</ele>
    </rtept>
    <rtept lat="28.429583" lon="83.830782">
      <ele>2120.924818</ele>
    </rtept>
    <rtept lat="28.429505" lon="83.830728">
      <ele>2119.768433</ele>
    </rtept>
    <rtept lat="28.429422" lon="83.830683">
      <ele>2117.950078</ele>
    </rtept>
    <rtept lat="28.42934" lon="83.830624">
      <ele>2117.586991</ele>
    </rtept>
    <rtept lat="28.429254" lon="83.83057">
      <ele>2116.720328</ele>
    </rtept>
    <rtept lat="28.429165" lon="83.830541">
      <ele>2114.463166</ele>
    </rtept>
    <rtept lat="28.429086" lon="83.830491">
      <ele>2113.306119</ele>
    </rtept>
    <rtept lat="28.428996" lon="83.830486">
      <ele>2105.004905</ele>
    </rtept>
    <rtept lat="28.428899" lon="83.830456">
      <ele>2102.17584</ele>
    </rtept>
    <rtept lat="28.428811" lon="83.830428">
      <ele>2101.069768</ele>
    </rtept>
    <rtept lat="28.42872" lon="83.830393">
      <ele>2101.180655</ele>
    </rtept>
    <rtept lat="28.428791" lon="83.830328">
      <ele>2086.633288</ele>
    </rtept>
    <rtept lat="28.428702" lon="83.830373">
      <ele>2088.541551</ele>
    </rtept>
    <rtept lat="28.428634" lon="83.830305">
      <ele>2095.913653</ele>
    </rtept>
    <rtept lat="28.428547" lon="83.830273">
      <ele>2097.394861</ele>
    </rtept>
    <rtept lat="28.428452" lon="83.830281">
      <ele>2093.104038</ele>
    </rtept>
    <rtept lat="28.428362" lon="83.83024">
      <ele>2093.080462</ele>
    </rtept>
    <rtept lat="28.428275" lon="83.830198">
      <ele>2090.984942</ele>
    </rtept>
    <rtept lat="28.428184" lon="83.830177">
      <ele>2089.200281</ele>
    </rtept>
    <rtept lat="28.428096" lon="83.830132">
      <ele>2085.730395</ele>
    </rtept>
    <rtept lat="28.428009" lon="83.830097">
      <ele>2082.795117</ele>
    </rtept>
    <rtept lat="28.427972" lon="83.829997">
      <ele>2078.781074</ele>
    </rtept>
    <rtept lat="28.428018" lon="83.829904">
      <ele>2078.026491</ele>
    </rtept>
    <rtept lat="28.428051" lon="83.829805">
      <ele>2076.017411</ele>
    </rtept>
    <rtept lat="28.428053" lon="83.829703">
      <ele>2070.235555</ele>
    </rtept>
    <rtept lat="28.428035" lon="83.8296">
      <ele>2069.899087</ele>
    </rtept>
    <rtept lat="28.428063" lon="83.8295">
      <ele>2069.892962</ele>
    </rtept>
    <rtept lat="28.428126" lon="83.829407">
      <ele>2069.110845</ele>
    </rtept>
    <rtept lat="28.42817" lon="83.829306">
      <ele>2070.002797</ele>
    </rtept>
    <rtept lat="28.428202" lon="83.829202">
      <ele>2066.045833</ele>
    </rtept>
    <rtept lat="28.4282" lon="83.829097">
      <ele>2062.826882</ele>
    </rtept>
    <rtept lat="28.428246" lon="83.829001">
      <ele>2062.329715</ele>
    </rtept>
    <rtept lat="28.428315" lon="83.828933">
      <ele>2062.456</ele>
    </rtept>
    <rtept lat="28.428383" lon="83.828864">
      <ele>2061.663939</ele>
    </rtept>
    <rtept lat="28.428434" lon="83.828775">
      <ele>2059.917753</ele>
    </rtept>
    <rtept lat="28.428381" lon="83.828689">
      <ele>2055.813195</ele>
    </rtept>
    <rtept lat="28.428431" lon="83.828601">
      <ele>2052.581288</ele>
    </rtept>
    <rtept lat="28.428439" lon="83.828499">
      <ele>2048.494992</ele>
    </rtept>
    <rtept lat="28.428484" lon="83.82841">
      <ele>2048.501349</ele>
    </rtept>
    <rtept lat="28.428535" lon="83.828318">
      <ele>2047.368191</ele>
    </rtept>
    <rtept lat="28.428602" lon="83.828248">
      <ele>2044.326137</ele>
    </rtept>
    <rtept lat="28.428648" lon="83.828158">
      <ele>2042.042605</ele>
    </rtept>
    <rtept lat="28.428702" lon="83.828073">
      <ele>2041.455027</ele>
    </rtept>
    <rtept lat="28.428767" lon="83.82798">
      <ele>2041.059465</ele>
    </rtept>
    <rtept lat="28.428822" lon="83.827892">
      <ele>2040.061588</ele>
    </rtept>
    <rtept lat="28.428896" lon="83.827821">
      <ele>2039.985603</ele>
    </rtept>
    <rtept lat="28.428971" lon="83.82776">
      <ele>2038.979979</ele>
    </rtept>
    <rtept lat="28.42904" lon="83.827672">
      <ele>2039.091689</ele>
    </rtept>
    <rtept lat="28.42908" lon="83.827576">
      <ele>2037.977349</ele>
    </rtept>
    <rtept lat="28.429108" lon="83.827478">
      <ele>2037.288313</ele>
    </rtept>
    <rtept lat="28.429127" lon="83.827373">
      <ele>2034.810334</ele>
    </rtept>
    <rtept lat="28.429135" lon="83.827264">
      <ele>2034.556085</ele>
    </rtept>
    <rtept lat="28.429127" lon="83.827156">
      <ele>2033.573838</ele>
    </rtept>
    <rtept lat="28.429114" lon="83.82705">
      <ele>2031.946616</ele>
    </rtept>
    <rtept lat="28.429102" lon="83.826948">
      <ele>2027.894683</ele>
    </rtept>
    <rtept lat="28.429056" lon="83.826855">
      <ele>2024.051818</ele>
    </rtept>
    <rtept lat="28.428981" lon="83.826796">
      <ele>2024.138497</ele>
    </rtept>
    <rtept lat="28.428931" lon="83.826705">
      <ele>2022.394135</ele>
    </rtept>
    <rtept lat="28.428897" lon="83.826604">
      <ele>2020.028085</ele>
    </rtept>
    <rtept lat="28.428885" lon="83.826501">
      <ele>2019.887076</ele>
    </rtept>
    <rtept lat="28.428819" lon="83.826415">
      <ele>2021.139705</ele>
    </rtept>
    <rtept lat="28.428755" lon="83.826336">
      <ele>2021.17277</ele>
    </rtept>
    <rtept lat="28.428662" lon="83.826326">
      <ele>2021.492865</ele>
    </rtept>
    <rtept lat="28.428573" lon="83.826373">
      <ele>2018.924649</ele>
    </rtept>
    <rtept lat="28.428488" lon="83.82642">
      <ele>2018.388501</ele>
    </rtept>
    <rtept lat="28.428398" lon="83.826439">
      <ele>2019.055722</ele>
    </rtept>
    <rtept lat="28.428303" lon="83.826446">
      <ele>2019.160758</ele>
    </rtept>
    <rtept lat="28.42829" lon="83.826335">
      <ele>2021.356538</ele>
    </rtept>
    <rtept lat="28.428283" lon="83.826232">
      <ele>2022.37655</ele>
    </rtept>
    <rtept lat="28.428281" lon="83.826124">
      <ele>2020.925205</ele>
    </rtept>
    <rtept lat="28.428272" lon="83.826018">
      <ele>2019.46553</ele>
    </rtept>
    <rtept lat="28.428233" lon="83.825912">
      <ele>2016.565053</ele>
    </rtept>
    <rtept lat="28.428218" lon="83.825809">
      <ele>2013.958247</ele>
    </rtept>
    <rtept lat="28.428214" lon="83.825702">
      <ele>2011.559954</ele>
    </rtept>
    <rtept lat="28.428168" lon="83.825614">
      <ele>2010.709074</ele>
    </rtept>
    <rtept lat="28.428141" lon="83.82551">
      <ele>2010.410579</ele>
    </rtept>
    <rtept lat="28.428124" lon="83.825397">
      <ele>2007.387762</ele>
    </rtept>
    <rtept lat="28.428092" lon="83.825298">
      <ele>2006.421527</ele>
    </rtept>
    <rtept lat="28.428085" lon="83.825192">
      <ele>2004.073845</ele>
    </rtept>
    <rtept lat="28.42808" lon="83.82508">
      <ele>2002.286146</ele>
    </rtept>
    <rtept lat="28.428061" lon="83.824974">
      <ele>2002.141433</ele>
    </rtept>
    <rtept lat="28.428051" lon="83.82487">
      <ele>2000.790097</ele>
    </rtept>
    <rtept lat="28.428078" lon="83.824762">
      <ele>1998.079457</ele>
    </rtept>
    <rtept lat="28.428035" lon="83.824669">
      <ele>1993.012145</ele>
    </rtept>
    <rtept lat="28.428012" lon="83.824568">
      <ele>1988.690666</ele>
    </rtept>
    <rtept lat="28.428032" lon="83.824465">
      <ele>1984.184265</ele>
    </rtept>
    <rtept lat="28.428108" lon="83.824392">
      <ele>1977.414884</ele>
    </rtept>
    <rtept lat="28.428202" lon="83.824399">
      <ele>1976.730167</ele>
    </rtept>
    <rtept lat="28.428293" lon="83.824358">
      <ele>1976.068763</ele>
    </rtept>
    <rtept lat="28.428356" lon="83.824284">
      <ele>1980.341083</ele>
    </rtept>
    <rtept lat="28.428396" lon="83.824187">
      <ele>1981.533632</ele>
    </rtept>
    <rtept lat="28.428347" lon="83.8241">
      <ele>1979.577765</ele>
    </rtept>
    <rtept lat="28.428362" lon="83.823997">
      <ele>1974.670157</ele>
    </rtept>
    <rtept lat="28.428424" lon="83.823918">
      <ele>1974.060791</ele>
    </rtept>
    <rtept lat="28.428332" lon="83.823908">
      <ele>1972.903994</ele>
    </rtept>
    <rtept lat="28.428266" lon="83.823838">
      <ele>1964.550693</ele>
    </rtept>
    <rtept lat="28.428257" lon="83.823733">
      <ele>1959.077941</ele>
    </rtept>
    <rtept lat="28.428171" lon="83.823775">
      <ele>1954.354085</ele>
    </rtept>
    <rtept lat="28.428175" lon="83.823673">
      <ele>1949.535031</ele>
    </rtept>
    <rtept lat="28.428217" lon="83.823582">
      <ele>1944.822017</ele>
    </rtept>
    <rtept lat="28.428208" lon="83.823474">
      <ele>1940.713221</ele>
    </rtept>
    <rtept lat="28.428116" lon="83.823456">
      <ele>1932.121113</ele>
    </rtept>
    <rtept lat="28.428158" lon="83.823364">
      <ele>1929.103646</ele>
    </rtept>
    <rtept lat="28.428163" lon="83.82326">
      <ele>1924.772527</ele>
    </rtept>
    <rtept lat="28.428156" lon="83.823156">
      <ele>1919.366695</ele>
    </rtept>
    <rtept lat="28.42818" lon="83.823056">
      <ele>1913.713003</ele>
    </rtept>
    <rtept lat="28.428249" lon="83.82299">
      <ele>1911.02299</ele>
    </rtept>
    <rtept lat="28.428304" lon="83.822908">
      <ele>1910.103199</ele>
    </rtept>
    <rtept lat="28.428358" lon="83.822826">
      <ele>1907.991213</ele>
    </rtept>
    <rtept lat="28.428402" lon="83.822733">
      <ele>1904.542703</ele>
    </rtept>
    <rtept lat="28.428345" lon="83.822644">
      <ele>1900.361012</ele>
    </rtept>
    <rtept lat="28.428284" lon="83.822567">
      <ele>1899.409591</ele>
    </rtept>
    <rtept lat="28.42828" lon="83.822459">
      <ele>1892.911773</ele>
    </rtept>
    <rtept lat="28.428214" lon="83.822384">
      <ele>1889.448994</ele>
    </rtept>
    <rtept lat="28.428135" lon="83.822316">
      <ele>1887.546397</ele>
    </rtept>
    <rtept lat="28.428115" lon="83.822215">
      <ele>1886.110725</ele>
    </rtept>
    <rtept lat="28.428142" lon="83.822106">
      <ele>1884.652055</ele>
    </rtept>
    <rtept lat="28.428135" lon="83.821996">
      <ele>1883.821497</ele>
    </rtept>
    <rtept lat="28.428122" lon="83.821891">
      <ele>1880.976232</ele>
    </rtept>
    <rtept lat="28.428197" lon="83.821824">
      <ele>1879.579387</ele>
    </rtept>
    <rtept lat="28.428206" lon="83.821719">
      <ele>1880.064694</ele>
    </rtept>
    <rtept lat="28.428157" lon="83.821621">
      <ele>1878.899301</ele>
    </rtept>
    <rtept lat="28.4281" lon="83.82154">
      <ele>1877.779111</ele>
    </rtept>
    <rtept lat="28.428053" lon="83.821443">
      <ele>1878.469606</ele>
    </rtept>
    <rtept lat="28.427994" lon="83.821362">
      <ele>1879.382881</ele>
    </rtept>
    <rtept lat="28.42794" lon="83.821277">
      <ele>1882.530796</ele>
    </rtept>
    <rtept lat="28.42789" lon="83.82119">
      <ele>1885.253693</ele>
    </rtept>
    <rtept lat="28.427859" lon="83.821089">
      <ele>1888.470801</ele>
    </rtept>
    <rtept lat="28.427778" lon="83.821139">
      <ele>1902.044674</ele>
    </rtept>
    <rtept lat="28.427697" lon="83.821185">
      <ele>1901.865176</ele>
    </rtept>
    <rtept lat="28.427696" lon="83.821082">
      <ele>1903.647525</ele>
    </rtept>
    <rtept lat="28.427601" lon="83.821119">
      <ele>1904.634499</ele>
    </rtept>
    <rtept lat="28.427509" lon="83.821098">
      <ele>1905.15287</ele>
    </rtept>
    <rtept lat="28.427533" lon="83.820999">
      <ele>1905.560929</ele>
    </rtept>
    <rtept lat="28.427589" lon="83.820918">
      <ele>1908.087842</ele>
    </rtept>
    <rtept lat="28.427581" lon="83.820804">
      <ele>1919.376827</ele>
    </rtept>
    <rtept lat="28.427484" lon="83.820811">
      <ele>1923.810665</ele>
    </rtept>
    <rtept lat="28.427392" lon="83.820792">
      <ele>1923.730254</ele>
    </rtept>
    <rtept lat="28.427385" lon="83.820684">
      <ele>1925.894216</ele>
    </rtept>
    <rtept lat="28.427408" lon="83.820582">
      <ele>1928.160908</ele>
    </rtept>
    <rtept lat="28.427376" lon="83.820481">
      <ele>1927.500914</ele>
    </rtept>
    <rtept lat="28.427334" lon="83.820389">
      <ele>1924.468998</ele>
    </rtept>
    <rtept lat="28.427266" lon="83.820321">
      <ele>1930.155441</ele>
    </rtept>
    <rtept lat="28.427177" lon="83.820284">
      <ele>1942.058665</ele>
    </rtept>
    <rtept lat="28.427103" lon="83.820223">
      <ele>1946.008072</ele>
    </rtept>
    <rtept lat="28.427022" lon="83.82017">
      <ele>1947.727661</ele>
    </rtept>
    <rtept lat="28.426954" lon="83.820101">
      <ele>1947.917555</ele>
    </rtept>
    <rtept lat="28.426894" lon="83.820021">
      <ele>1948.64655</ele>
    </rtept>
    <rtept lat="28.426838" lon="83.81994">
      <ele>1952.191464</ele>
    </rtept>
    <rtept lat="28.426759" lon="83.81988">
      <ele>1955.701122</ele>
    </rtept>
    <rtept lat="28.426782" lon="83.819767">
      <ele>1957.156036</ele>
    </rtept>
    <rtept lat="28.426708" lon="83.819707">
      <ele>1962.085078</ele>
    </rtept>
    <rtept lat="28.426639" lon="83.81964">
      <ele>1967.249025</ele>
    </rtept>
    <rtept lat="28.426589" lon="83.81955">
      <ele>1967.97418</ele>
    </rtept>
    <rtept lat="28.426513" lon="83.81949">
      <ele>1968.787796</ele>
    </rtept>
    <rtept lat="28.426439" lon="83.819559">
      <ele>1969.102425</ele>
    </rtept>
    <rtept lat="28.426397" lon="83.819454">
      <ele>1967.393318</ele>
    </rtept>
    <rtept lat="28.426339" lon="83.819373">
      <ele>1969.310334</ele>
    </rtept>
    <rtept lat="28.426271" lon="83.819305">
      <ele>1968.258953</ele>
    </rtept>
    <rtept lat="28.426181" lon="83.819266">
      <ele>1968.562889</ele>
    </rtept>
    <rtept lat="28.426085" lon="83.819262">
      <ele>1970.327292</ele>
    </rtept>
    <rtept lat="28.426028" lon="83.819167">
      <ele>1970.145394</ele>
    </rtept>
    <rtept lat="28.425976" lon="83.819078">
      <ele>1971.040727</ele>
    </rtept>
    <rtept lat="28.42588" lon="83.819092">
      <ele>1970.272394</ele>
    </rtept>
    <rtept lat="28.425819" lon="83.81917">
      <ele>1970.276762</ele>
    </rtept>
    <rtept lat="28.425734" lon="83.819222">
      <ele>1969.242176</ele>
    </rtept>
    <rtept lat="28.425656" lon="83.819159">
      <ele>1969.767883</ele>
    </rtept>
    <rtept lat="28.425579" lon="83.819097">
      <ele>1971.33213</ele>
    </rtept>
    <rtept lat="28.425528" lon="83.819012">
      <ele>1970.821401</ele>
    </rtept>
    <rtept lat="28.425459" lon="83.818941">
      <ele>1971.948278</ele>
    </rtept>
    <rtept lat="28.425361" lon="83.818907">
      <ele>1972.114468</ele>
    </rtept>
    <rtept lat="28.425266" lon="83.81889">
      <ele>1973.12123</ele>
    </rtept>
    <rtept lat="28.425183" lon="83.81883">
      <ele>1975.827815</ele>
    </rtept>
    <rtept lat="28.425095" lon="83.818785">
      <ele>1981.355031</ele>
    </rtept>
    <rtept lat="28.425069" lon="83.818686">
      <ele>1984.829648</ele>
    </rtept>
    <rtept lat="28.425009" lon="83.818601">
      <ele>1986.525607</ele>
    </rtept>
    <rtept lat="28.424931" lon="83.81866">
      <ele>1986.298492</ele>
    </rtept>
    <rtept lat="28.42484" lon="83.818664">
      <ele>1988.300916</ele>
    </rtept>
    <rtept lat="28.424774" lon="83.818591">
      <ele>1989.058577</ele>
    </rtept>
    <rtept lat="28.424711" lon="83.818511">
      <ele>1991.150213</ele>
    </rtept>
    <rtept lat="28.424679" lon="83.818411">
      <ele>1992.644356</ele>
    </rtept>
    <rtept lat="28.424613" lon="83.81833">
      <ele>1999.19397</ele>
    </rtept>
    <rtept lat="28.424545" lon="83.818261">
      <ele>2003.918457</ele>
    </rtept>
    <rtept lat="28.424483" lon="83.818179">
      <ele>2005.397025</ele>
    </rtept>
    <rtept lat="28.424389" lon="83.818139">
      <ele>2010.760507</ele>
    </rtept>
    <rtept lat="28.424293" lon="83.818147">
      <ele>2012.964945</ele>
    </rtept>
    <rtept lat="28.424205" lon="83.818182">
      <ele>2013.402395</ele>
    </rtept>
    <rtept lat="28.424108" lon="83.818181">
      <ele>2012.722657</ele>
    </rtept>
    <rtept lat="28.424023" lon="83.818147">
      <ele>2013.005851</ele>
    </rtept>
    <rtept lat="28.423934" lon="83.818126">
      <ele>2014.260363</ele>
    </rtept>
    <rtept lat="28.423891" lon="83.818027">
      <ele>2016.654345</ele>
    </rtept>
    <rtept lat="28.423797" lon="83.818005">
      <ele>2018.978319</ele>
    </rtept>
    <rtept lat="28.423707" lon="83.81799">
      <ele>2019.164422</ele>
    </rtept>
    <rtept lat="28.42362" lon="83.817957">
      <ele>2020.249874</ele>
    </rtept>
    <rtept lat="28.423566" lon="83.817875">
      <ele>2021.167128</ele>
    </rtept>
    <rtept lat="28.423512" lon="83.817792">
      <ele>2020.713728</ele>
    </rtept>
    <rtept lat="28.423462" lon="83.817706">
      <ele>2020.757982</ele>
    </rtept>
    <rtept lat="28.423404" lon="83.817693">
      <ele>2020.742871</ele>
    </rtept>
    <rtept lat="28.423321" lon="83.817652">
      <ele>2021.075644</ele>
    </rtept>
    <rtept lat="28.423252" lon="83.817722">
      <ele>2021.425786</ele>
    </rtept>
    <rtept lat="28.423162" lon="83.817736">
      <ele>2023.003677</ele>
    </rtept>
    <rtept lat="28.423072" lon="83.817713">
      <ele>2029.311356</ele>
    </rtept>
    <rtept lat="28.422981" lon="83.817747">
      <ele>2039.295532</ele>
    </rtept>
    <rtept lat="28.422886" lon="83.817728">
      <ele>2041.038665</ele>
    </rtept>
    <rtept lat="28.422794" lon="83.817721">
      <ele>2042.543226</ele>
    </rtept>
    <rtept lat="28.422704" lon="83.817684">
      <ele>2045.057709</ele>
    </rtept>
    <rtept lat="28.422628" lon="83.817623">
      <ele>2049.493237</ele>
    </rtept>
    <rtept lat="28.422551" lon="83.817563">
      <ele>2052.395063</ele>
    </rtept>
    <rtept lat="28.42248" lon="83.817492">
      <ele>2053.683551</ele>
    </rtept>
    <rtept lat="28.422393" lon="83.817447">
      <ele>2054.245387</ele>
    </rtept>
    <rtept lat="28.422296" lon="83.81743">
      <ele>2060.283025</ele>
    </rtept>
    <rtept lat="28.422208" lon="83.817403">
      <ele>2066.987345</ele>
    </rtept>
    <rtept lat="28.422127" lon="83.817354">
      <ele>2071.744668</ele>
    </rtept>
    <rtept lat="28.422036" lon="83.817311">
      <ele>2076.069314</ele>
    </rtept>
    <rtept lat="28.422001" lon="83.817216">
      <ele>2080.734188</ele>
    </rtept>
    <rtept lat="28.421949" lon="83.817131">
      <ele>2088.422941</ele>
    </rtept>
    <rtept lat="28.421858" lon="83.817099">
      <ele>2092.149402</ele>
    </rtept>
    <rtept lat="28.421817" lon="83.817001">
      <ele>2095.595137</ele>
    </rtept>
    <rtept lat="28.421772" lon="83.817097">
      <ele>2095.666752</ele>
    </rtept>
    <rtept lat="28.42168" lon="83.817108">
      <ele>2094.984207</ele>
    </rtept>
    <rtept lat="28.421602" lon="83.81717">
      <ele>2094.161262</ele>
    </rtept>
    <rtept lat="28.421513" lon="83.817226">
      <ele>2097.300639</ele>
    </rtept>
    <rtept lat="28.421414" lon="83.817232">
      <ele>2101.144492</ele>
    </rtept>
    <rtept lat="28.421326" lon="83.817282">
      <ele>2107.34693</ele>
    </rtept>
    <rtept lat="28.421247" lon="83.817333">
      <ele>2111.074623</ele>
    </rtept>
    <rtept lat="28.421203" lon="83.817422">
      <ele>2113.726871</ele>
    </rtept>
    <rtept lat="28.421105" lon="83.817423">
      <ele>2117.089051</ele>
    </rtept>
    <rtept lat="28.421008" lon="83.817418">
      <ele>2125.24259</ele>
    </rtept>
    <rtept lat="28.420956" lon="83.817516">
      <ele>2130.032892</ele>
    </rtept>
    <rtept lat="28.420932" lon="83.817615">
      <ele>2131.010411</ele>
    </rtept>
    <rtept lat="28.420838" lon="83.817593">
      <ele>2135.366422</ele>
    </rtept>
    <rtept lat="28.420807" lon="83.817493">
      <ele>2138.494373</ele>
    </rtept>
    <rtept lat="28.420717" lon="83.817524">
      <ele>2142.883573</ele>
    </rtept>
    <rtept lat="28.420631" lon="83.817557">
      <ele>2147.525958</ele>
    </rtept>
    <rtept lat="28.420542" lon="83.817599">
      <ele>2149.895424</ele>
    </rtept>
    <rtept lat="28.420446" lon="83.817626">
      <ele>2149.492148</ele>
    </rtept>
    <rtept lat="28.420354" lon="83.817625">
      <ele>2150.37396</ele>
    </rtept>
    <rtept lat="28.420263" lon="83.817664">
      <ele>2152.684832</ele>
    </rtept>
    <rtept lat="28.420173" lon="83.817689">
      <ele>2156.630383</ele>
    </rtept>
    <rtept lat="28.420083" lon="83.817697">
      <ele>2159.83506</ele>
    </rtept>
    <rtept lat="28.419989" lon="83.817713">
      <ele>2160.192145</ele>
    </rtept>
    <rtept lat="28.419903" lon="83.817682">
      <ele>2161.602395</ele>
    </rtept>
    <rtept lat="28.41981" lon="83.817676">
      <ele>2165.278124</ele>
    </rtept>
    <rtept lat="28.419725" lon="83.817713">
      <ele>2172.719195</ele>
    </rtept>
    <rtept lat="28.419647" lon="83.817767">
      <ele>2176.59022</ele>
    </rtept>
    <rtept lat="28.419555" lon="83.817744">
      <ele>2177.626331</ele>
    </rtept>
    <rtept lat="28.419466" lon="83.817762">
      <ele>2177.302292</ele>
    </rtept>
    <rtept lat="28.419376" lon="83.817794">
      <ele>2179.216295</ele>
    </rtept>
    <rtept lat="28.419295" lon="83.817851">
      <ele>2177.557456</ele>
    </rtept>
    <rtept lat="28.419212" lon="83.817897">
      <ele>2178.380351</ele>
    </rtept>
    <rtept lat="28.41912" lon="83.817879">
      <ele>2180.314198</ele>
    </rtept>
    <rtept lat="28.419038" lon="83.817923">
      <ele>2181.221844</ele>
    </rtept>
    <rtept lat="28.418954" lon="83.817962">
      <ele>2182.848977</ele>
    </rtept>
    <rtept lat="28.418863" lon="83.81796">
      <ele>2183.952302</ele>
    </rtept>
    <rtept lat="28.418799" lon="83.818038">
      <ele>2187.398391</ele>
    </rtept>
    <rtept lat="28.418727" lon="83.818104">
      <ele>2191.394791</ele>
    </rtept>
    <rtept lat="28.41864" lon="83.818138">
      <ele>2195.173571</ele>
    </rtept>
    <rtept lat="28.418551" lon="83.818171">
      <ele>2197.53553</ele>
    </rtept>
    <rtept lat="28.418463" lon="83.818197">
      <ele>2199.979525</ele>
    </rtept>
    <rtept lat="28.418402" lon="83.818273">
      <ele>2201.033641</ele>
    </rtept>
    <rtept lat="28.418331" lon="83.818339">
      <ele>2202.777805</ele>
    </rtept>
    <rtept lat="28.418237" lon="83.818333">
      <ele>2205.254322</ele>
    </rtept>
    <rtept lat="28.418145" lon="83.818332">
      <ele>2211.225294</ele>
    </rtept>
    <rtept lat="28.418053" lon="83.818361">
      <ele>2215.929215</ele>
    </rtept>
    <rtept lat="28.417988" lon="83.81827">
      <ele>2222.358332</ele>
    </rtept>
    <rtept lat="28.41793" lon="83.818349">
      <ele>2222.746527</ele>
    </rtept>
    <rtept lat="28.417899" lon="83.818446">
      <ele>2224.436102</ele>
    </rtept>
    <rtept lat="28.417877" lon="83.818555">
      <ele>2224.096231</ele>
    </rtept>
    <rtept lat="28.417812" lon="83.818627">
      <ele>2223.535711</ele>
    </rtept>
    <rtept lat="28.417735" lon="83.818693">
      <ele>2222.630939</ele>
    </rtept>
    <rtept lat="28.417644" lon="83.818741">
      <ele>2223.90748</ele>
    </rtept>
    <rtept lat="28.417554" lon="83.818719">
      <ele>2224.147958</ele>
    </rtept>
    <rtept lat="28.417464" lon="83.818681">
      <ele>2227.02454</ele>
    </rtept>
    <rtept lat="28.417371" lon="83.818684">
      <ele>2230.194873</ele>
    </rtept>
    <rtept lat="28.41728" lon="83.818676">
      <ele>2230.481593</ele>
    </rtept>
    <rtept lat="28.417185" lon="83.818669">
      <ele>2230.871628</ele>
    </rtept>
    <rtept lat="28.417107" lon="83.818612">
      <ele>2231.354273</ele>
    </rtept>
    <rtept lat="28.417038" lon="83.818536">
      <ele>2234.510976</ele>
    </rtept>
    <rtept lat="28.416976" lon="83.818459">
      <ele>2236.794043</ele>
    </rtept>
    <rtept lat="28.416929" lon="83.81837">
      <ele>2239.3778</ele>
    </rtept>
    <rtept lat="28.416836" lon="83.818343">
      <ele>2241.797765</ele>
    </rtept>
    <rtept lat="28.41674" lon="83.818366">
      <ele>2244.044094</ele>
    </rtept>
    <rtept lat="28.41665" lon="83.818384">
      <ele>2242.915066</ele>
    </rtept>
    <rtept lat="28.416561" lon="83.818419">
      <ele>2239.725415</ele>
    </rtept>
    <rtept lat="28.41647" lon="83.818421">
      <ele>2239.147071</ele>
    </rtept>
    <rtept lat="28.416379" lon="83.818446">
      <ele>2236.933393</ele>
    </rtept>
    <rtept lat="28.416296" lon="83.818491">
      <ele>2233.555168</ele>
    </rtept>
    <rtept lat="28.416216" lon="83.818552">
      <ele>2231.631115</ele>
    </rtept>
    <rtept lat="28.416128" lon="83.818602">
      <ele>2230.074007</ele>
    </rtept>
    <rtept lat="28.416052" lon="83.818656">
      <ele>2230.78957</ele>
    </rtept>
    <rtept lat="28.415983" lon="83.818724">
      <ele>2226.261623</ele>
    </rtept>
    <rtept lat="28.415953" lon="83.818823">
      <ele>2223.778528</ele>
    </rtept>
    <rtept lat="28.415873" lon="83.818889">
      <ele>2222.660027</ele>
    </rtept>
    <rtept lat="28.415815" lon="83.818969">
      <ele>2220.936575</ele>
    </rtept>
    <rtept lat="28.415763" lon="83.819053">
      <ele>2219.788984</ele>
    </rtept>
    <rtept lat="28.415701" lon="83.81913">
      <ele>2218.694061</ele>
    </rtept>
    <rtept lat="28.415696" lon="83.819234">
      <ele>2219.01552</ele>
    </rtept>
    <rtept lat="28.415613" lon="83.819194">
      <ele>2216.913205</ele>
    </rtept>
    <rtept lat="28.41554" lon="83.819124">
      <ele>2216.826818</ele>
    </rtept>
    <rtept lat="28.41545" lon="83.819107">
      <ele>2214.965375</ele>
    </rtept>
    <rtept lat="28.415361" lon="83.819081">
      <ele>2212.147467</ele>
    </rtept>
    <rtept lat="28.415274" lon="83.819034">
      <ele>2211.06989</ele>
    </rtept>
    <rtept lat="28.415177" lon="83.81902">
      <ele>2208.265989</ele>
    </rtept>
    <rtept lat="28.41508" lon="83.819002">
      <ele>2203.688105</ele>
    </rtept>
    <rtept lat="28.414987" lon="83.819019">
      <ele>2201.826716</ele>
    </rtept>
    <rtept lat="28.414894" lon="83.819011">
      <ele>2196.787598</ele>
    </rtept>
    <rtept lat="28.414805" lon="83.818986">
      <ele>2192.869737</ele>
    </rtept>
    <rtept lat="28.414722" lon="83.818938">
      <ele>2190.216326</ele>
    </rtept>
    <rtept lat="28.414637" lon="83.818883">
      <ele>2188.682113</ele>
    </rtept>
    <rtept lat="28.414572" lon="83.818808">
      <ele>2187.145577</ele>
    </rtept>
    <rtept lat="28.414494" lon="83.818747">
      <ele>2184.899657</ele>
    </rtept>
    <rtept lat="28.414412" lon="83.818692">
      <ele>2184.606315</ele>
    </rtept>
    <rtept lat="28.414316" lon="83.818677">
      <ele>2182.706099</ele>
    </rtept>
    <rtept lat="28.414224" lon="83.818654">
      <ele>2179.452696</ele>
    </rtept>
    <rtept lat="28.414128" lon="83.818657">
      <ele>2174.196986</ele>
    </rtept>
    <rtept lat="28.414064" lon="83.818731">
      <ele>2167.805323</ele>
    </rtept>
    <rtept lat="28.413997" lon="83.818811">
      <ele>2160.22183</ele>
    </rtept>
    <rtept lat="28.41392" lon="83.818755">
      <ele>2155.86715</ele>
    </rtept>
    <rtept lat="28.413906" lon="83.818653">
      <ele>2154.319933</ele>
    </rtept>
    <rtept lat="28.413859" lon="83.818564">
      <ele>2149.939734</ele>
    </rtept>
    <rtept lat="28.413825" lon="83.818469">
      <ele>2147.196454</ele>
    </rtept>
    <rtept lat="28.41381" lon="83.818365">
      <ele>2144.062764</ele>
    </rtept>
    <rtept lat="28.413755" lon="83.818448">
      <ele>2140.727942</ele>
    </rtept>
    <rtept lat="28.413713" lon="83.818358">
      <ele>2137.966391</ele>
    </rtept>
    <rtept lat="28.413622" lon="83.818346">
      <ele>2132.426894</ele>
    </rtept>
    <rtept lat="28.413622" lon="83.818237">
      <ele>2128.773645</ele>
    </rtept>
    <rtept lat="28.413582" lon="83.818339">
      <ele>2126.216919</ele>
    </rtept>
    <rtept lat="28.413521" lon="83.818416">
      <ele>2122.240275</ele>
    </rtept>
    <rtept lat="28.413499" lon="83.81852">
      <ele>2121.535575</ele>
    </rtept>
    <rtept lat="28.413457" lon="83.818618">
      <ele>2118.769119</ele>
    </rtept>
    <rtept lat="28.413386" lon="83.818692">
      <ele>2114.562996</ele>
    </rtept>
    <rtept lat="28.413311" lon="83.818757">
      <ele>2104.980062</ele>
    </rtept>
    <rtept lat="28.413218" lon="83.818747">
      <ele>2096.790231</ele>
    </rtept>
    <rtept lat="28.413176" lon="83.818839">
      <ele>2092.118965</ele>
    </rtept>
    <rtept lat="28.413157" lon="83.81894">
      <ele>2089.669841</ele>
    </rtept>
    <rtept lat="28.41308" lon="83.819">
      <ele>2082.367908</ele>
    </rtept>
    <rtept lat="28.412997" lon="83.81896">
      <ele>2080.122939</ele>
    </rtept>
    <rtept lat="28.412937" lon="83.818878">
      <ele>2076.934223</ele>
    </rtept>
    <rtept lat="28.412896" lon="83.818971">
      <ele>2074.729459</ele>
    </rtept>
    <rtept lat="28.412902" lon="83.819079">
      <ele>2072.999751</ele>
    </rtept>
    <rtept lat="28.412831" lon="83.819017">
      <ele>2065.304508</ele>
    </rtept>
    <rtept lat="28.412808" lon="83.818913">
      <ele>2060.260574</ele>
    </rtept>
    <rtept lat="28.412762" lon="83.819003">
      <ele>2054.079117</ele>
    </rtept>
    <rtept lat="28.412732" lon="83.819101">
      <ele>2053.510184</ele>
    </rtept>
    <rtept lat="28.412763" lon="83.819199">
      <ele>2048.786268</ele>
    </rtept>
    <rtept lat="28.412677" lon="83.81917">
      <ele>2048.063628</ele>
    </rtept>
    <rtept lat="28.412585" lon="83.819159">
      <ele>2044.810208</ele>
    </rtept>
    <rtept lat="28.412516" lon="83.819228">
      <ele>2040.290334</ele>
    </rtept>
    <rtept lat="28.412433" lon="83.819282">
      <ele>2036.616218</ele>
    </rtept>
    <rtept lat="28.412361" lon="83.819213">
      <ele>2032.215735</ele>
    </rtept>
    <rtept lat="28.412299" lon="83.819135">
      <ele>2031.236101</ele>
    </rtept>
    <rtept lat="28.412282" lon="83.819244">
      <ele>2028.133049</ele>
    </rtept>
    <rtept lat="28.41231" lon="83.819346">
      <ele>2024.313724</ele>
    </rtept>
    <rtept lat="28.412348" lon="83.819445">
      <ele>2018.809826</ele>
    </rtept>
    <rtept lat="28.41228" lon="83.819523">
      <ele>2015.37332</ele>
    </rtept>
    <rtept lat="28.412294" lon="83.819634">
      <ele>2010.299605</ele>
    </rtept>
    <rtept lat="28.412347" lon="83.819718">
      <ele>2007.864381</ele>
    </rtept>
    <rtept lat="28.412256" lon="83.819711">
      <ele>2012.093987</ele>
    </rtept>
    <rtept lat="28.412176" lon="83.819658">
      <ele>2006.659417</ele>
    </rtept>
    <rtept lat="28.412126" lon="83.819748">
      <ele>2006.179051</ele>
    </rtept>
    <rtept lat="28.41211" lon="83.81985">
      <ele>2006.380041</ele>
    </rtept>
    <rtept lat="28.412024" lon="83.819806">
      <ele>1997.78687</ele>
    </rtept>
    <rtept lat="28.411972" lon="83.819894">
      <ele>1996.761941</ele>
    </rtept>
    <rtept lat="28.412045" lon="83.819957">
      <ele>1987.473894</ele>
    </rtept>
    <rtept lat="28.412103" lon="83.820036">
      <ele>1987.114688</ele>
    </rtept>
    <rtept lat="28.412178" lon="83.820096">
      <ele>1980.499967</ele>
    </rtept>
    <rtept lat="28.412139" lon="83.820193">
      <ele>1984.716933</ele>
    </rtept>
    <rtept lat="28.4122" lon="83.820276">
      <ele>1975.631121</ele>
    </rtept>
    <rtept lat="28.412106" lon="83.820259">
      <ele>1970.256876</ele>
    </rtept>
    <rtept lat="28.412162" lon="83.820346">
      <ele>1965.214637</ele>
    </rtept>
    <rtept lat="28.412164" lon="83.82045">
      <ele>1957.956865</ele>
    </rtept>
    <rtept lat="28.412078" lon="83.820483">
      <ele>1958.596723</ele>
    </rtept>
    <rtept lat="28.411985" lon="83.82047">
      <ele>1954.044618</ele>
    </rtept>
    <rtept lat="28.412009" lon="83.820571">
      <ele>1947.395522</ele>
    </rtept>
    <rtept lat="28.412051" lon="83.820663">
      <ele>1945.879317</ele>
    </rtept>
    <rtept lat="28.412143" lon="83.820693">
      <ele>1940.516747</ele>
    </rtept>
    <rtept lat="28.41205" lon="83.820686">
      <ele>1941.570838</ele>
    </rtept>
    <rtept lat="28.412098" lon="83.820781">
      <ele>1937.919493</ele>
    </rtept>
    <rtept lat="28.412169" lon="83.820847">
      <ele>1933.179153</ele>
    </rtept>
    <rtept lat="28.412075" lon="83.820855">
      <ele>1927.516144</ele>
    </rtept>
    <rtept lat="28.411986" lon="83.820828">
      <ele>1924.297718</ele>
    </rtept>
    <rtept lat="28.412038" lon="83.820927">
      <ele>1918.665109</ele>
    </rtept>
    <rtept lat="28.412022" lon="83.821031">
      <ele>1913.720517</ele>
    </rtept>
    <rtept lat="28.411935" lon="83.821064">
      <ele>1911.907976</ele>
    </rtept>
    <rtept lat="28.411851" lon="83.821119">
      <ele>1908.129737</ele>
    </rtept>
    <rtept lat="28.411811" lon="83.821215">
      <ele>1904.720899</ele>
    </rtept>
    <rtept lat="28.411785" lon="83.821316">
      <ele>1900.792687</ele>
    </rtept>
    <rtept lat="28.411736" lon="83.821402">
      <ele>1895.496889</ele>
    </rtept>
    <rtept lat="28.411739" lon="83.821504">
      <ele>1896.246541</ele>
    </rtept>
    <rtept lat="28.411664" lon="83.821565">
      <ele>1891.445652</ele>
    </rtept>
    <rtept lat="28.411631" lon="83.821662">
      <ele>1879.290814</ele>
    </rtept>
    <rtept lat="28.411605" lon="83.821761">
      <ele>1878.435742</ele>
    </rtept>
    <rtept lat="28.411511" lon="83.821745">
      <ele>1879.593053</ele>
    </rtept>
    <rtept lat="28.411468" lon="83.82165">
      <ele>1878.351893</ele>
    </rtept>
    <rtept lat="28.411436" lon="83.821553">
      <ele>1878.085112</ele>
    </rtept>
    <rtept lat="28.411422" lon="83.821448">
      <ele>1877.591548</ele>
    </rtept>
    <rtept lat="28.4114" lon="83.821337">
      <ele>1877.765606</ele>
    </rtept>
    <rtept lat="28.411379" lon="83.821229">
      <ele>1877.230747</ele>
    </rtept>
    <rtept lat="28.411345" lon="83.821132">
      <ele>1876.071379</ele>
    </rtept>
    <rtept lat="28.411299" lon="83.821034">
      <ele>1874.808427</ele>
    </rtept>
    <rtept lat="28.411239" lon="83.821113">
      <ele>1864.662748</ele>
    </rtept>
    <rtept lat="28.411209" lon="83.821209">
      <ele>1860.135038</ele>
    </rtept>
    <rtept lat="28.411163" lon="83.821299">
      <ele>1854.103971</ele>
    </rtept>
    <rtept lat="28.411181" lon="83.821399">
      <ele>1852.212139</ele>
    </rtept>
    <rtept lat="28.411171" lon="83.821502">
      <ele>1842.838646</ele>
    </rtept>
    <rtept lat="28.41119" lon="83.821603">
      <ele>1841.88272</ele>
    </rtept>
    <rtept lat="28.411186" lon="83.82171">
      <ele>1839.753606</ele>
    </rtept>
    <rtept lat="28.411171" lon="83.821815">
      <ele>1839.883955</ele>
    </rtept>
    <rtept lat="28.411148" lon="83.821918">
      <ele>1838.817392</ele>
    </rtept>
    <rtept lat="28.411144" lon="83.822026">
      <ele>1834.570147</ele>
    </rtept>
    <rtept lat="28.411131" lon="83.822127">
      <ele>1831.993762</ele>
    </rtept>
    <rtept lat="28.411123" lon="83.822235">
      <ele>1827.927763</ele>
    </rtept>
    <rtept lat="28.411121" lon="83.822341">
      <ele>1816.086901</ele>
    </rtept>
    <rtept lat="28.411042" lon="83.822289">
      <ele>1813.256628</ele>
    </rtept>
    <rtept lat="28.410952" lon="83.822312">
      <ele>1811.612237</ele>
    </rtept>
    <rtept lat="28.410901" lon="83.822398">
      <ele>1807.466653</ele>
    </rtept>
    <rtept lat="28.410843" lon="83.822481">
      <ele>1805.924284</ele>
    </rtept>
    <rtept lat="28.410764" lon="83.822545">
      <ele>1800.083783</ele>
    </rtept>
    <rtept lat="28.410722" lon="83.822643">
      <ele>1792.425184</ele>
    </rtept>
    <rtept lat="28.410637" lon="83.822696">
      <ele>1785.183089</ele>
    </rtept>
    <rtept lat="28.410578" lon="83.822775">
      <ele>1777.477332</ele>
    </rtept>
    <rtept lat="28.410497" lon="83.822823">
      <ele>1774.979163</ele>
    </rtept>
    <rtept lat="28.410478" lon="83.822929">
      <ele>1772.557262</ele>
    </rtept>
    <rtept lat="28.410454" lon="83.823033">
      <ele>1771.0027</ele>
    </rtept>
    <rtept lat="28.410458" lon="83.823162">
      <ele>1771.386753</ele>
    </rtept>
    <rtept lat="28.410341" lon="83.823191">
      <ele>1766.911594</ele>
    </rtept>
    <rtept lat="28.410352" lon="83.823098">
      <ele>1768.15256</ele>
    </rtept>
    <rtept lat="28.410412" lon="83.823019">
      <ele>1772.674486</ele>
    </rtept>
    <rtept lat="28.410328" lon="83.82306">
      <ele>1772.033417</ele>
    </rtept>
    <rtept lat="28.410309" lon="83.823165">
      <ele>1770.922926</ele>
    </rtept>
    <rtept lat="28.410246" lon="83.823245">
      <ele>1771.160681</ele>
    </rtept>
    <rtept lat="28.410206" lon="83.823346">
      <ele>1763.60453</ele>
    </rtept>
    <rtept lat="28.410165" lon="83.823446">
      <ele>1760.555939</ele>
    </rtept>
    <rtept lat="28.410181" lon="83.823549">
      <ele>1758.057573</ele>
    </rtept>
    <rtept lat="28.410146" lon="83.82365">
      <ele>1755.033427</ele>
    </rtept>
    <rtept lat="28.410145" lon="83.823753">
      <ele>1754.114483</ele>
    </rtept>
    <rtept lat="28.410125" lon="83.823855">
      <ele>1752.233732</ele>
    </rtept>
    <rtept lat="28.410107" lon="83.823957">
      <ele>1750.87403</ele>
    </rtept>
    <rtept lat="28.410101" lon="83.824063">
      <ele>1749.749694</ele>
    </rtept>
    <rtept lat="28.410093" lon="83.824169">
      <ele>1747.918891</ele>
    </rtept>
    <rtept lat="28.410038" lon="83.824088">
      <ele>1740.680497</ele>
    </rtept>
    <rtept lat="28.410023" lon="83.823986">
      <ele>1740.905829</ele>
    </rtept>
    <rtept lat="28.409939" lon="83.823928">
      <ele>1743.300098</ele>
    </rtept>
    <rtept lat="28.40986" lon="83.823873">
      <ele>1743.826421</ele>
    </rtept>
    <rtept lat="28.409778" lon="83.823824">
      <ele>1741.673649</ele>
    </rtept>
    <rtept lat="28.409688" lon="83.823811">
      <ele>1740.398194</ele>
    </rtept>
    <rtept lat="28.409607" lon="83.823863">
      <ele>1733.152719</ele>
    </rtept>
    <rtept lat="28.409532" lon="83.823923">
      <ele>1721.532567</ele>
    </rtept>
    <rtept lat="28.409443" lon="83.823884">
      <ele>1712.970305</ele>
    </rtept>
    <rtept lat="28.409359" lon="83.823818">
      <ele>1708.538085</ele>
    </rtept>
    <rtept lat="28.409315" lon="83.823908">
      <ele>1705.912267</ele>
    </rtept>
    <rtept lat="28.409241" lon="83.823978">
      <ele>1706.45419</ele>
    </rtept>
    <rtept lat="28.409148" lon="83.824025">
      <ele>1707.559759</ele>
    </rtept>
    <rtept lat="28.409055" lon="83.824062">
      <ele>1706.606899</ele>
    </rtept>
    <rtept lat="28.408965" lon="83.824077">
      <ele>1706.746006</ele>
    </rtept>
    <rtept lat="28.408882" lon="83.824124">
      <ele>1707.247217</ele>
    </rtept>
    <rtept lat="28.408792" lon="83.824086">
      <ele>1706.879174</ele>
    </rtept>
    <rtept lat="28.408699" lon="83.824107">
      <ele>1703.840085</ele>
    </rtept>
    <rtept lat="28.408608" lon="83.824134">
      <ele>1702.550967</ele>
    </rtept>
    <rtept lat="28.408515" lon="83.824144">
      <ele>1699.582988</ele>
    </rtept>
    <rtept lat="28.408423" lon="83.824141">
      <ele>1700.780815</ele>
    </rtept>
    <rtept lat="28.40836" lon="83.82422">
      <ele>1695.480413</ele>
    </rtept>
    <rtept lat="28.408305" lon="83.824308">
      <ele>1691.502934</ele>
    </rtept>
    <rtept lat="28.408241" lon="83.824391">
      <ele>1690.691203</ele>
    </rtept>
    <rtept lat="28.408178" lon="83.824476">
      <ele>1689.622214</ele>
    </rtept>
    <rtept lat="28.408137" lon="83.824576">
      <ele>1686.991461</ele>
    </rtept>
    <rtept lat="28.408101" lon="83.824677">
      <ele>1685.150106</ele>
    </rtept>
    <rtept lat="28.408111" lon="83.824779">
      <ele>1682.507867</ele>
    </rtept>
    <rtept lat="28.408021" lon="83.82476">
      <ele>1677.670412</ele>
    </rtept>
    <rtept lat="28.407944" lon="83.824822">
      <ele>1673.751143</ele>
    </rtept>
    <rtept lat="28.407857" lon="83.824856">
      <ele>1670.657239</ele>
    </rtept>
    <rtept lat="28.407763" lon="83.82486">
      <ele>1670.153337</ele>
    </rtept>
    <rtept lat="28.407694" lon="83.824939">
      <ele>1668.776141</ele>
    </rtept>
    <rtept lat="28.407681" lon="83.825042">
      <ele>1667.048527</ele>
    </rtept>
    <rtept lat="28.407608" lon="83.825108">
      <ele>1653.267458</ele>
    </rtept>
    <rtept lat="28.407519" lon="83.825066">
      <ele>1650.339775</ele>
    </rtept>
    <rtept lat="28.407447" lon="83.825002">
      <ele>1646.333372</ele>
    </rtept>
    <rtept lat="28.407413" lon="83.824905">
      <ele>1643.115945</ele>
    </rtept>
    <rtept lat="28.407396" lon="83.824799">
      <ele>1639.94529</ele>
    </rtept>
    <rtept lat="28.407445" lon="83.824699">
      <ele>1638.240865</ele>
    </rtept>
    <rtept lat="28.407463" lon="83.824593">
      <ele>1643.537206</ele>
    </rtept>
    <rtept lat="28.407559" lon="83.824586">
      <ele>1639.141268</ele>
    </rtept>
    <rtept lat="28.407606" lon="83.824496">
      <ele>1640.080594</ele>
    </rtept>
    <rtept lat="28.407602" lon="83.824392">
      <ele>1643.907641</ele>
    </rtept>
    <rtept lat="28.40757" lon="83.824294">
      <ele>1643.303668</ele>
    </rtept>
    <rtept lat="28.407538" lon="83.824187">
      <ele>1642.285591</ele>
    </rtept>
    <rtept lat="28.407496" lon="83.824092">
      <ele>1640.69752</ele>
    </rtept>
    <rtept lat="28.407453" lon="83.824">
      <ele>1638.469591</ele>
    </rtept>
    <rtept lat="28.407388" lon="83.823915">
      <ele>1636.646962</ele>
    </rtept>
    <rtept lat="28.407341" lon="83.82382">
      <ele>1634.248438</ele>
    </rtept>
    <rtept lat="28.407288" lon="83.823738">
      <ele>1633.068512</ele>
    </rtept>
    <rtept lat="28.407252" lon="83.823641">
      <ele>1600.216941</ele>
    </rtept>
    <rtept lat="28.407221" lon="83.823538">
      <ele>1591.772568</ele>
    </rtept>
    <rtept lat="28.40718" lon="83.823443">
      <ele>1588.221637</ele>
    </rtept>
    <rtept lat="28.407133" lon="83.823353">
      <ele>1574.174089</ele>
    </rtept>
    <rtept lat="28.40707" lon="83.823273">
      <ele>1568.37398</ele>
    </rtept>
    <rtept lat="28.407" lon="83.823182">
      <ele>1564.870228</ele>
    </rtept>
    <rtept lat="28.406931" lon="83.823093">
      <ele>1564.447167</ele>
    </rtept>
    <rtept lat="28.406883" lon="83.823002">
      <ele>1569.588695</ele>
    </rtept>
    <rtept lat="28.406842" lon="83.822901">
      <ele>1574.908456</ele>
    </rtept>
    <rtept lat="28.406802" lon="83.822805">
      <ele>1580.032664</ele>
    </rtept>
    <rtept lat="28.406755" lon="83.822711">
      <ele>1585.282192</ele>
    </rtept>
    <rtept lat="28.406748" lon="83.822603">
      <ele>1592.07805</ele>
    </rtept>
    <rtept lat="28.406705" lon="83.822508">
      <ele>1596.463376</ele>
    </rtept>
    <rtept lat="28.406655" lon="83.82242">
      <ele>1601.940585</ele>
    </rtept>
    <rtept lat="28.406616" lon="83.822326">
      <ele>1607.649968</ele>
    </rtept>
    <rtept lat="28.406567" lon="83.822239">
      <ele>1610.265968</ele>
    </rtept>
    <rtept lat="28.406518" lon="83.822143">
      <ele>1615.698496</ele>
    </rtept>
    <rtept lat="28.406497" lon="83.822038">
      <ele>1620.189709</ele>
    </rtept>
    <rtept lat="28.406466" lon="83.821937">
      <ele>1624.389057</ele>
    </rtept>
    <rtept lat="28.406444" lon="83.82183">
      <ele>1630.016699</ele>
    </rtept>
    <rtept lat="28.406363" lon="83.821776">
      <ele>1637.129611</ele>
    </rtept>
    <rtept lat="28.406274" lon="83.821726">
      <ele>1640.805999</ele>
    </rtept>
    <rtept lat="28.406317" lon="83.821633">
      <ele>1642.818137</ele>
    </rtept>
    <rtept lat="28.406376" lon="83.821551">
      <ele>1648.509985</ele>
    </rtept>
    <rtept lat="28.406288" lon="83.821584">
      <ele>1651.6008</ele>
    </rtept>
    <rtept lat="28.406215" lon="83.821649">
      <ele>1653.375698</ele>
    </rtept>
    <rtept lat="28.40616" lon="83.821737">
      <ele>1654.288551</ele>
    </rtept>
    <rtept lat="28.40609" lon="83.821802">
      <ele>1655.846126</ele>
    </rtept>
    <rtept lat="28.406" lon="83.821828">
      <ele>1656.786323</ele>
    </rtept>
    <rtept lat="28.405915" lon="83.821769">
      <ele>1652.748495</ele>
    </rtept>
    <rtept lat="28.405849" lon="83.82186">
      <ele>1654.729878</ele>
    </rtept>
    <rtept lat="28.405771" lon="83.821915">
      <ele>1657.447304</ele>
    </rtept>
    <rtept lat="28.405679" lon="83.821912">
      <ele>1658.855602</ele>
    </rtept>
    <rtept lat="28.405585" lon="83.821954">
      <ele>1661.356944</ele>
    </rtept>
    <rtept lat="28.40549" lon="83.821961">
      <ele>1661.936869</ele>
    </rtept>
    <rtept lat="28.405407" lon="83.82202">
      <ele>1662.449713</ele>
    </rtept>
    <rtept lat="28.40532" lon="83.822051">
      <ele>1663.909245</ele>
    </rtept>
    <rtept lat="28.405245" lon="83.822121">
      <ele>1665.590955</ele>
    </rtept>
    <rtept lat="28.405167" lon="83.822198">
      <ele>1666.719057</ele>
    </rtept>
    <rtept lat="28.405152" lon="83.822306">
      <ele>1664.688214</ele>
    </rtept>
    <rtept lat="28.405082" lon="83.822371">
      <ele>1663.325978</ele>
    </rtept>
    <rtept lat="28.405002" lon="83.822422">
      <ele>1665.078717</ele>
    </rtept>
    <rtept lat="28.404939" lon="83.822498">
      <ele>1666.030593</ele>
    </rtept>
    <rtept lat="28.404891" lon="83.822588">
      <ele>1667.214077</ele>
    </rtept>
    <rtept lat="28.404796" lon="83.822576">
      <ele>1666.229345</ele>
    </rtept>
    <rtept lat="28.40471" lon="83.822618">
      <ele>1666.901986</ele>
    </rtept>
    <rtept lat="28.404611" lon="83.822646">
      <ele>1669.347179</ele>
    </rtept>
    <rtept lat="28.40455" lon="83.822723">
      <ele>1665.369411</ele>
    </rtept>
    <rtept lat="28.404465" lon="83.822773">
      <ele>1660.886232</ele>
    </rtept>
    <rtept lat="28.404378" lon="83.822805">
      <ele>1662.047532</ele>
    </rtept>
    <rtept lat="28.404279" lon="83.822822">
      <ele>1664.68732</ele>
    </rtept>
    <rtept lat="28.404194" lon="83.822874">
      <ele>1666.47131</ele>
    </rtept>
    <rtept lat="28.404105" lon="83.822924">
      <ele>1672.397109</ele>
    </rtept>
    <rtept lat="28.404014" lon="83.822973">
      <ele>1671.726698</ele>
    </rtept>
    <rtept lat="28.403931" lon="83.823018">
      <ele>1672.801789</ele>
    </rtept>
    <rtept lat="28.403838" lon="83.82302">
      <ele>1672.656809</ele>
    </rtept>
    <rtept lat="28.403911" lon="83.823106">
      <ele>1669.53498</ele>
    </rtept>
    <rtept lat="28.403866" lon="83.823016">
      <ele>1669.44742</ele>
    </rtept>
    <rtept lat="28.403968" lon="83.822992">
      <ele>1673.457231</ele>
    </rtept>
    <rtept lat="28.404106" lon="83.822856">
      <ele>1668.63457</ele>
    </rtept>
    <rtept lat="28.40419" lon="83.8228">
      <ele>1667.79272</ele>
    </rtept>
    <rtept lat="28.404283" lon="83.822736">
      <ele>1668.952503</ele>
    </rtept>
    <rtept lat="28.404361" lon="83.822676">
      <ele>1670.497846</ele>
    </rtept>
    <rtept lat="28.404434" lon="83.822602">
      <ele>1676.399887</ele>
    </rtept>
    <rtept lat="28.404442" lon="83.822493">
      <ele>1675.345051</ele>
    </rtept>
    <rtept lat="28.404354" lon="83.822523">
      <ele>1683.64931</ele>
    </rtept>
    <rtept lat="28.404266" lon="83.822579">
      <ele>1684.764403</ele>
    </rtept>
    <rtept lat="28.404195" lon="83.822659">
      <ele>1685.967233</ele>
    </rtept>
    <rtept lat="28.404099" lon="83.822719">
      <ele>1686.421887</ele>
    </rtept>
    <rtept lat="28.403885" lon="83.822748">
      <ele>1686.951672</ele>
    </rtept>
    <rtept lat="28.403781" lon="83.822758">
      <ele>1690.16279</ele>
    </rtept>
    <rtept lat="28.403567" lon="83.822794">
      <ele>1691.61088</ele>
    </rtept>
    <rtept lat="28.403458" lon="83.822821">
      <ele>1693.268826</ele>
    </rtept>
    <rtept lat="28.403269" lon="83.822847">
      <ele>1697.552507</ele>
    </rtept>
    <rtept lat="28.40337" lon="83.822707">
      <ele>1701.414914</ele>
    </rtept>
    <rtept lat="28.40346" lon="83.822699">
      <ele>1705.622041</ele>
    </rtept>
    <rtept lat="28.403747" lon="83.822519">
      <ele>1702.619161</ele>
    </rtept>
    <rtept lat="28.403861" lon="83.822467">
      <ele>1703.855703</ele>
    </rtept>
    <rtept lat="28.40401" lon="83.822343">
      <ele>1706.435708</ele>
    </rtept>
    <rtept lat="28.403887" lon="83.822282">
      <ele>1717.004029</ele>
    </rtept>
    <rtept lat="28.403693" lon="83.822303">
      <ele>1720.363651</ele>
    </rtept>
    <rtept lat="28.403517" lon="83.822402">
      <ele>1719.53704</ele>
    </rtept>
    <rtept lat="28.403203" lon="83.822431">
      <ele>1722.967808</ele>
    </rtept>
    <rtept lat="28.402982" lon="83.82241">
      <ele>1727.507777</ele>
    </rtept>
    <rtept lat="28.402908" lon="83.822487">
      <ele>1729.295464</ele>
    </rtept>
    <rtept lat="28.402832" lon="83.822548">
      <ele>1730.626808</ele>
    </rtept>
    <rtept lat="28.402735" lon="83.822432">
      <ele>1732.541733</ele>
    </rtept>
    <rtept lat="28.402463" lon="83.8223">
      <ele>1737.501298</ele>
    </rtept>
    <rtept lat="28.402408" lon="83.822217">
      <ele>1737.780396</ele>
    </rtept>
    <rtept lat="28.402351" lon="83.822123">
      <ele>1738.715651</ele>
    </rtept>
    <rtept lat="28.402232" lon="83.821797">
      <ele>1739.62692</ele>
    </rtept>
    <rtept lat="28.402084" lon="83.82142">
      <ele>1744.981878</ele>
    </rtept>
    <rtept lat="28.402034" lon="83.821328">
      <ele>1744.294249</ele>
    </rtept>
    <rtept lat="28.401958" lon="83.821232">
      <ele>1744.722145</ele>
    </rtept>
    <rtept lat="28.401887" lon="83.821142">
      <ele>1744.292111</ele>
    </rtept>
    <rtept lat="28.401678" lon="83.821131">
      <ele>1743.298452</ele>
    </rtept>
    <rtept lat="28.40158" lon="83.821124">
      <ele>1741.082506</ele>
    </rtept>
    <rtept lat="28.401483" lon="83.821108">
      <ele>1739.859108</ele>
    </rtept>
    <rtept lat="28.401386" lon="83.821057">
      <ele>1738.295125</ele>
    </rtept>
    <rtept lat="28.401296" lon="83.821035">
      <ele>1739.05277</ele>
    </rtept>
    <rtept lat="28.401187" lon="83.820988">
      <ele>1737.721994</ele>
    </rtept>
    <rtept lat="28.401079" lon="83.820977">
      <ele>1737.538759</ele>
    </rtept>
    <rtept lat="28.40075" lon="83.820844">
      <ele>1739.320468</ele>
    </rtept>
    <rtept lat="28.400557" lon="83.820774">
      <ele>1737.314931</ele>
    </rtept>
    <rtept lat="28.400455" lon="83.820769">
      <ele>1736.714048</ele>
    </rtept>
    <rtept lat="28.40034" lon="83.820773">
      <ele>1736.30065</ele>
    </rtept>
    <rtept lat="28.400223" lon="83.820782">
      <ele>1737.628635</ele>
    </rtept>
    <rtept lat="28.400102" lon="83.820805">
      <ele>1737.402709</ele>
    </rtept>
    <rtept lat="28.400025" lon="83.820869">
      <ele>1737.647861</ele>
    </rtept>
    <rtept lat="28.399954" lon="83.820951">
      <ele>1739.115012</ele>
    </rtept>
    <rtept lat="28.399875" lon="83.821035">
      <ele>1737.722457</ele>
    </rtept>
    <rtept lat="28.399782" lon="83.821093">
      <ele>1737.926557</ele>
    </rtept>
    <rtept lat="28.399684" lon="83.821149">
      <ele>1735.190582</ele>
    </rtept>
    <rtept lat="28.399594" lon="83.821184">
      <ele>1736.238337</ele>
    </rtept>
    <rtept lat="28.399515" lon="83.821248">
      <ele>1736.191306</ele>
    </rtept>
    <rtept lat="28.399404" lon="83.821233">
      <ele>1734.647179</ele>
    </rtept>
    <rtept lat="28.399302" lon="83.821209">
      <ele>1735.743866</ele>
    </rtept>
    <rtept lat="28.399107" lon="83.821206">
      <ele>1735.953885</ele>
    </rtept>
    <rtept lat="28.398885" lon="83.821192">
      <ele>1739.737127</ele>
    </rtept>
    <rtept lat="28.398789" lon="83.821168">
      <ele>1741.991969</ele>
    </rtept>
    <rtept lat="28.398678" lon="83.821185">
      <ele>1742.71555</ele>
    </rtept>
    <rtept lat="28.398566" lon="83.821228">
      <ele>1744.461879</ele>
    </rtept>
    <rtept lat="28.398345" lon="83.821297">
      <ele>1749.737172</ele>
    </rtept>
    <rtept lat="28.398236" lon="83.821331">
      <ele>1749.372602</ele>
    </rtept>
    <rtept lat="28.398136" lon="83.821344">
      <ele>1748.55408</ele>
    </rtept>
    <rtept lat="28.398022" lon="83.821329">
      <ele>1748.445821</ele>
    </rtept>
    <rtept lat="28.397918" lon="83.821328">
      <ele>1747.359613</ele>
    </rtept>
    <rtept lat="28.397793" lon="83.821308">
      <ele>1747.421451</ele>
    </rtept>
    <rtept lat="28.397703" lon="83.821297">
      <ele>1746.716937</ele>
    </rtept>
    <rtept lat="28.397582" lon="83.821303">
      <ele>1747.637965</ele>
    </rtept>
    <rtept lat="28.397482" lon="83.821294">
      <ele>1745.852086</ele>
    </rtept>
    <rtept lat="28.397373" lon="83.821284">
      <ele>1745.211722</ele>
    </rtept>
    <rtept lat="28.39727" lon="83.82126">
      <ele>1743.376953</ele>
    </rtept>
    <rtept lat="28.397172" lon="83.821257">
      <ele>1742.100562</ele>
    </rtept>
    <rtept lat="28.397093" lon="83.821162">
      <ele>1742.181877</ele>
    </rtept>
    <rtept lat="28.396996" lon="83.821074">
      <ele>1745.16845</ele>
    </rtept>
    <rtept lat="28.396887" lon="83.821">
      <ele>1748.826278</ele>
    </rtept>
    <rtept lat="28.396796" lon="83.820913">
      <ele>1749.029839</ele>
    </rtept>
    <rtept lat="28.396732" lon="83.820828">
      <ele>1747.911252</ele>
    </rtept>
    <rtept lat="28.396685" lon="83.820726">
      <ele>1747.619156</ele>
    </rtept>
    <rtept lat="28.396634" lon="83.820633">
      <ele>1747.83468</ele>
    </rtept>
    <rtept lat="28.396514" lon="83.82067">
      <ele>1752.611136</ele>
    </rtept>
    <rtept lat="28.396405" lon="83.820704">
      <ele>1753.628815</ele>
    </rtept>
    <rtept lat="28.396299" lon="83.820706">
      <ele>1752.361622</ele>
    </rtept>
    <rtept lat="28.396186" lon="83.820787">
      <ele>1751.653556</ele>
    </rtept>
    <rtept lat="28.396092" lon="83.820821">
      <ele>1748.949134</ele>
    </rtept>
    <rtept lat="28.395961" lon="83.82084">
      <ele>1746.621154</ele>
    </rtept>
    <rtept lat="28.395848" lon="83.820818">
      <ele>1745.05918</ele>
    </rtept>
    <rtept lat="28.395761" lon="83.820788">
      <ele>1744.236082</ele>
    </rtept>
    <rtept lat="28.39565" lon="83.820749">
      <ele>1741.742242</ele>
    </rtept>
    <rtept lat="28.395554" lon="83.820761">
      <ele>1741.427002</ele>
    </rtept>
    <rtept lat="28.395449" lon="83.820771">
      <ele>1741.090897</ele>
    </rtept>
    <rtept lat="28.395367" lon="83.820827">
      <ele>1740.123389</ele>
    </rtept>
    <rtept lat="28.39529" lon="83.820893">
      <ele>1737.60698</ele>
    </rtept>
    <rtept lat="28.395197" lon="83.820915">
      <ele>1736.668427</ele>
    </rtept>
    <rtept lat="28.395106" lon="83.820956">
      <ele>1736.119718</ele>
    </rtept>
    <rtept lat="28.39502" lon="83.820995">
      <ele>1734.841806</ele>
    </rtept>
    <rtept lat="28.39489" lon="83.821022">
      <ele>1733.086916</ele>
    </rtept>
    <rtept lat="28.39479" lon="83.82101">
      <ele>1730.828772</ele>
    </rtept>
    <rtept lat="28.394663" lon="83.821042">
      <ele>1730.612758</ele>
    </rtept>
    <rtept lat="28.394564" lon="83.821016">
      <ele>1730.937186</ele>
    </rtept>
    <rtept lat="28.39446" lon="83.821005">
      <ele>1731.61849</ele>
    </rtept>
    <rtept lat="28.394368" lon="83.821014">
      <ele>1731.166135</ele>
    </rtept>
    <rtept lat="28.394267" lon="83.820976">
      <ele>1730.335135</ele>
    </rtept>
    <rtept lat="28.394164" lon="83.820951">
      <ele>1729.193466</ele>
    </rtept>
    <rtept lat="28.394068" lon="83.820972">
      <ele>1728.515586</ele>
    </rtept>
    <rtept lat="28.393972" lon="83.821045">
      <ele>1727.407219</ele>
    </rtept>
    <rtept lat="28.393881" lon="83.821078">
      <ele>1725.797692</ele>
    </rtept>
    <rtept lat="28.39379" lon="83.821127">
      <ele>1724.262476</ele>
    </rtept>
    <rtept lat="28.39372" lon="83.821194">
      <ele>1722.082831</ele>
    </rtept>
    <rtept lat="28.393627" lon="83.821233">
      <ele>1720.161475</ele>
    </rtept>
    <rtept lat="28.393516" lon="83.821257">
      <ele>1717.270261</ele>
    </rtept>
    <rtept lat="28.393411" lon="83.821242">
      <ele>1715.752919</ele>
    </rtept>
    <rtept lat="28.393319" lon="83.821283">
      <ele>1715.085401</ele>
    </rtept>
    <rtept lat="28.393217" lon="83.821299">
      <ele>1713.635311</ele>
    </rtept>
    <rtept lat="28.393146" lon="83.821371">
      <ele>1714.511667</ele>
    </rtept>
    <rtept lat="28.393063" lon="83.821414">
      <ele>1712.313657</ele>
    </rtept>
    <rtept lat="28.392959" lon="83.821469">
      <ele>1711.501068</ele>
    </rtept>
    <rtept lat="28.392844" lon="83.821542">
      <ele>1711.281581</ele>
    </rtept>
    <rtept lat="28.392791" lon="83.821654">
      <ele>1708.365929</ele>
    </rtept>
    <rtept lat="28.392749" lon="83.82178">
      <ele>1708.139803</ele>
    </rtept>
    <rtept lat="28.392512" lon="83.821762">
      <ele>1704.071971</ele>
    </rtept>
    <rtept lat="28.392424" lon="83.82173">
      <ele>1702.847883</ele>
    </rtept>
    <rtept lat="28.3923" lon="83.821734">
      <ele>1702.892485</ele>
    </rtept>
    <rtept lat="28.392187" lon="83.821733">
      <ele>1705.74767</ele>
    </rtept>
    <rtept lat="28.392095" lon="83.821759">
      <ele>1708.122765</ele>
    </rtept>
    <rtept lat="28.391995" lon="83.821788">
      <ele>1711.100518</ele>
    </rtept>
    <rtept lat="28.391801" lon="83.821887">
      <ele>1712.99674</ele>
    </rtept>
    <rtept lat="28.391691" lon="83.821907">
      <ele>1712.30964</ele>
    </rtept>
    <rtept lat="28.391584" lon="83.821916">
      <ele>1710.513347</ele>
    </rtept>
    <rtept lat="28.391494" lon="83.821958">
      <ele>1709.371382</ele>
    </rtept>
    <rtept lat="28.391406" lon="83.821998">
      <ele>1699.88198</ele>
    </rtept>
    <rtept lat="28.391328" lon="83.822067">
      <ele>1693.101338</ele>
    </rtept>
    <rtept lat="28.391246" lon="83.822139">
      <ele>1690.91224</ele>
    </rtept>
    <rtept lat="28.391141" lon="83.822196">
      <ele>1689.429482</ele>
    </rtept>
    <rtept lat="28.391044" lon="83.822259">
      <ele>1687.850188</ele>
    </rtept>
    <rtept lat="28.390962" lon="83.8223">
      <ele>1686.083762</ele>
    </rtept>
    <rtept lat="28.390845" lon="83.822297">
      <ele>1684.636533</ele>
    </rtept>
    <rtept lat="28.390754" lon="83.822276">
      <ele>1684.741325</ele>
    </rtept>
    <rtept lat="28.390664" lon="83.822283">
      <ele>1685.108545</ele>
    </rtept>
    <rtept lat="28.390544" lon="83.822252">
      <ele>1684.754296</ele>
    </rtept>
    <rtept lat="28.390419" lon="83.822251">
      <ele>1684.068211</ele>
    </rtept>
    <rtept lat="28.390323" lon="83.822262">
      <ele>1684.033468</ele>
    </rtept>
    <rtept lat="28.390223" lon="83.822209">
      <ele>1683.804343</ele>
    </rtept>
    <rtept lat="28.390121" lon="83.822248">
      <ele>1681.993218</ele>
    </rtept>
    <rtept lat="28.390017" lon="83.822167">
      <ele>1680.331166</ele>
    </rtept>
    <rtept lat="28.389918" lon="83.822114">
      <ele>1681.418508</ele>
    </rtept>
    <rtept lat="28.389821" lon="83.82206">
      <ele>1682.287981</ele>
    </rtept>
    <rtept lat="28.389725" lon="83.822011">
      <ele>1683.823696</ele>
    </rtept>
    <rtept lat="28.389631" lon="83.821928">
      <ele>1683.18212</ele>
    </rtept>
    <rtept lat="28.389558" lon="83.821832">
      <ele>1681.335851</ele>
    </rtept>
    <rtept lat="28.38952" lon="83.82173">
      <ele>1681.267186</ele>
    </rtept>
    <rtept lat="28.389423" lon="83.821721">
      <ele>1681.889374</ele>
    </rtept>
    <rtept lat="28.389322" lon="83.821706">
      <ele>1680.91502</ele>
    </rtept>
    <rtept lat="28.389248" lon="83.821644">
      <ele>1680.429782</ele>
    </rtept>
    <rtept lat="28.389219" lon="83.821547">
      <ele>1681.029766</ele>
    </rtept>
    <rtept lat="28.389211" lon="83.821427">
      <ele>1679.635645</ele>
    </rtept>
    <rtept lat="28.389169" lon="83.821283">
      <ele>1679.003203</ele>
    </rtept>
    <rtept lat="28.389131" lon="83.821164">
      <ele>1678.817446</ele>
    </rtept>
    <rtept lat="28.389091" lon="83.821063">
      <ele>1679.723584</ele>
    </rtept>
    <rtept lat="28.38905" lon="83.820955">
      <ele>1678.12821</ele>
    </rtept>
    <rtept lat="28.389013" lon="83.820861">
      <ele>1677.394045</ele>
    </rtept>
    <rtept lat="28.389012" lon="83.820747">
      <ele>1677.364227</ele>
    </rtept>
    <rtept lat="28.388951" lon="83.820651">
      <ele>1677.799972</ele>
    </rtept>
    <rtept lat="28.388901" lon="83.820546">
      <ele>1678.213091</ele>
    </rtept>
    <rtept lat="28.388859" lon="83.820454">
      <ele>1678.163156</ele>
    </rtept>
    <rtept lat="28.388837" lon="83.820347">
      <ele>1679.11732</ele>
    </rtept>
    <rtept lat="28.388814" lon="83.820244">
      <ele>1677.799087</ele>
    </rtept>
    <rtept lat="28.388805" lon="83.820133">
      <ele>1677.39416</ele>
    </rtept>
    <rtept lat="28.388799" lon="83.820008">
      <ele>1676.601435</ele>
    </rtept>
    <rtept lat="28.38871" lon="83.819815">
      <ele>1677.973995</ele>
    </rtept>
    <rtept lat="28.388677" lon="83.819714">
      <ele>1677.047359</ele>
    </rtept>
    <rtept lat="28.388689" lon="83.819606">
      <ele>1677.286541</ele>
    </rtept>
    <rtept lat="28.388674" lon="83.819499">
      <ele>1676.829036</ele>
    </rtept>
    <rtept lat="28.38868" lon="83.819357">
      <ele>1677.8649</ele>
    </rtept>
    <rtept lat="28.388687" lon="83.819242">
      <ele>1675.041449</ele>
    </rtept>
    <rtept lat="28.388714" lon="83.819143">
      <ele>1675.354684</ele>
    </rtept>
    <rtept lat="28.388729" lon="83.819037">
      <ele>1676.719901</ele>
    </rtept>
    <rtept lat="28.388759" lon="83.818887">
      <ele>1675.351639</ele>
    </rtept>
    <rtept lat="28.388769" lon="83.818535">
      <ele>1673.806587</ele>
    </rtept>
    <rtept lat="28.38876" lon="83.818381">
      <ele>1671.688905</ele>
    </rtept>
    <rtept lat="28.38874" lon="83.818243">
      <ele>1671.541481</ele>
    </rtept>
    <rtept lat="28.388699" lon="83.818131">
      <ele>1672.425873</ele>
    </rtept>
    <rtept lat="28.38869" lon="83.81796">
      <ele>1671.264266</ele>
    </rtept>
    <rtept lat="28.388662" lon="83.817828">
      <ele>1669.590014</ele>
    </rtept>
    <rtept lat="28.388615" lon="83.817724">
      <ele>1668.587587</ele>
    </rtept>
    <rtept lat="28.388586" lon="83.817622">
      <ele>1667.628258</ele>
    </rtept>
    <rtept lat="28.388546" lon="83.817519">
      <ele>1667.553098</ele>
    </rtept>
    <rtept lat="28.388495" lon="83.817383">
      <ele>1667.959706</ele>
    </rtept>
    <rtept lat="28.388467" lon="83.817266">
      <ele>1665.049962</ele>
    </rtept>
    <rtept lat="28.388468" lon="83.817218">
      <ele>1663.55555</ele>
    </rtept>
    <rtept lat="28.388438" lon="83.817112">
      <ele>1663.523412</ele>
    </rtept>
    <rtept lat="28.388455" lon="83.816986">
      <ele>1660.981425</ele>
    </rtept>
    <rtept lat="28.388499" lon="83.816879">
      <ele>1660.212601</ele>
    </rtept>
    <rtept lat="28.388518" lon="83.816768">
      <ele>1660.982884</ele>
    </rtept>
    <rtept lat="28.388523" lon="83.816659">
      <ele>1660.574809</ele>
    </rtept>
    <rtept lat="28.388513" lon="83.816538">
      <ele>1660.810976</ele>
    </rtept>
    <rtept lat="28.388516" lon="83.816427">
      <ele>1660.046069</ele>
    </rtept>
    <rtept lat="28.388498" lon="83.816319">
      <ele>1661.869511</ele>
    </rtept>
    <rtept lat="28.388493" lon="83.816205">
      <ele>1659.641646</ele>
    </rtept>
    <rtept lat="28.388488" lon="83.816092">
      <ele>1658.81769</ele>
    </rtept>
    <rtept lat="28.388478" lon="83.81598">
      <ele>1656.700121</ele>
    </rtept>
    <rtept lat="28.388492" lon="83.815859">
      <ele>1656.700962</ele>
    </rtept>
    <rtept lat="28.388484" lon="83.815727">
      <ele>1658.199965</ele>
    </rtept>
    <rtept lat="28.388442" lon="83.815611">
      <ele>1658.004719</ele>
    </rtept>
    <rtept lat="28.38841" lon="83.815497">
      <ele>1657.25421</ele>
    </rtept>
    <rtept lat="28.388368" lon="83.815393">
      <ele>1656.641999</ele>
    </rtept>
    <rtept lat="28.388355" lon="83.81527">
      <ele>1654.581913</ele>
    </rtept>
    <rtept lat="28.388347" lon="83.815136">
      <ele>1653.598379</ele>
    </rtept>
    <rtept lat="28.388317" lon="83.815031">
      <ele>1653.584116</ele>
    </rtept>
    <rtept lat="28.38831" lon="83.814912">
      <ele>1653.516726</ele>
    </rtept>
    <rtept lat="28.388345" lon="83.814813">
      <ele>1653.582723</ele>
    </rtept>
    <rtept lat="28.38839" lon="83.814714">
      <ele>1655.05229</ele>
    </rtept>
    <rtept lat="28.388388" lon="83.814603">
      <ele>1654.337827</ele>
    </rtept>
    <rtept lat="28.388311" lon="83.814542">
      <ele>1654.26491</ele>
    </rtept>
    <rtept lat="28.388236" lon="83.814473">
      <ele>1653.394787</ele>
    </rtept>
    <rtept lat="28.388172" lon="83.814395">
      <ele>1652.117502</ele>
    </rtept>
    <rtept lat="28.388192" lon="83.814267">
      <ele>1650.314557</ele>
    </rtept>
    <rtept lat="28.388222" lon="83.814118">
      <ele>1648.434678</ele>
    </rtept>
    <rtept lat="28.388252" lon="83.813994">
      <ele>1647.080858</ele>
    </rtept>
    <rtept lat="28.388248" lon="83.813873">
      <ele>1647.202802</ele>
    </rtept>
    <rtept lat="28.388247" lon="83.81377">
      <ele>1648.545848</ele>
    </rtept>
    <rtept lat="28.388251" lon="83.813636">
      <ele>1648.779533</ele>
    </rtept>
    <rtept lat="28.388231" lon="83.813514">
      <ele>1648.863257</ele>
    </rtept>
    <rtept lat="28.388166" lon="83.813419">
      <ele>1648.922091</ele>
    </rtept>
    <rtept lat="28.388133" lon="83.813285">
      <ele>1649.93293</ele>
    </rtept>
    <rtept lat="28.388074" lon="83.813196">
      <ele>1650.669271</ele>
    </rtept>
    <rtept lat="28.388047" lon="83.813098">
      <ele>1650.558759</ele>
    </rtept>
    <rtept lat="28.388005" lon="83.812997">
      <ele>1649.523866</ele>
    </rtept>
    <rtept lat="28.38795" lon="83.812879">
      <ele>1651.973356</ele>
    </rtept>
    <rtept lat="28.38788" lon="83.812777">
      <ele>1651.774408</ele>
    </rtept>
    <rtept lat="28.387826" lon="83.812672">
      <ele>1651.316484</ele>
    </rtept>
    <rtept lat="28.387762" lon="83.812552">
      <ele>1649.59441</ele>
    </rtept>
    <rtept lat="28.387706" lon="83.812465">
      <ele>1648.184027</ele>
    </rtept>
    <rtept lat="28.387646" lon="83.812345">
      <ele>1645.830396</ele>
    </rtept>
    <rtept lat="28.387688" lon="83.812117">
      <ele>1644.160699</ele>
    </rtept>
    <rtept lat="28.387705" lon="83.811662">
      <ele>1651.722402</ele>
    </rtept>
    <rtept lat="28.387731" lon="83.811561">
      <ele>1654.223092</ele>
    </rtept>
    <rtept lat="28.387734" lon="83.811446">
      <ele>1656.682574</ele>
    </rtept>
    <rtept lat="28.387553" lon="83.811538">
      <ele>1660.93864</ele>
    </rtept>
    <rtept lat="28.387501" lon="83.811651">
      <ele>1664.085181</ele>
    </rtept>
    <rtept lat="28.387413" lon="83.811714">
      <ele>1664.57413</ele>
    </rtept>
    <rtept lat="28.387336" lon="83.811782">
      <ele>1664.47801</ele>
    </rtept>
    <rtept lat="28.387265" lon="83.811859">
      <ele>1661.879679</ele>
    </rtept>
    <rtept lat="28.387197" lon="83.811948">
      <ele>1658.684792</ele>
    </rtept>
    <rtept lat="28.387128" lon="83.812051">
      <ele>1658.074741</ele>
    </rtept>
    <rtept lat="28.387114" lon="83.812157">
      <ele>1657.345337</ele>
    </rtept>
    <rtept lat="28.387095" lon="83.812278">
      <ele>1657.190656</ele>
    </rtept>
    <rtept lat="28.387061" lon="83.812381">
      <ele>1657.606855</ele>
    </rtept>
    <rtept lat="28.387016" lon="83.812479">
      <ele>1658.255711</ele>
    </rtept>
    <rtept lat="28.387019" lon="83.812596">
      <ele>1661.967582</ele>
    </rtept>
    <rtept lat="28.387" lon="83.812722">
      <ele>1664.455774</ele>
    </rtept>
    <rtept lat="28.387004" lon="83.81286">
      <ele>1664.911454</ele>
    </rtept>
    <rtept lat="28.386987" lon="83.812973">
      <ele>1665.812904</ele>
    </rtept>
    <rtept lat="28.386975" lon="83.813077">
      <ele>1666.748646</ele>
    </rtept>
    <rtept lat="28.386915" lon="83.813154">
      <ele>1667.919336</ele>
    </rtept>
    <rtept lat="28.386832" lon="83.813232">
      <ele>1668.77116</ele>
    </rtept>
    <rtept lat="28.386762" lon="83.813318">
      <ele>1670.205813</ele>
    </rtept>
    <rtept lat="28.386691" lon="83.813426">
      <ele>1672.185854</ele>
    </rtept>
    <rtept lat="28.386616" lon="83.813491">
      <ele>1672.725915</ele>
    </rtept>
    <rtept lat="28.386514" lon="83.813465">
      <ele>1673.848526</ele>
    </rtept>
    <rtept lat="28.386411" lon="83.81341">
      <ele>1673.794979</ele>
    </rtept>
    <rtept lat="28.386314" lon="83.813391">
      <ele>1673.96645</ele>
    </rtept>
    <rtept lat="28.386206" lon="83.813412">
      <ele>1673.926334</ele>
    </rtept>
    <rtept lat="28.386114" lon="83.813436">
      <ele>1675.678082</ele>
    </rtept>
    <rtept lat="28.385999" lon="83.813438">
      <ele>1675.649364</ele>
    </rtept>
    <rtept lat="28.385906" lon="83.813454">
      <ele>1676.530294</ele>
    </rtept>
    <rtept lat="28.38583" lon="83.813527">
      <ele>1676.776716</ele>
    </rtept>
    <rtept lat="28.385755" lon="83.813592">
      <ele>1676.706478</ele>
    </rtept>
    <rtept lat="28.385649" lon="83.81362">
      <ele>1676.315809</ele>
    </rtept>
    <rtept lat="28.385554" lon="83.813609">
      <ele>1673.690971</ele>
    </rtept>
    <rtept lat="28.38561" lon="83.813516">
      <ele>1673.702673</ele>
    </rtept>
    <rtept lat="28.385713" lon="83.813453">
      <ele>1673.272378</ele>
    </rtept>
    <rtept lat="28.385783" lon="83.81338">
      <ele>1676.611733</ele>
    </rtept>
    <rtept lat="28.385885" lon="83.813328">
      <ele>1679.628646</ele>
    </rtept>
    <rtept lat="28.38598" lon="83.81325">
      <ele>1681.579392</ele>
    </rtept>
    <rtept lat="28.386084" lon="83.813191">
      <ele>1681.870509</ele>
    </rtept>
    <rtept lat="28.386194" lon="83.813137">
      <ele>1683.042446</ele>
    </rtept>
    <rtept lat="28.386306" lon="83.813089">
      <ele>1684.355472</ele>
    </rtept>
    <rtept lat="28.386408" lon="83.813012">
      <ele>1684.927557</ele>
    </rtept>
    <rtept lat="28.386447" lon="83.812892">
      <ele>1684.990895</ele>
    </rtept>
    <rtept lat="28.386362" lon="83.812803">
      <ele>1685.663624</ele>
    </rtept>
    <rtept lat="28.386262" lon="83.812825">
      <ele>1686.427869</ele>
    </rtept>
    <rtept lat="28.386172" lon="83.812844">
      <ele>1686.245362</ele>
    </rtept>
    <rtept lat="28.386078" lon="83.812813">
      <ele>1686.349571</ele>
    </rtept>
    <rtept lat="28.385978" lon="83.81278">
      <ele>1685.037609</ele>
    </rtept>
    <rtept lat="28.385877" lon="83.812752">
      <ele>1686.61457</ele>
    </rtept>
    <rtept lat="28.385782" lon="83.812762">
      <ele>1686.380545</ele>
    </rtept>
    <rtept lat="28.385686" lon="83.812781">
      <ele>1687.974522</ele>
    </rtept>
    <rtept lat="28.385581" lon="83.812812">
      <ele>1687.890854</ele>
    </rtept>
    <rtept lat="28.38549" lon="83.812827">
      <ele>1689.265941</ele>
    </rtept>
    <rtept lat="28.385143" lon="83.81288">
      <ele>1689.937461</ele>
    </rtept>
    <rtept lat="28.385016" lon="83.81292">
      <ele>1691.42636</ele>
    </rtept>
    <rtept lat="28.384896" lon="83.812942">
      <ele>1690.948411</ele>
    </rtept>
    <rtept lat="28.384792" lon="83.812935">
      <ele>1690.662059</ele>
    </rtept>
    <rtept lat="28.384699" lon="83.812925">
      <ele>1690.981089</ele>
    </rtept>
    <rtept lat="28.384605" lon="83.812948">
      <ele>1692.278438</ele>
    </rtept>
    <rtept lat="28.384534" lon="83.813046">
      <ele>1694.460416</ele>
    </rtept>
    <rtept lat="28.384381" lon="83.813209">
      <ele>1698.480173</ele>
    </rtept>
    <rtept lat="28.384324" lon="83.813297">
      <ele>1700.217245</ele>
    </rtept>
    <rtept lat="28.38427" lon="83.813387">
      <ele>1701.5552</ele>
    </rtept>
    <rtept lat="28.384218" lon="83.813486">
      <ele>1703.51056</ele>
    </rtept>
    <rtept lat="28.38417" lon="83.813584">
      <ele>1704.900524</ele>
    </rtept>
    <rtept lat="28.384082" lon="83.813669">
      <ele>1707.055498</ele>
    </rtept>
    <rtept lat="28.383986" lon="83.813728">
      <ele>1709.238291</ele>
    </rtept>
    <rtept lat="28.38392" lon="83.813825">
      <ele>1709.576011</ele>
    </rtept>
    <rtept lat="28.383842" lon="83.813894">
      <ele>1710.782196</ele>
    </rtept>
    <rtept lat="28.383759" lon="83.814011">
      <ele>1711.748833</ele>
    </rtept>
    <rtept lat="28.383685" lon="83.814124">
      <ele>1712.650701</ele>
    </rtept>
    <rtept lat="28.383639" lon="83.814215">
      <ele>1713.802715</ele>
    </rtept>
    <rtept lat="28.383497" lon="83.814351">
      <ele>1714.899768</ele>
    </rtept>
    <rtept lat="28.383428" lon="83.814421">
      <ele>1714.213733</ele>
    </rtept>
    <rtept lat="28.383302" lon="83.814801">
      <ele>1712.908268</ele>
    </rtept>
    <rtept lat="28.383228" lon="83.814884">
      <ele>1712.931496</ele>
    </rtept>
    <rtept lat="28.38312" lon="83.81497">
      <ele>1713.260125</ele>
    </rtept>
    <rtept lat="28.38293" lon="83.815084">
      <ele>1713.474393</ele>
    </rtept>
    <rtept lat="28.382627" lon="83.815173">
      <ele>1716.661202</ele>
    </rtept>
    <rtept lat="28.382511" lon="83.815239">
      <ele>1717.002412</ele>
    </rtept>
    <rtept lat="28.38242" lon="83.815267">
      <ele>1715.4655</ele>
    </rtept>
    <rtept lat="28.382316" lon="83.8153">
      <ele>1713.583171</ele>
    </rtept>
    <rtept lat="28.382221" lon="83.815322">
      <ele>1713.171183</ele>
    </rtept>
    <rtept lat="28.381944" lon="83.815484">
      <ele>1712.716974</ele>
    </rtept>
    <rtept lat="28.381877" lon="83.815603">
      <ele>1711.023296</ele>
    </rtept>
    <rtept lat="28.381761" lon="83.815652">
      <ele>1711.908791</ele>
    </rtept>
    <rtept lat="28.381684" lon="83.815742">
      <ele>1710.790049</ele>
    </rtept>
    <rtept lat="28.381614" lon="83.815811">
      <ele>1711.8017</ele>
    </rtept>
    <rtept lat="28.381572" lon="83.815932">
      <ele>1712.147843</ele>
    </rtept>
    <rtept lat="28.381522" lon="83.816017">
      <ele>1713.069388</ele>
    </rtept>
    <rtept lat="28.381455" lon="83.816133">
      <ele>1713.734848</ele>
    </rtept>
    <rtept lat="28.381405" lon="83.816237">
      <ele>1713.733886</ele>
    </rtept>
    <rtept lat="28.381362" lon="83.81635">
      <ele>1714.302749</ele>
    </rtept>
    <rtept lat="28.381285" lon="83.816439">
      <ele>1714.39171</ele>
    </rtept>
    <rtept lat="28.38122" lon="83.81655">
      <ele>1714.010076</ele>
    </rtept>
    <rtept lat="28.381161" lon="83.816641">
      <ele>1714.78435</ele>
    </rtept>
    <rtept lat="28.381158" lon="83.816753">
      <ele>1714.816386</ele>
    </rtept>
    <rtept lat="28.381105" lon="83.816846">
      <ele>1714.444038</ele>
    </rtept>
    <rtept lat="28.381074" lon="83.816962">
      <ele>1713.396997</ele>
    </rtept>
    <rtept lat="28.381014" lon="83.817074">
      <ele>1712.319098</ele>
    </rtept>
    <rtept lat="28.380972" lon="83.817203">
      <ele>1710.339747</ele>
    </rtept>
    <rtept lat="28.380893" lon="83.817438">
      <ele>1708.803622</ele>
    </rtept>
    <rtept lat="28.380853" lon="83.817545">
      <ele>1708.894185</ele>
    </rtept>
    <rtept lat="28.380801" lon="83.817658">
      <ele>1708.273095</ele>
    </rtept>
    <rtept lat="28.380765" lon="83.817763">
      <ele>1709.085395</ele>
    </rtept>
    <rtept lat="28.380726" lon="83.817879">
      <ele>1708.56928</ele>
    </rtept>
    <rtept lat="28.380703" lon="83.817984">
      <ele>1706.969575</ele>
    </rtept>
    <rtept lat="28.380664" lon="83.81808">
      <ele>1705.529571</ele>
    </rtept>
    <rtept lat="28.380636" lon="83.818181">
      <ele>1704.21584</ele>
    </rtept>
    <rtept lat="28.380545" lon="83.818414">
      <ele>1702.174212</ele>
    </rtept>
    <rtept lat="28.380531" lon="83.818524">
      <ele>1701.960268</ele>
    </rtept>
    <rtept lat="28.380491" lon="83.818645">
      <ele>1699.999893</ele>
    </rtept>
  </rte>
  <rte>
    <rtept lat="28.531125" lon="83.877693">
      <ele>4123.264796</ele>
    </rtept>
    <rtept lat="28.531077" lon="83.877597">
      <ele>4127.087213</ele>
    </rtept>
    <rtept lat="28.530994" lon="83.877547">
      <ele>4127.701304</ele>
    </rtept>
    <rtept lat="28.530918" lon="83.877487">
      <ele>4127.554803</ele>
    </rtept>
    <rtept lat="28.530832" lon="83.877457">
      <ele>4127.617021</ele>
    </rtept>
    <rtept lat="28.530759" lon="83.87739">
      <ele>4128.4083</ele>
    </rtept>
    <rtept lat="28.530824" lon="83.877464">
      <ele>4126.542083</ele>
    </rtept>
    <rtept lat="28.530897" lon="83.877539">
      <ele>4126.934683</ele>
    </rtept>
    <rtept lat="28.530854" lon="83.877639">
      <ele>4125.690124</ele>
    </rtept>
    <rtept lat="28.530775" lon="83.877695">
      <ele>4125.631597</ele>
    </rtept>
    <rtept lat="28.530751" lon="83.877797">
      <ele>4124.603367</ele>
    </rtept>
    <rtept lat="28.530719" lon="83.877899">
      <ele>4125.198685</ele>
    </rtept>
    <rtept lat="28.53069" lon="83.878002">
      <ele>4125.3231</ele>
    </rtept>
    <rtept lat="28.530681" lon="83.878109">
      <ele>4125.51519</ele>
    </rtept>
    <rtept lat="28.530632" lon="83.878197">
      <ele>4126.27645</ele>
    </rtept>
    <rtept lat="28.5306" lon="83.878298">
      <ele>4126.136205</ele>
    </rtept>
    <rtept lat="28.530534" lon="83.878369">
      <ele>4126.274073</ele>
    </rtept>
    <rtept lat="28.53049" lon="83.878463">
      <ele>4120.996078</ele>
    </rtept>
    <rtept lat="28.530509" lon="83.878571">
      <ele>4113.981462</ele>
    </rtept>
    <rtept lat="28.530562" lon="83.878656">
      <ele>4109.692761</ele>
    </rtept>
    <rtept lat="28.530614" lon="83.878743">
      <ele>4109.298109</ele>
    </rtept>
    <rtept lat="28.530661" lon="83.878836">
      <ele>4106.455004</ele>
    </rtept>
    <rtept lat="28.530694" lon="83.878933">
      <ele>4105.505864</ele>
    </rtept>
    <rtept lat="28.53069" lon="83.879047">
      <ele>4104.009118</ele>
    </rtept>
    <rtept lat="28.530726" lon="83.879144">
      <ele>4101.616898</ele>
    </rtept>
    <rtept lat="28.530777" lon="83.879231">
      <ele>4098.983584</ele>
    </rtept>
    <rtept lat="28.530815" lon="83.879324">
      <ele>4096.72555</ele>
    </rtept>
    <rtept lat="28.530836" lon="83.879429">
      <ele>4093.950157</ele>
    </rtept>
    <rtept lat="28.530878" lon="83.879521">
      <ele>4091.529418</ele>
    </rtept>
    <rtept lat="28.530877" lon="83.879624">
      <ele>4089.655454</ele>
    </rtept>
    <rtept lat="28.530899" lon="83.879732">
      <ele>4090.237195</ele>
    </rtept>
    <rtept lat="28.530894" lon="83.879835">
      <ele>4088.649413</ele>
    </rtept>
    <rtept lat="28.530877" lon="83.879938">
      <ele>4087.975968</ele>
    </rtept>
    <rtept lat="28.530856" lon="83.880041">
      <ele>4088.536527</ele>
    </rtept>
    <rtept lat="28.530861" lon="83.880145">
      <ele>4087.695744</ele>
    </rtept>
    <rtept lat="28.530892" lon="83.880245">
      <ele>4087.668082</ele>
    </rtept>
    <rtept lat="28.530905" lon="83.880349">
      <ele>4087.82819</ele>
    </rtept>
    <rtept lat="28.53094" lon="83.88045">
      <ele>4088.413722</ele>
    </rtept>
    <rtept lat="28.530966" lon="83.88055">
      <ele>4086.807209</ele>
    </rtept>
    <rtept lat="28.530989" lon="83.880656">
      <ele>4086.662724</ele>
    </rtept>
    <rtept lat="28.530964" lon="83.880755">
      <ele>4086.432306</ele>
    </rtept>
    <rtept lat="28.530936" lon="83.880855">
      <ele>4085.564609</ele>
    </rtept>
    <rtept lat="28.530963" lon="83.880954">
      <ele>4081.446201</ele>
    </rtept>
    <rtept lat="28.530934" lon="83.881052">
      <ele>4080.416381</ele>
    </rtept>
    <rtept lat="28.530907" lon="83.881158">
      <ele>4077.476692</ele>
    </rtept>
    <rtept lat="28.530948" lon="83.881262">
      <ele>4075.76464</ele>
    </rtept>
    <rtept lat="28.530969" lon="83.881366">
      <ele>4074.498242</ele>
    </rtept>
    <rtept lat="28.531009" lon="83.881459">
      <ele>4072.463032</ele>
    </rtept>
    <rtept lat="28.530975" lon="83.881557">
      <ele>4071.548696</ele>
    </rtept>
    <rtept lat="28.530951" lon="83.881666">
      <ele>4069.86863</ele>
    </rtept>
    <rtept lat="28.530987" lon="83.88176">
      <ele>4069.456555</ele>
    </rtept>
    <rtept lat="28.531005" lon="83.881862">
      <ele>4070.038661</ele>
    </rtept>
    <rtept lat="28.530992" lon="83.881969">
      <ele>4069.494423</ele>
    </rtept>
    <rtept lat="28.53099" lon="83.882078">
      <ele>4067.099641</ele>
    </rtept>
    <rtept lat="28.530981" lon="83.882187">
      <ele>4065.964476</ele>
    </rtept>
    <rtept lat="28.530949" lon="83.882284">
      <ele>4063.670332</ele>
    </rtept>
    <rtept lat="28.530954" lon="83.882388">
      <ele>4059.824501</ele>
    </rtept>
    <rtept lat="28.530954" lon="83.882498">
      <ele>4059.157686</ele>
    </rtept>
    <rtept lat="28.530939" lon="83.8826">
      <ele>4058.182295</ele>
    </rtept>
    <rtept lat="28.530962" lon="83.882707">
      <ele>4059.039486</ele>
    </rtept>
    <rtept lat="28.530956" lon="83.882811">
      <ele>4059.136135</ele>
    </rtept>
    <rtept lat="28.530931" lon="83.882914">
      <ele>4057.548344</ele>
    </rtept>
    <rtept lat="28.530919" lon="83.883022">
      <ele>4056.667345</ele>
    </rtept>
    <rtept lat="28.530914" lon="83.883129">
      <ele>4054.721041</ele>
    </rtept>
    <rtept lat="28.530891" lon="83.883233">
      <ele>4054.925395</ele>
    </rtept>
    <rtept lat="28.530891" lon="83.883341">
      <ele>4054.042998</ele>
    </rtept>
    <rtept lat="28.530874" lon="83.88345">
      <ele>4052.74634</ele>
    </rtept>
    <rtept lat="28.530872" lon="83.883555">
      <ele>4051.955667</ele>
    </rtept>
    <rtept lat="28.530864" lon="83.883659">
      <ele>4047.970581</ele>
    </rtept>
    <rtept lat="28.530853" lon="83.883768">
      <ele>4044.882843</ele>
    </rtept>
    <rtept lat="28.530849" lon="83.883873">
      <ele>4042.692197</ele>
    </rtept>
    <rtept lat="28.53084" lon="83.883983">
      <ele>4038.805748</ele>
    </rtept>
    <rtept lat="28.530843" lon="83.884086">
      <ele>4034.874681</ele>
    </rtept>
    <rtept lat="28.530845" lon="83.884192">
      <ele>4033.754989</ele>
    </rtept>
    <rtept lat="28.530814" lon="83.884298">
      <ele>4033.828235</ele>
    </rtept>
    <rtept lat="28.530811" lon="83.8844">
      <ele>4033.600178</ele>
    </rtept>
    <rtept lat="28.530785" lon="83.884499">
      <ele>4032.876381</ele>
    </rtept>
    <rtept lat="28.530753" lon="83.884603">
      <ele>4031.672832</ele>
    </rtept>
    <rtept lat="28.530739" lon="83.884708">
      <ele>4031.071368</ele>
    </rtept>
    <rtept lat="28.530718" lon="83.884819">
      <ele>4030.284252</ele>
    </rtept>
    <rtept lat="28.530684" lon="83.884914">
      <ele>4028.255959</ele>
    </rtept>
    <rtept lat="28.530649" lon="83.885016">
      <ele>4024.061205</ele>
    </rtept>
    <rtept lat="28.530621" lon="83.885121">
      <ele>4020.572254</ele>
    </rtept>
    <rtept lat="28.530616" lon="83.88523">
      <ele>4019.954866</ele>
    </rtept>
    <rtept lat="28.530617" lon="83.885338">
      <ele>4019.336158</ele>
    </rtept>
    <rtept lat="28.530644" lon="83.88544">
      <ele>4019.527535</ele>
    </rtept>
    <rtept lat="28.530608" lon="83.885538">
      <ele>4018.060177</ele>
    </rtept>
    <rtept lat="28.530577" lon="83.88564">
      <ele>4016.101591</ele>
    </rtept>
    <rtept lat="28.530566" lon="83.885743">
      <ele>4016.427292</ele>
    </rtept>
    <rtept lat="28.530551" lon="83.885845">
      <ele>4015.592027</ele>
    </rtept>
    <rtept lat="28.530551" lon="83.885956">
      <ele>4014.310743</ele>
    </rtept>
    <rtept lat="28.530495" lon="83.886044">
      <ele>4013.197905</ele>
    </rtept>
    <rtept lat="28.530451" lon="83.886143">
      <ele>4012.245629</ele>
    </rtept>
    <rtept lat="28.530397" lon="83.886225">
      <ele>4011.352784</ele>
    </rtept>
    <rtept lat="28.530393" lon="83.886337">
      <ele>4007.128377</ele>
    </rtept>
    <rtept lat="28.530377" lon="83.886439">
      <ele>4005.557966</ele>
    </rtept>
    <rtept lat="28.530324" lon="83.886534">
      <ele>4002.83622</ele>
    </rtept>
    <rtept lat="28.530263" lon="83.886616">
      <ele>4000.381602</ele>
    </rtept>
    <rtept lat="28.530216" lon="83.886703">
      <ele>3998.965134</ele>
    </rtept>
    <rtept lat="28.530249" lon="83.886807">
      <ele>3995.932681</ele>
    </rtept>
    <rtept lat="28.530285" lon="83.886905">
      <ele>3995.646544</ele>
    </rtept>
    <rtept lat="28.530296" lon="83.887007">
      <ele>3995.991614</ele>
    </rtept>
    <rtept lat="28.530276" lon="83.887117">
      <ele>3995.163468</ele>
    </rtept>
    <rtept lat="28.530258" lon="83.887222">
      <ele>3994.973465</ele>
    </rtept>
    <rtept lat="28.530225" lon="83.887321">
      <ele>3994.899811</ele>
    </rtept>
    <rtept lat="28.530241" lon="83.887433">
      <ele>3994.761874</ele>
    </rtept>
    <rtept lat="28.530244" lon="83.887536">
      <ele>3994.205685</ele>
    </rtept>
    <rtept lat="28.530207" lon="83.887637">
      <ele>3993.499533</ele>
    </rtept>
    <rtept lat="28.530162" lon="83.887726">
      <ele>3991.949294</ele>
    </rtept>
    <rtept lat="28.530107" lon="83.887821">
      <ele>3988.223345</ele>
    </rtept>
    <rtept lat="28.530074" lon="83.887923">
      <ele>3984.676493</ele>
    </rtept>
    <rtept lat="28.530064" lon="83.888025">
      <ele>3982.316832</ele>
    </rtept>
    <rtept lat="28.530081" lon="83.888131">
      <ele>3982.007228</ele>
    </rtept>
    <rtept lat="28.530051" lon="83.88823">
      <ele>3981.833677</ele>
    </rtept>
    <rtept lat="28.530006" lon="83.888322">
      <ele>3980.732663</ele>
    </rtept>
    <rtept lat="28.529975" lon="83.888422">
      <ele>3978.622155</ele>
    </rtept>
    <rtept lat="28.529893" lon="83.888475">
      <ele>3977.323493</ele>
    </rtept>
    <rtept lat="28.529857" lon="83.888569">
      <ele>3976.287135</ele>
    </rtept>
    <rtept lat="28.529812" lon="83.888665">
      <ele>3976.138975</ele>
    </rtept>
    <rtept lat="28.529792" lon="83.888766">
      <ele>3976.453575</ele>
    </rtept>
    <rtept lat="28.529775" lon="83.888873">
      <ele>3975.385067</ele>
    </rtept>
    <rtept lat="28.529767" lon="83.888974">
      <ele>3975.516059</ele>
    </rtept>
    <rtept lat="28.529752" lon="83.889091">
      <ele>3974.398713</ele>
    </rtept>
    <rtept lat="28.52979" lon="83.889192">
      <ele>3975.618036</ele>
    </rtept>
    <rtept lat="28.529812" lon="83.889292">
      <ele>3973.480679</ele>
    </rtept>
    <rtept lat="28.529793" lon="83.889192">
      <ele>3972.055812</ele>
    </rtept>
    <rtept lat="28.529721" lon="83.889258">
      <ele>3964.252767</ele>
    </rtept>
    <rtept lat="28.529694" lon="83.889358">
      <ele>3964.111197</ele>
    </rtept>
    <rtept lat="28.529701" lon="83.889463">
      <ele>3963.189716</ele>
    </rtept>
    <rtept lat="28.529681" lon="83.889567">
      <ele>3962.30984</ele>
    </rtept>
    <rtept lat="28.529663" lon="83.889677">
      <ele>3960.880743</ele>
    </rtept>
    <rtept lat="28.529636" lon="83.889777">
      <ele>3958.984603</ele>
    </rtept>
    <rtept lat="28.529623" lon="83.889881">
      <ele>3958.547282</ele>
    </rtept>
    <rtept lat="28.529609" lon="83.889984">
      <ele>3957.755846</ele>
    </rtept>
    <rtept lat="28.529584" lon="83.89009">
      <ele>3956.986657</ele>
    </rtept>
    <rtept lat="28.529592" lon="83.890199">
      <ele>3955.635414</ele>
    </rtept>
    <rtept lat="28.529572" lon="83.890301">
      <ele>3955.906548</ele>
    </rtept>
    <rtept lat="28.529558" lon="83.890418">
      <ele>3954.972098</ele>
    </rtept>
    <rtept lat="28.529571" lon="83.890529">
      <ele>3955.208521</ele>
    </rtept>
    <rtept lat="28.529586" lon="83.890634">
      <ele>3954.841574</ele>
    </rtept>
    <rtept lat="28.529591" lon="83.890738">
      <ele>3953.15843</ele>
    </rtept>
    <rtept lat="28.529579" lon="83.890847">
      <ele>3950.860928</ele>
    </rtept>
    <rtept lat="28.529574" lon="83.890957">
      <ele>3948.713984</ele>
    </rtept>
    <rtept lat="28.529578" lon="83.891065">
      <ele>3947.820088</ele>
    </rtept>
    <rtept lat="28.529575" lon="83.891168">
      <ele>3947.909101</ele>
    </rtept>
    <rtept lat="28.529573" lon="83.891282">
      <ele>3947.745395</ele>
    </rtept>
    <rtept lat="28.529568" lon="83.891387">
      <ele>3947.345312</ele>
    </rtept>
    <rtept lat="28.529541" lon="83.891487">
      <ele>3946.213157</ele>
    </rtept>
    <rtept lat="28.529542" lon="83.891592">
      <ele>3944.874107</ele>
    </rtept>
    <rtept lat="28.529545" lon="83.891698">
      <ele>3943.721484</ele>
    </rtept>
    <rtept lat="28.529545" lon="83.891802">
      <ele>3943.226945</ele>
    </rtept>
    <rtept lat="28.529535" lon="83.891908">
      <ele>3940.494771</ele>
    </rtept>
    <rtept lat="28.529521" lon="83.89201">
      <ele>3938.768964</ele>
    </rtept>
    <rtept lat="28.529508" lon="83.892115">
      <ele>3936.759795</ele>
    </rtept>
    <rtept lat="28.529465" lon="83.892206">
      <ele>3935.49274</ele>
    </rtept>
    <rtept lat="28.52944" lon="83.892313">
      <ele>3935.27236</ele>
    </rtept>
    <rtept lat="28.529427" lon="83.892422">
      <ele>3935.05309</ele>
    </rtept>
    <rtept lat="28.52941" lon="83.892537">
      <ele>3934.725767</ele>
    </rtept>
    <rtept lat="28.529426" lon="83.892642">
      <ele>3934.543407</ele>
    </rtept>
    <rtept lat="28.529446" lon="83.892744">
      <ele>3935.080706</ele>
    </rtept>
    <rtept lat="28.529442" lon="83.892849">
      <ele>3932.841757</ele>
    </rtept>
    <rtept lat="28.529429" lon="83.89295">
      <ele>3930.688957</ele>
    </rtept>
    <rtept lat="28.529435" lon="83.893052">
      <ele>3926.193258</ele>
    </rtept>
    <rtept lat="28.529438" lon="83.893155">
      <ele>3923.822226</ele>
    </rtept>
    <rtept lat="28.529443" lon="83.893259">
      <ele>3922.229335</ele>
    </rtept>
    <rtept lat="28.529421" lon="83.893369">
      <ele>3920.586444</ele>
    </rtept>
    <rtept lat="28.529414" lon="83.893473">
      <ele>3919.460936</ele>
    </rtept>
    <rtept lat="28.529379" lon="83.893578">
      <ele>3919.395998</ele>
    </rtept>
    <rtept lat="28.529365" lon="83.893682">
      <ele>3918.369219</ele>
    </rtept>
    <rtept lat="28.529334" lon="83.893787">
      <ele>3917.813458</ele>
    </rtept>
    <rtept lat="28.529308" lon="83.893897">
      <ele>3918.08222</ele>
    </rtept>
    <rtept lat="28.529276" lon="83.894006">
      <ele>3917.927981</ele>
    </rtept>
    <rtept lat="28.529266" lon="83.894111">
      <ele>3917.26569</ele>
    </rtept>
    <rtept lat="28.52929" lon="83.894214">
      <ele>3918.177165</ele>
    </rtept>
    <rtept lat="28.529278" lon="83.894317">
      <ele>3917.610393</ele>
    </rtept>
    <rtept lat="28.529263" lon="83.894425">
      <ele>3917.268707</ele>
    </rtept>
    <rtept lat="28.529271" lon="83.894529">
      <ele>3917.47578</ele>
    </rtept>
    <rtept lat="28.529253" lon="83.894639">
      <ele>3916.959708</ele>
    </rtept>
    <rtept lat="28.529204" lon="83.894733">
      <ele>3917.440755</ele>
    </rtept>
    <rtept lat="28.52917" lon="83.894834">
      <ele>3917.145705</ele>
    </rtept>
    <rtept lat="28.52914" lon="83.89494">
      <ele>3916.82189</ele>
    </rtept>
    <rtept lat="28.529138" lon="83.895042">
      <ele>3914.428037</ele>
    </rtept>
    <rtept lat="28.529145" lon="83.895153">
      <ele>3912.624832</ele>
    </rtept>
    <rtept lat="28.529173" lon="83.895257">
      <ele>3910.108468</ele>
    </rtept>
    <rtept lat="28.52917" lon="83.895363">
      <ele>3907.427333</ele>
    </rtept>
    <rtept lat="28.529206" lon="83.895457">
      <ele>3905.194701</ele>
    </rtept>
    <rtept lat="28.529205" lon="83.895562">
      <ele>3903.068691</ele>
    </rtept>
    <rtept lat="28.52921" lon="83.895668">
      <ele>3901.888429</ele>
    </rtept>
    <rtept lat="28.529212" lon="83.895771">
      <ele>3900.715467</ele>
    </rtept>
    <rtept lat="28.529198" lon="83.895874">
      <ele>3899.821232</ele>
    </rtept>
    <rtept lat="28.529197" lon="83.895985">
      <ele>3898.920918</ele>
    </rtept>
    <rtept lat="28.529176" lon="83.89609">
      <ele>3897.990954</ele>
    </rtept>
    <rtept lat="28.529175" lon="83.896201">
      <ele>3894.229917</ele>
    </rtept>
    <rtept lat="28.529159" lon="83.896309">
      <ele>3888.990916</ele>
    </rtept>
    <rtept lat="28.529145" lon="83.896412">
      <ele>3886.569636</ele>
    </rtept>
    <rtept lat="28.529084" lon="83.896494">
      <ele>3882.71035</ele>
    </rtept>
    <rtept lat="28.529059" lon="83.896593">
      <ele>3880.736365</ele>
    </rtept>
    <rtept lat="28.529053" lon="83.896697">
      <ele>3880.136656</ele>
    </rtept>
    <rtept lat="28.529047" lon="83.896799">
      <ele>3878.503299</ele>
    </rtept>
    <rtept lat="28.52903" lon="83.896905">
      <ele>3876.25059</ele>
    </rtept>
    <rtept lat="28.529037" lon="83.89701">
      <ele>3874.611952</ele>
    </rtept>
    <rtept lat="28.529011" lon="83.897108">
      <ele>3873.142094</ele>
    </rtept>
    <rtept lat="28.528956" lon="83.897201">
      <ele>3870.330832</ele>
    </rtept>
    <rtept lat="28.528962" lon="83.897306">
      <ele>3869.264843</ele>
    </rtept>
    <rtept lat="28.528969" lon="83.897414">
      <ele>3868.872872</ele>
    </rtept>
    <rtept lat="28.528907" lon="83.89749">
      <ele>3865.583784</ele>
    </rtept>
    <rtept lat="28.528864" lon="83.897587">
      <ele>3862.531432</ele>
    </rtept>
    <rtept lat="28.528787" lon="83.897654">
      <ele>3861.999996</ele>
    </rtept>
    <rtept lat="28.528737" lon="83.897742">
      <ele>3862.531314</ele>
    </rtept>
    <rtept lat="28.528665" lon="83.897815">
      <ele>3860.924246</ele>
    </rtept>
    <rtept lat="28.528626" lon="83.897909">
      <ele>3860.435963</ele>
    </rtept>
    <rtept lat="28.528598" lon="83.898007">
      <ele>3860.93526</ele>
    </rtept>
    <rtept lat="28.528569" lon="83.898105">
      <ele>3860.889144</ele>
    </rtept>
    <rtept lat="28.528515" lon="83.898193">
      <ele>3859.057685</ele>
    </rtept>
    <rtept lat="28.528462" lon="83.898278">
      <ele>3857.622438</ele>
    </rtept>
    <rtept lat="28.528399" lon="83.898359">
      <ele>3855.203393</ele>
    </rtept>
    <rtept lat="28.528314" lon="83.898421">
      <ele>3851.775181</ele>
    </rtept>
    <rtept lat="28.528249" lon="83.898502">
      <ele>3850.292774</ele>
    </rtept>
    <rtept lat="28.528194" lon="83.898592">
      <ele>3846.08433</ele>
    </rtept>
    <rtept lat="28.528158" lon="83.898697">
      <ele>3845.070252</ele>
    </rtept>
    <rtept lat="28.528148" lon="83.898805">
      <ele>3844.36487</ele>
    </rtept>
    <rtept lat="28.528121" lon="83.898905">
      <ele>3844.287168</ele>
    </rtept>
    <rtept lat="28.528107" lon="83.899012">
      <ele>3844.32798</ele>
    </rtept>
    <rtept lat="28.528102" lon="83.899115">
      <ele>3843.748119</ele>
    </rtept>
    <rtept lat="28.528059" lon="83.899218">
      <ele>3842.755182</ele>
    </rtept>
    <rtept lat="28.528087" lon="83.899319">
      <ele>3841.951549</ele>
    </rtept>
    <rtept lat="28.528073" lon="83.89942">
      <ele>3841.112192</ele>
    </rtept>
    <rtept lat="28.528049" lon="83.899521">
      <ele>3841.041352</ele>
    </rtept>
    <rtept lat="28.528003" lon="83.899609">
      <ele>3839.731244</ele>
    </rtept>
    <rtept lat="28.52801" lon="83.899722">
      <ele>3838.096295</ele>
    </rtept>
    <rtept lat="28.527956" lon="83.89981">
      <ele>3833.04678</ele>
    </rtept>
    <rtept lat="28.52792" lon="83.899909">
      <ele>3830.012791</ele>
    </rtept>
    <rtept lat="28.527936" lon="83.900013">
      <ele>3823.3311</ele>
    </rtept>
    <rtept lat="28.52785" lon="83.900053">
      <ele>3821.06619</ele>
    </rtept>
    <rtept lat="28.527821" lon="83.90015">
      <ele>3815.37934</ele>
    </rtept>
    <rtept lat="28.527832" lon="83.900252">
      <ele>3809.926886</ele>
    </rtept>
    <rtept lat="28.527824" lon="83.900358">
      <ele>3807.673092</ele>
    </rtept>
    <rtept lat="28.527814" lon="83.90046">
      <ele>3805.357605</ele>
    </rtept>
    <rtept lat="28.527815" lon="83.900563">
      <ele>3803.453714</ele>
    </rtept>
    <rtept lat="28.527777" lon="83.900657">
      <ele>3801.955345</ele>
    </rtept>
    <rtept lat="28.527772" lon="83.900759">
      <ele>3802.188182</ele>
    </rtept>
    <rtept lat="28.527741" lon="83.900856">
      <ele>3802.287745</ele>
    </rtept>
    <rtept lat="28.527691" lon="83.900943">
      <ele>3801.473672</ele>
    </rtept>
    <rtept lat="28.52767" lon="83.901049">
      <ele>3800.818094</ele>
    </rtept>
    <rtept lat="28.527652" lon="83.901157">
      <ele>3801.517279</ele>
    </rtept>
    <rtept lat="28.527643" lon="83.901261">
      <ele>3798.320674</ele>
    </rtept>
    <rtept lat="28.5276" lon="83.901355">
      <ele>3790.403507</ele>
    </rtept>
    <rtept lat="28.52759" lon="83.901459">
      <ele>3789.503582</ele>
    </rtept>
    <rtept lat="28.527568" lon="83.90156">
      <ele>3790.075127</ele>
    </rtept>
    <rtept lat="28.527557" lon="83.901662">
      <ele>3788.477041</ele>
    </rtept>
    <rtept lat="28.527529" lon="83.90176">
      <ele>3783.73202</ele>
    </rtept>
    <rtept lat="28.527462" lon="83.901829">
      <ele>3777.935992</ele>
    </rtept>
    <rtept lat="28.527377" lon="83.901876">
      <ele>3777.807547</ele>
    </rtept>
    <rtept lat="28.527314" lon="83.901953">
      <ele>3774.94961</ele>
    </rtept>
    <rtept lat="28.527344" lon="83.902056">
      <ele>3773.246498</ele>
    </rtept>
    <rtept lat="28.527327" lon="83.902159">
      <ele>3766.262874</ele>
    </rtept>
    <rtept lat="28.527363" lon="83.902262">
      <ele>3764.964507</ele>
    </rtept>
    <rtept lat="28.527407" lon="83.902352">
      <ele>3764.234813</ele>
    </rtept>
    <rtept lat="28.527431" lon="83.902454">
      <ele>3763.744004</ele>
    </rtept>
    <rtept lat="28.527475" lon="83.902545">
      <ele>3760.638177</ele>
    </rtept>
    <rtept lat="28.527476" lon="83.902648">
      <ele>3759.753732</ele>
    </rtept>
    <rtept lat="28.527498" lon="83.902756">
      <ele>3759.411278</ele>
    </rtept>
    <rtept lat="28.527499" lon="83.902865">
      <ele>3758.91378</ele>
    </rtept>
    <rtept lat="28.527517" lon="83.902967">
      <ele>3757.90031</ele>
    </rtept>
    <rtept lat="28.527508" lon="83.903075">
      <ele>3756.752128</ele>
    </rtept>
    <rtept lat="28.527522" lon="83.903177">
      <ele>3754.070929</ele>
    </rtept>
    <rtept lat="28.527485" lon="83.903273">
      <ele>3750.684999</ele>
    </rtept>
    <rtept lat="28.527489" lon="83.903381">
      <ele>3748.012921</ele>
    </rtept>
    <rtept lat="28.527478" lon="83.903489">
      <ele>3745.015017</ele>
    </rtept>
    <rtept lat="28.527435" lon="83.903583">
      <ele>3743.84637</ele>
    </rtept>
    <rtept lat="28.527419" lon="83.903686">
      <ele>3743.306668</ele>
    </rtept>
    <rtept lat="28.527377" lon="83.903783">
      <ele>3742.720782</ele>
    </rtept>
    <rtept lat="28.527364" lon="83.903887">
      <ele>3742.968198</ele>
    </rtept>
    <rtept lat="28.527368" lon="83.904001">
      <ele>3742.394165</ele>
    </rtept>
    <rtept lat="28.527376" lon="83.904103">
      <ele>3740.308603</ele>
    </rtept>
    <rtept lat="28.527338" lon="83.904199">
      <ele>3737.906996</ele>
    </rtept>
    <rtept lat="28.527303" lon="83.904303">
      <ele>3733.82663</ele>
    </rtept>
    <rtept lat="28.527316" lon="83.904414">
      <ele>3731.805824</ele>
    </rtept>
    <rtept lat="28.527356" lon="83.904506">
      <ele>3731.577167</ele>
    </rtept>
    <rtept lat="28.527361" lon="83.904612">
      <ele>3730.937982</ele>
    </rtept>
    <rtept lat="28.52732" lon="83.904703">
      <ele>3725.230896</ele>
    </rtept>
    <rtept lat="28.527283" lon="83.904804">
      <ele>3720.803681</ele>
    </rtept>
    <rtept lat="28.527235" lon="83.904893">
      <ele>3711.623281</ele>
    </rtept>
    <rtept lat="28.527193" lon="83.904992">
      <ele>3708.994703</ele>
    </rtept>
    <rtept lat="28.527162" lon="83.905088">
      <ele>3707.709517</ele>
    </rtept>
    <rtept lat="28.527099" lon="83.905169">
      <ele>3705.841813</ele>
    </rtept>
    <rtept lat="28.527115" lon="83.905275">
      <ele>3704.426438</ele>
    </rtept>
    <rtept lat="28.527086" lon="83.905376">
      <ele>3702.172427</ele>
    </rtept>
    <rtept lat="28.527046" lon="83.905476">
      <ele>3700.069941</ele>
    </rtept>
    <rtept lat="28.527017" lon="83.905574">
      <ele>3698.282006</ele>
    </rtept>
    <rtept lat="28.526998" lon="83.905682">
      <ele>3696.804897</ele>
    </rtept>
    <rtept lat="28.526921" lon="83.905736">
      <ele>3694.849234</ele>
    </rtept>
    <rtept lat="28.526875" lon="83.905829">
      <ele>3693.603833</ele>
    </rtept>
    <rtept lat="28.526826" lon="83.905918">
      <ele>3693.764504</ele>
    </rtept>
    <rtept lat="28.526767" lon="83.905997">
      <ele>3692.571679</ele>
    </rtept>
    <rtept lat="28.526718" lon="83.906093">
      <ele>3691.951434</ele>
    </rtept>
    <rtept lat="28.526658" lon="83.906182">
      <ele>3691.725749</ele>
    </rtept>
    <rtept lat="28.526599" lon="83.906271">
      <ele>3692.264322</ele>
    </rtept>
    <rtept lat="28.526535" lon="83.906351">
      <ele>3691.889535</ele>
    </rtept>
    <rtept lat="28.526476" lon="83.906432">
      <ele>3689.884085</ele>
    </rtept>
    <rtept lat="28.526412" lon="83.906512">
      <ele>3681.594305</ele>
    </rtept>
    <rtept lat="28.526394" lon="83.906613">
      <ele>3679.100619</ele>
    </rtept>
    <rtept lat="28.526321" lon="83.906679">
      <ele>3678.304395</ele>
    </rtept>
    <rtept lat="28.526249" lon="83.906745">
      <ele>3677.272793</ele>
    </rtept>
    <rtept lat="28.52616" lon="83.906792">
      <ele>3677.75819</ele>
    </rtept>
    <rtept lat="28.526089" lon="83.906862">
      <ele>3676.344103</ele>
    </rtept>
    <rtept lat="28.526043" lon="83.906957">
      <ele>3677.063342</ele>
    </rtept>
    <rtept lat="28.525982" lon="83.907033">
      <ele>3675.969664</ele>
    </rtept>
    <rtept lat="28.525894" lon="83.907084">
      <ele>3673.402276</ele>
    </rtept>
    <rtept lat="28.525812" lon="83.90714">
      <ele>3671.450535</ele>
    </rtept>
    <rtept lat="28.525725" lon="83.907171">
      <ele>3666.347379</ele>
    </rtept>
    <rtept lat="28.525644" lon="83.907223">
      <ele>3660.940037</ele>
    </rtept>
    <rtept lat="28.525625" lon="83.907323">
      <ele>3658.639033</ele>
    </rtept>
    <rtept lat="28.52554" lon="83.907372">
      <ele>3655.503216</ele>
    </rtept>
    <rtept lat="28.525446" lon="83.907401">
      <ele>3652.533655</ele>
    </rtept>
    <rtept lat="28.525366" lon="83.907456">
      <ele>3646.982936</ele>
    </rtept>
    <rtept lat="28.525293" lon="83.907525">
      <ele>3647.056997</ele>
    </rtept>
    <rtept lat="28.525214" lon="83.907577">
      <ele>3644.067037</ele>
    </rtept>
    <rtept lat="28.525134" lon="83.907638">
      <ele>3642.396107</ele>
    </rtept>
    <rtept lat="28.525042" lon="83.907629">
      <ele>3640.346938</ele>
    </rtept>
    <rtept lat="28.524954" lon="83.907666">
      <ele>3638.321073</ele>
    </rtept>
    <rtept lat="28.524877" lon="83.907722">
      <ele>3634.807892</ele>
    </rtept>
    <rtept lat="28.524785" lon="83.907754">
      <ele>3632.355067</ele>
    </rtept>
    <rtept lat="28.524714" lon="83.907818">
      <ele>3629.460912</ele>
    </rtept>
    <rtept lat="28.524623" lon="83.907851">
      <ele>3629.500558</ele>
    </rtept>
    <rtept lat="28.524534" lon="83.907878">
      <ele>3629.952866</ele>
    </rtept>
    <rtept lat="28.524453" lon="83.90794">
      <ele>3626.716524</ele>
    </rtept>
    <rtept lat="28.524365" lon="83.907965">
      <ele>3618.659216</ele>
    </rtept>
    <rtept lat="28.524264" lon="83.907988">
      <ele>3610.444411</ele>
    </rtept>
    <rtept lat="28.524186" lon="83.907935">
      <ele>3608.236229</ele>
    </rtept>
    <rtept lat="28.524087" lon="83.907935">
      <ele>3609.207573</ele>
    </rtept>
    <rtept lat="28.524" lon="83.907971">
      <ele>3609.920452</ele>
    </rtept>
    <rtept lat="28.523909" lon="83.907991">
      <ele>3610.608776</ele>
    </rtept>
    <rtept lat="28.523814" lon="83.907976">
      <ele>3610.558635</ele>
    </rtept>
    <rtept lat="28.523724" lon="83.908001">
      <ele>3609.63226</ele>
    </rtept>
    <rtept lat="28.523656" lon="83.908074">
      <ele>3611.001187</ele>
    </rtept>
    <rtept lat="28.523563" lon="83.908069">
      <ele>3611.210932</ele>
    </rtept>
    <rtept lat="28.523469" lon="83.908096">
      <ele>3610.845086</ele>
    </rtept>
    <rtept lat="28.523404" lon="83.908172">
      <ele>3609.750204</ele>
    </rtept>
    <rtept lat="28.52334" lon="83.908252">
      <ele>3609.622598</ele>
    </rtept>
    <rtept lat="28.523269" lon="83.908324">
      <ele>3608.58831</ele>
    </rtept>
    <rtept lat="28.523199" lon="83.908252">
      <ele>3605.919026</ele>
    </rtept>
    <rtept lat="28.52312" lon="83.9082">
      <ele>3603.552322</ele>
    </rtept>
    <rtept lat="28.523019" lon="83.90821">
      <ele>3603.740292</ele>
    </rtept>
    <rtept lat="28.522921" lon="83.908209">
      <ele>3603.13845</ele>
    </rtept>
    <rtept lat="28.522828" lon="83.908204">
      <ele>3601.208001</ele>
    </rtept>
    <rtept lat="28.522734" lon="83.908202">
      <ele>3602.883644</ele>
    </rtept>
    <rtept lat="28.522643" lon="83.908178">
      <ele>3602.550194</ele>
    </rtept>
    <rtept lat="28.52255" lon="83.908197">
      <ele>3601.155853</ele>
    </rtept>
    <rtept lat="28.522461" lon="83.90822">
      <ele>3599.95795</ele>
    </rtept>
    <rtept lat="28.522366" lon="83.908213">
      <ele>3598.372893</ele>
    </rtept>
    <rtept lat="28.522278" lon="83.90819">
      <ele>3597.267189</ele>
    </rtept>
    <rtept lat="28.522186" lon="83.908196">
      <ele>3596.127953</ele>
    </rtept>
    <rtept lat="28.522096" lon="83.908199">
      <ele>3594.91213</ele>
    </rtept>
    <rtept lat="28.522006" lon="83.908187">
      <ele>3592.86256</ele>
    </rtept>
    <rtept lat="28.521915" lon="83.908168">
      <ele>3592.663502</ele>
    </rtept>
    <rtept lat="28.521838" lon="83.908096">
      <ele>3590.447795</ele>
    </rtept>
    <rtept lat="28.521803" lon="83.907992">
      <ele>3591.794961</ele>
    </rtept>
    <rtept lat="28.521795" lon="83.908099">
      <ele>3589.250978</ele>
    </rtept>
    <rtept lat="28.521702" lon="83.908107">
      <ele>3584.632796</ele>
    </rtept>
    <rtept lat="28.521611" lon="83.908082">
      <ele>3582.251308</ele>
    </rtept>
    <rtept lat="28.521518" lon="83.908082">
      <ele>3580.144758</ele>
    </rtept>
    <rtept lat="28.521426" lon="83.90809">
      <ele>3578.782217</ele>
    </rtept>
    <rtept lat="28.521342" lon="83.908053">
      <ele>3579.945623</ele>
    </rtept>
    <rtept lat="28.521252" lon="83.908068">
      <ele>3578.659338</ele>
    </rtept>
    <rtept lat="28.521161" lon="83.908082">
      <ele>3575.86761</ele>
    </rtept>
    <rtept lat="28.521071" lon="83.908118">
      <ele>3567.568558</ele>
    </rtept>
    <rtept lat="28.520972" lon="83.908111">
      <ele>3563.294473</ele>
    </rtept>
    <rtept lat="28.520878" lon="83.908108">
      <ele>3562.294326</ele>
    </rtept>
    <rtept lat="28.520795" lon="83.908065">
      <ele>3561.944739</ele>
    </rtept>
    <rtept lat="28.52071" lon="83.908008">
      <ele>3560.418359</ele>
    </rtept>
    <rtept lat="28.520631" lon="83.907943">
      <ele>3561.624882</ele>
    </rtept>
    <rtept lat="28.520544" lon="83.907912">
      <ele>3560.899678</ele>
    </rtept>
    <rtept lat="28.520461" lon="83.907868">
      <ele>3560.384839</ele>
    </rtept>
    <rtept lat="28.520375" lon="83.90782">
      <ele>3556.832261</ele>
    </rtept>
    <rtept lat="28.520289" lon="83.907781">
      <ele>3554.463602</ele>
    </rtept>
    <rtept lat="28.5202" lon="83.907766">
      <ele>3552.535511</ele>
    </rtept>
    <rtept lat="28.520116" lon="83.907718">
      <ele>3551.587754</ele>
    </rtept>
    <rtept lat="28.52002" lon="83.907699">
      <ele>3549.907791</ele>
    </rtept>
    <rtept lat="28.519928" lon="83.907668">
      <ele>3544.268078</ele>
    </rtept>
    <rtept lat="28.519836" lon="83.907639">
      <ele>3542.467697</ele>
    </rtept>
    <rtept lat="28.519746" lon="83.907598">
      <ele>3538.723771</ele>
    </rtept>
    <rtept lat="28.519661" lon="83.907557">
      <ele>3536.489331</ele>
    </rtept>
    <rtept lat="28.519571" lon="83.907534">
      <ele>3534.958942</ele>
    </rtept>
    <rtept lat="28.519489" lon="83.907475">
      <ele>3536.511085</ele>
    </rtept>
    <rtept lat="28.519405" lon="83.907433">
      <ele>3535.582379</ele>
    </rtept>
    <rtept lat="28.519311" lon="83.907406">
      <ele>3534.144231</ele>
    </rtept>
    <rtept lat="28.519223" lon="83.90737">
      <ele>3532.364898</ele>
    </rtept>
    <rtept lat="28.519133" lon="83.907348">
      <ele>3530.607585</ele>
    </rtept>
    <rtept lat="28.519053" lon="83.907297">
      <ele>3528.210079</ele>
    </rtept>
    <rtept lat="28.518969" lon="83.907249">
      <ele>3525.876551</ele>
    </rtept>
    <rtept lat="28.518881" lon="83.907213">
      <ele>3523.850831</ele>
    </rtept>
    <rtept lat="28.518786" lon="83.907208">
      <ele>3521.302336</ele>
    </rtept>
    <rtept lat="28.518698" lon="83.907166">
      <ele>3520.725281</ele>
    </rtept>
    <rtept lat="28.518739" lon="83.907262">
      <ele>3518.160082</ele>
    </rtept>
    <rtept lat="28.518796" lon="83.907341">
      <ele>3514.940799</ele>
    </rtept>
    <rtept lat="28.518885" lon="83.907386">
      <ele>3507.822205</ele>
    </rtept>
    <rtept lat="28.518928" lon="83.907477">
      <ele>3506.658662</ele>
    </rtept>
    <rtept lat="28.518947" lon="83.907579">
      <ele>3505.220215</ele>
    </rtept>
    <rtept lat="28.518869" lon="83.907524">
      <ele>3511.91146</ele>
    </rtept>
    <rtept lat="28.518776" lon="83.907518">
      <ele>3507.647262</ele>
    </rtept>
    <rtept lat="28.518679" lon="83.907514">
      <ele>3503.750009</ele>
    </rtept>
    <rtept lat="28.518595" lon="83.907558">
      <ele>3492.556021</ele>
    </rtept>
    <rtept lat="28.518533" lon="83.907637">
      <ele>3488.128799</ele>
    </rtept>
    <rtept lat="28.518478" lon="83.907727">
      <ele>3481.375906</ele>
    </rtept>
    <rtept lat="28.51839" lon="83.907757">
      <ele>3479.918327</ele>
    </rtept>
    <rtept lat="28.518299" lon="83.907778">
      <ele>3484.147557</ele>
    </rtept>
    <rtept lat="28.518209" lon="83.907745">
      <ele>3485.742011</ele>
    </rtept>
    <rtept lat="28.518116" lon="83.907737">
      <ele>3477.056166</ele>
    </rtept>
    <rtept lat="28.518034" lon="83.907694">
      <ele>3475.494801</ele>
    </rtept>
    <rtept lat="28.517955" lon="83.907635">
      <ele>3472.799639</ele>
    </rtept>
    <rtept lat="28.517866" lon="83.907656">
      <ele>3472.317052</ele>
    </rtept>
    <rtept lat="28.517776" lon="83.907632">
      <ele>3466.193202</ele>
    </rtept>
    <rtept lat="28.517682" lon="83.907632">
      <ele>3464.458109</ele>
    </rtept>
    <rtept lat="28.517587" lon="83.907605">
      <ele>3460.064843</ele>
    </rtept>
    <rtept lat="28.517495" lon="83.907593">
      <ele>3460.07411</ele>
    </rtept>
    <rtept lat="28.517404" lon="83.90759">
      <ele>3460.403115</ele>
    </rtept>
    <rtept lat="28.517308" lon="83.90758">
      <ele>3458.880962</ele>
    </rtept>
    <rtept lat="28.517224" lon="83.907529">
      <ele>3457.759976</ele>
    </rtept>
    <rtept lat="28.517134" lon="83.907542">
      <ele>3456.687972</ele>
    </rtept>
    <rtept lat="28.517042" lon="83.907526">
      <ele>3455.433804</ele>
    </rtept>
    <rtept lat="28.516958" lon="83.907472">
      <ele>3456.947482</ele>
    </rtept>
    <rtept lat="28.516865" lon="83.907472">
      <ele>3457.761522</ele>
    </rtept>
    <rtept lat="28.516775" lon="83.907446">
      <ele>3457.31011</ele>
    </rtept>
    <rtept lat="28.516682" lon="83.907426">
      <ele>3456.280689</ele>
    </rtept>
    <rtept lat="28.516591" lon="83.907391">
      <ele>3453.039418</ele>
    </rtept>
    <rtept lat="28.516507" lon="83.907347">
      <ele>3450.34856</ele>
    </rtept>
    <rtept lat="28.516428" lon="83.907291">
      <ele>3449.014149</ele>
    </rtept>
    <rtept lat="28.516336" lon="83.907271">
      <ele>3448.009042</ele>
    </rtept>
    <rtept lat="28.516241" lon="83.907276">
      <ele>3442.230527</ele>
    </rtept>
    <rtept lat="28.516149" lon="83.907257">
      <ele>3439.499053</ele>
    </rtept>
    <rtept lat="28.516062" lon="83.907221">
      <ele>3438.593866</ele>
    </rtept>
    <rtept lat="28.515974" lon="83.907193">
      <ele>3439.083734</ele>
    </rtept>
    <rtept lat="28.515914" lon="83.907107">
      <ele>3439.645328</ele>
    </rtept>
    <rtept lat="28.515822" lon="83.907081">
      <ele>3439.028343</ele>
    </rtept>
    <rtept lat="28.515759" lon="83.907006">
      <ele>3440.655288</ele>
    </rtept>
    <rtept lat="28.515672" lon="83.906969">
      <ele>3438.088871</ele>
    </rtept>
    <rtept lat="28.515581" lon="83.906961">
      <ele>3435.662752</ele>
    </rtept>
    <rtept lat="28.515521" lon="83.90688">
      <ele>3435.154928</ele>
    </rtept>
    <rtept lat="28.51543" lon="83.906872">
      <ele>3433.526121</ele>
    </rtept>
    <rtept lat="28.515398" lon="83.906776">
      <ele>3429.341255</ele>
    </rtept>
    <rtept lat="28.515345" lon="83.906687">
      <ele>3427.843071</ele>
    </rtept>
    <rtept lat="28.515259" lon="83.906642">
      <ele>3427.507194</ele>
    </rtept>
    <rtept lat="28.515172" lon="83.906601">
      <ele>3427.184691</ele>
    </rtept>
    <rtept lat="28.515077" lon="83.906575">
      <ele>3428.250775</ele>
    </rtept>
    <rtept lat="28.514983" lon="83.906565">
      <ele>3426.626285</ele>
    </rtept>
    <rtept lat="28.514886" lon="83.906551">
      <ele>3426.206051</ele>
    </rtept>
    <rtept lat="28.51479" lon="83.906536">
      <ele>3425.142618</ele>
    </rtept>
    <rtept lat="28.514718" lon="83.906462">
      <ele>3425.248823</ele>
    </rtept>
    <rtept lat="28.514642" lon="83.906394">
      <ele>3424.82456</ele>
    </rtept>
    <rtept lat="28.5146" lon="83.906293">
      <ele>3422.44231</ele>
    </rtept>
    <rtept lat="28.514515" lon="83.906243">
      <ele>3421.620061</ele>
    </rtept>
    <rtept lat="28.514442" lon="83.906306">
      <ele>3420.363859</ele>
    </rtept>
    <rtept lat="28.514353" lon="83.906337">
      <ele>3417.76741</ele>
    </rtept>
    <rtept lat="28.514272" lon="83.90629">
      <ele>3416.086033</ele>
    </rtept>
    <rtept lat="28.514236" lon="83.906386">
      <ele>3416.887668</ele>
    </rtept>
    <rtept lat="28.51417" lon="83.906456">
      <ele>3414.384981</ele>
    </rtept>
    <rtept lat="28.514094" lon="83.906514">
      <ele>3409.97209</ele>
    </rtept>
    <rtept lat="28.514003" lon="83.906524">
      <ele>3405.340266</ele>
    </rtept>
    <rtept lat="28.513907" lon="83.90652">
      <ele>3403.792142</ele>
    </rtept>
    <rtept lat="28.513815" lon="83.906496">
      <ele>3398.020391</ele>
    </rtept>
    <rtept lat="28.513724" lon="83.906497">
      <ele>3396.059559</ele>
    </rtept>
    <rtept lat="28.513647" lon="83.906439">
      <ele>3391.862349</ele>
    </rtept>
    <rtept lat="28.513582" lon="83.906366">
      <ele>3393.055892</ele>
    </rtept>
    <rtept lat="28.513508" lon="83.906302">
      <ele>3391.726626</ele>
    </rtept>
    <rtept lat="28.513431" lon="83.906242">
      <ele>3389.742761</ele>
    </rtept>
    <rtept lat="28.513373" lon="83.90616">
      <ele>3384.987534</ele>
    </rtept>
    <rtept lat="28.513294" lon="83.906093">
      <ele>3382.573172</ele>
    </rtept>
    <rtept lat="28.51322" lon="83.90603">
      <ele>3381.437463</ele>
    </rtept>
    <rtept lat="28.51313" lon="83.906001">
      <ele>3382.135456</ele>
    </rtept>
    <rtept lat="28.513076" lon="83.905911">
      <ele>3368.222553</ele>
    </rtept>
    <rtept lat="28.513049" lon="83.906013">
      <ele>3362.52851</ele>
    </rtept>
    <rtept lat="28.512962" lon="83.906041">
      <ele>3361.254485</ele>
    </rtept>
    <rtept lat="28.512867" lon="83.906038">
      <ele>3359.664335</ele>
    </rtept>
    <rtept lat="28.512772" lon="83.90605">
      <ele>3361.337803</ele>
    </rtept>
    <rtept lat="28.51268" lon="83.906033">
      <ele>3362.403185</ele>
    </rtept>
    <rtept lat="28.512594" lon="83.906066">
      <ele>3357.566756</ele>
    </rtept>
    <rtept lat="28.512499" lon="83.906083">
      <ele>3355.132518</ele>
    </rtept>
    <rtept lat="28.512408" lon="83.906068">
      <ele>3354.386272</ele>
    </rtept>
    <rtept lat="28.512325" lon="83.906019">
      <ele>3354.066428</ele>
    </rtept>
    <rtept lat="28.512254" lon="83.905946">
      <ele>3352.032286</ele>
    </rtept>
    <rtept lat="28.51221" lon="83.905855">
      <ele>3348.715246</ele>
    </rtept>
    <rtept lat="28.512121" lon="83.905811">
      <ele>3348.208497</ele>
    </rtept>
    <rtept lat="28.512028" lon="83.905786">
      <ele>3347.913708</ele>
    </rtept>
    <rtept lat="28.511936" lon="83.905754">
      <ele>3347.951047</ele>
    </rtept>
    <rtept lat="28.511851" lon="83.905711">
      <ele>3350.086619</ele>
    </rtept>
    <rtept lat="28.511794" lon="83.905622">
      <ele>3344.361029</ele>
    </rtept>
    <rtept lat="28.511722" lon="83.905545">
      <ele>3344.102866</ele>
    </rtept>
    <rtept lat="28.511652" lon="83.905468">
      <ele>3344.93548</ele>
    </rtept>
    <rtept lat="28.51157" lon="83.905415">
      <ele>3345.405253</ele>
    </rtept>
    <rtept lat="28.511473" lon="83.905391">
      <ele>3343.807003</ele>
    </rtept>
    <rtept lat="28.511407" lon="83.905321">
      <ele>3342.63004</ele>
    </rtept>
    <rtept lat="28.51135" lon="83.905226">
      <ele>3341.609454</ele>
    </rtept>
    <rtept lat="28.511273" lon="83.905158">
      <ele>3341.111031</ele>
    </rtept>
    <rtept lat="28.511229" lon="83.905058">
      <ele>3342.154408</ele>
    </rtept>
    <rtept lat="28.511215" lon="83.904939">
      <ele>3343.518166</ele>
    </rtept>
    <rtept lat="28.511124" lon="83.904889">
      <ele>3344.43397</ele>
    </rtept>
    <rtept lat="28.511033" lon="83.904885">
      <ele>3347.904701</ele>
    </rtept>
    <rtept lat="28.510929" lon="83.904833">
      <ele>3343.964842</ele>
    </rtept>
    <rtept lat="28.510844" lon="83.90478">
      <ele>3335.416372</ele>
    </rtept>
    <rtept lat="28.510777" lon="83.9047">
      <ele>3333.821437</ele>
    </rtept>
    <rtept lat="28.510716" lon="83.904617">
      <ele>3334.698846</ele>
    </rtept>
    <rtept lat="28.51063" lon="83.90458">
      <ele>3332.730387</ele>
    </rtept>
    <rtept lat="28.510532" lon="83.904573">
      <ele>3329.992274</ele>
    </rtept>
    <rtept lat="28.510449" lon="83.904625">
      <ele>3323.086293</ele>
    </rtept>
    <rtept lat="28.510354" lon="83.90464">
      <ele>3322.736114</ele>
    </rtept>
    <rtept lat="28.510252" lon="83.904633">
      <ele>3318.922775</ele>
    </rtept>
    <rtept lat="28.510161" lon="83.904633">
      <ele>3318.697725</ele>
    </rtept>
    <rtept lat="28.510071" lon="83.904647">
      <ele>3318.676018</ele>
    </rtept>
    <rtept lat="28.50998" lon="83.904617">
      <ele>3318.043598</ele>
    </rtept>
    <rtept lat="28.50989" lon="83.904616">
      <ele>3316.452822</ele>
    </rtept>
    <rtept lat="28.509791" lon="83.904628">
      <ele>3314.380626</ele>
    </rtept>
    <rtept lat="28.50969" lon="83.904643">
      <ele>3312.991329</ele>
    </rtept>
    <rtept lat="28.509602" lon="83.904604">
      <ele>3312.781442</ele>
    </rtept>
    <rtept lat="28.509505" lon="83.904602">
      <ele>3312.336955</ele>
    </rtept>
    <rtept lat="28.509413" lon="83.904629">
      <ele>3312.047966</ele>
    </rtept>
    <rtept lat="28.509323" lon="83.904635">
      <ele>3308.573289</ele>
    </rtept>
    <rtept lat="28.50925" lon="83.904714">
      <ele>3305.268595</ele>
    </rtept>
    <rtept lat="28.509181" lon="83.904785">
      <ele>3303.736731</ele>
    </rtept>
    <rtept lat="28.509085" lon="83.904739">
      <ele>3302.174198</ele>
    </rtept>
    <rtept lat="28.509011" lon="83.904678">
      <ele>3303.855305</ele>
    </rtept>
    <rtept lat="28.508907" lon="83.90468">
      <ele>3302.702583</ele>
    </rtept>
    <rtept lat="28.508814" lon="83.904684">
      <ele>3304.439153</ele>
    </rtept>
    <rtept lat="28.508718" lon="83.904687">
      <ele>3304.98496</ele>
    </rtept>
    <rtept lat="28.508627" lon="83.904699">
      <ele>3305.671112</ele>
    </rtept>
    <rtept lat="28.50853" lon="83.904722">
      <ele>3303.031204</ele>
    </rtept>
    <rtept lat="28.508455" lon="83.904658">
      <ele>3303.604098</ele>
    </rtept>
    <rtept lat="28.508367" lon="83.904621">
      <ele>3305.474559</ele>
    </rtept>
    <rtept lat="28.508291" lon="83.904563">
      <ele>3304.957951</ele>
    </rtept>
    <rtept lat="28.508202" lon="83.904601">
      <ele>3303.214255</ele>
    </rtept>
    <rtept lat="28.508114" lon="83.904558">
      <ele>3303.867491</ele>
    </rtept>
    <rtept lat="28.508021" lon="83.904591">
      <ele>3301.60012</ele>
    </rtept>
    <rtept lat="28.507925" lon="83.904575">
      <ele>3303.983263</ele>
    </rtept>
    <rtept lat="28.507833" lon="83.90455">
      <ele>3304.741761</ele>
    </rtept>
    <rtept lat="28.507737" lon="83.904535">
      <ele>3304.872656</ele>
    </rtept>
    <rtept lat="28.50765" lon="83.904502">
      <ele>3305.700154</ele>
    </rtept>
    <rtept lat="28.507579" lon="83.90443">
      <ele>3304.043773</ele>
    </rtept>
    <rtept lat="28.507482" lon="83.904373">
      <ele>3305.018665</ele>
    </rtept>
    <rtept lat="28.50742" lon="83.904291">
      <ele>3303.218698</ele>
    </rtept>
    <rtept lat="28.507361" lon="83.904214">
      <ele>3302.696611</ele>
    </rtept>
    <rtept lat="28.50727" lon="83.904208">
      <ele>3300.722283</ele>
    </rtept>
    <rtept lat="28.507176" lon="83.904223">
      <ele>3300.867528</ele>
    </rtept>
    <rtept lat="28.507086" lon="83.90422">
      <ele>3301.825007</ele>
    </rtept>
    <rtept lat="28.507003" lon="83.904164">
      <ele>3305.336346</ele>
    </rtept>
    <rtept lat="28.506911" lon="83.904112">
      <ele>3309.029706</ele>
    </rtept>
    <rtept lat="28.50683" lon="83.90416">
      <ele>3309.329456</ele>
    </rtept>
    <rtept lat="28.506742" lon="83.904121">
      <ele>3310.379899</ele>
    </rtept>
    <rtept lat="28.506657" lon="83.904162">
      <ele>3309.062155</ele>
    </rtept>
    <rtept lat="28.506572" lon="83.904203">
      <ele>3306.942866</ele>
    </rtept>
    <rtept lat="28.506488" lon="83.904151">
      <ele>3307.056212</ele>
    </rtept>
    <rtept lat="28.506398" lon="83.904175">
      <ele>3305.367157</ele>
    </rtept>
    <rtept lat="28.506334" lon="83.904251">
      <ele>3302.341192</ele>
    </rtept>
    <rtept lat="28.506246" lon="83.904289">
      <ele>3298.110285</ele>
    </rtept>
    <rtept lat="28.506245" lon="83.904395">
      <ele>3294.180492</ele>
    </rtept>
    <rtept lat="28.506244" lon="83.904506">
      <ele>3293.944535</ele>
    </rtept>
    <rtept lat="28.506147" lon="83.904509">
      <ele>3293.082962</ele>
    </rtept>
    <rtept lat="28.506069" lon="83.904569">
      <ele>3293.086078</ele>
    </rtept>
    <rtept lat="28.505985" lon="83.904622">
      <ele>3292.507144</ele>
    </rtept>
    <rtept lat="28.505896" lon="83.904646">
      <ele>3293.457013</ele>
    </rtept>
    <rtept lat="28.505808" lon="83.90462">
      <ele>3295.23096</ele>
    </rtept>
    <rtept lat="28.505717" lon="83.904623">
      <ele>3296.144635</ele>
    </rtept>
    <rtept lat="28.505619" lon="83.904612">
      <ele>3296.421299</ele>
    </rtept>
    <rtept lat="28.505528" lon="83.904634">
      <ele>3296.755424</ele>
    </rtept>
    <rtept lat="28.505431" lon="83.904632">
      <ele>3319.07387</ele>
    </rtept>
    <rtept lat="28.50534" lon="83.904663">
      <ele>3317.254333</ele>
    </rtept>
    <rtept lat="28.505254" lon="83.904595">
      <ele>3313.405025</ele>
    </rtept>
    <rtept lat="28.505173" lon="83.904542">
      <ele>3310.948679</ele>
    </rtept>
    <rtept lat="28.505118" lon="83.904451">
      <ele>3307.227089</ele>
    </rtept>
    <rtept lat="28.505045" lon="83.904381">
      <ele>3300.461296</ele>
    </rtept>
    <rtept lat="28.505016" lon="83.904278">
      <ele>3295.696596</ele>
    </rtept>
    <rtept lat="28.504941" lon="83.904208">
      <ele>3294.412725</ele>
    </rtept>
    <rtept lat="28.50485" lon="83.904173">
      <ele>3297.143655</ele>
    </rtept>
    <rtept lat="28.504756" lon="83.904135">
      <ele>3300.811839</ele>
    </rtept>
    <rtept lat="28.504663" lon="83.904131">
      <ele>3303.573735</ele>
    </rtept>
    <rtept lat="28.504578" lon="83.904173">
      <ele>3307.250938</ele>
    </rtept>
    <rtept lat="28.50449" lon="83.904198">
      <ele>3307.779298</ele>
    </rtept>
    <rtept lat="28.504401" lon="83.904166">
      <ele>3307.307611</ele>
    </rtept>
    <rtept lat="28.504306" lon="83.90416">
      <ele>3308.42981</ele>
    </rtept>
    <rtept lat="28.504223" lon="83.904118">
      <ele>3308.691184</ele>
    </rtept>
    <rtept lat="28.504144" lon="83.904061">
      <ele>3307.817213</ele>
    </rtept>
    <rtept lat="28.504104" lon="83.903967">
      <ele>3306.695183</ele>
    </rtept>
    <rtept lat="28.504092" lon="83.90385">
      <ele>3305.249426</ele>
    </rtept>
    <rtept lat="28.504059" lon="83.903751">
      <ele>3302.202781</ele>
    </rtept>
    <rtept lat="28.503995" lon="83.903672">
      <ele>3300.276227</ele>
    </rtept>
    <rtept lat="28.503964" lon="83.903572">
      <ele>3299.985932</ele>
    </rtept>
    <rtept lat="28.503895" lon="83.9035">
      <ele>3299.881092</ele>
    </rtept>
    <rtept lat="28.503853" lon="83.903409">
      <ele>3299.51902</ele>
    </rtept>
    <rtept lat="28.503793" lon="83.903322">
      <ele>3296.235428</ele>
    </rtept>
    <rtept lat="28.503708" lon="83.903359">
      <ele>3293.486936</ele>
    </rtept>
    <rtept lat="28.503619" lon="83.903381">
      <ele>3294.391375</ele>
    </rtept>
    <rtept lat="28.503523" lon="83.903381">
      <ele>3294.359027</ele>
    </rtept>
    <rtept lat="28.503432" lon="83.903355">
      <ele>3293.589539</ele>
    </rtept>
    <rtept lat="28.50334" lon="83.903347">
      <ele>3293.814543</ele>
    </rtept>
    <rtept lat="28.503248" lon="83.903296">
      <ele>3292.73145</ele>
    </rtept>
    <rtept lat="28.503159" lon="83.90327">
      <ele>3292.007416</ele>
    </rtept>
    <rtept lat="28.503068" lon="83.903271">
      <ele>3291.861157</ele>
    </rtept>
    <rtept lat="28.502975" lon="83.903273">
      <ele>3290.689138</ele>
    </rtept>
    <rtept lat="28.502883" lon="83.903267">
      <ele>3289.788968</ele>
    </rtept>
    <rtept lat="28.502794" lon="83.903298">
      <ele>3288.107145</ele>
    </rtept>
    <rtept lat="28.502704" lon="83.903316">
      <ele>3288.138253</ele>
    </rtept>
    <rtept lat="28.502625" lon="83.903257">
      <ele>3287.278017</ele>
    </rtept>
    <rtept lat="28.502543" lon="83.903303">
      <ele>3285.777191</ele>
    </rtept>
    <rtept lat="28.502481" lon="83.903223">
      <ele>3283.324847</ele>
    </rtept>
    <rtept lat="28.50241" lon="83.90329">
      <ele>3283.607649</ele>
    </rtept>
    <rtept lat="28.502317" lon="83.903305">
      <ele>3284.949367</ele>
    </rtept>
    <rtept lat="28.502224" lon="83.903301">
      <ele>3285.956979</ele>
    </rtept>
    <rtept lat="28.502131" lon="83.903321">
      <ele>3287.023978</ele>
    </rtept>
    <rtept lat="28.502045" lon="83.903356">
      <ele>3283.310318</ele>
    </rtept>
    <rtept lat="28.501958" lon="83.903322">
      <ele>3277.741856</ele>
    </rtept>
    <rtept lat="28.501867" lon="83.903328">
      <ele>3277.600194</ele>
    </rtept>
    <rtept lat="28.501773" lon="83.903316">
      <ele>3270.636054</ele>
    </rtept>
    <rtept lat="28.501682" lon="83.903335">
      <ele>3268.372787</ele>
    </rtept>
    <rtept lat="28.501629" lon="83.903246">
      <ele>3264.848564</ele>
    </rtept>
    <rtept lat="28.501565" lon="83.90317">
      <ele>3261.945081</ele>
    </rtept>
    <rtept lat="28.501524" lon="83.903078">
      <ele>3264.240596</ele>
    </rtept>
    <rtept lat="28.501506" lon="83.902978">
      <ele>3264.511997</ele>
    </rtept>
    <rtept lat="28.501451" lon="83.902893">
      <ele>3262.612032</ele>
    </rtept>
    <rtept lat="28.501377" lon="83.902833">
      <ele>3259.007296</ele>
    </rtept>
    <rtept lat="28.5013" lon="83.902779">
      <ele>3255.212318</ele>
    </rtept>
    <rtept lat="28.501227" lon="83.902717">
      <ele>3253.048315</ele>
    </rtept>
    <rtept lat="28.501151" lon="83.902661">
      <ele>3252.758848</ele>
    </rtept>
    <rtept lat="28.501079" lon="83.902598">
      <ele>3250.299079</ele>
    </rtept>
    <rtept lat="28.501038" lon="83.902499">
      <ele>3248.707369</ele>
    </rtept>
    <rtept lat="28.500968" lon="83.902434">
      <ele>3246.751316</ele>
    </rtept>
    <rtept lat="28.500904" lon="83.902356">
      <ele>3241.707939</ele>
    </rtept>
    <rtept lat="28.50084" lon="83.902283">
      <ele>3239.018503</ele>
    </rtept>
    <rtept lat="28.500792" lon="83.902195">
      <ele>3236.696741</ele>
    </rtept>
    <rtept lat="28.500742" lon="83.902108">
      <ele>3235.398686</ele>
    </rtept>
    <rtept lat="28.500673" lon="83.902042">
      <ele>3231.696165</ele>
    </rtept>
    <rtept lat="28.500626" lon="83.901954">
      <ele>3229.607843</ele>
    </rtept>
    <rtept lat="28.500536" lon="83.901931">
      <ele>3222.372557</ele>
    </rtept>
    <rtept lat="28.500549" lon="83.901827">
      <ele>3220.009921</ele>
    </rtept>
    <rtept lat="28.500606" lon="83.901746">
      <ele>3217.827337</ele>
    </rtept>
    <rtept lat="28.500626" lon="83.901639">
      <ele>3216.156077</ele>
    </rtept>
    <rtept lat="28.500531" lon="83.901642">
      <ele>3215.574089</ele>
    </rtept>
    <rtept lat="28.500464" lon="83.901568">
      <ele>3214.81163</ele>
    </rtept>
    <rtept lat="28.500366" lon="83.901596">
      <ele>3212.533858</ele>
    </rtept>
    <rtept lat="28.500286" lon="83.90154">
      <ele>3212.131373</ele>
    </rtept>
    <rtept lat="28.500192" lon="83.901528">
      <ele>3208.953003</ele>
    </rtept>
    <rtept lat="28.500109" lon="83.90157">
      <ele>3206.063076</ele>
    </rtept>
    <rtept lat="28.500026" lon="83.901615">
      <ele>3204.262292</ele>
    </rtept>
    <rtept lat="28.499961" lon="83.901542">
      <ele>3202.280118</ele>
    </rtept>
    <rtept lat="28.49988" lon="83.90149">
      <ele>3201.289126</ele>
    </rtept>
    <rtept lat="28.49979" lon="83.901457">
      <ele>3199.318548</ele>
    </rtept>
    <rtept lat="28.49971" lon="83.901406">
      <ele>3200.453938</ele>
    </rtept>
    <rtept lat="28.499645" lon="83.901334">
      <ele>3199.659186</ele>
    </rtept>
    <rtept lat="28.49959" lon="83.901246">
      <ele>3197.524673</ele>
    </rtept>
    <rtept lat="28.499547" lon="83.901156">
      <ele>3195.83585</ele>
    </rtept>
    <rtept lat="28.499493" lon="83.901066">
      <ele>3192.809428</ele>
    </rtept>
    <rtept lat="28.499409" lon="83.901028">
      <ele>3189.941136</ele>
    </rtept>
    <rtept lat="28.499323" lon="83.900994">
      <ele>3187.074202</ele>
    </rtept>
    <rtept lat="28.499245" lon="83.900943">
      <ele>3186.909296</ele>
    </rtept>
    <rtept lat="28.499162" lon="83.900894">
      <ele>3185.53444</ele>
    </rtept>
    <rtept lat="28.499077" lon="83.900859">
      <ele>3184.732293</ele>
    </rtept>
    <rtept lat="28.498985" lon="83.900846">
      <ele>3184.414756</ele>
    </rtept>
    <rtept lat="28.4989" lon="83.900884">
      <ele>3183.890196</ele>
    </rtept>
    <rtept lat="28.498854" lon="83.900796">
      <ele>3181.519185</ele>
    </rtept>
    <rtept lat="28.498943" lon="83.900741">
      <ele>3184.572435</ele>
    </rtept>
    <rtept lat="28.498951" lon="83.900633">
      <ele>3184.004648</ele>
    </rtept>
    <rtept lat="28.498975" lon="83.900527">
      <ele>3183.90967</ele>
    </rtept>
    <rtept lat="28.499026" lon="83.900442">
      <ele>3184.638747</ele>
    </rtept>
    <rtept lat="28.499109" lon="83.900402">
      <ele>3185.819219</ele>
    </rtept>
    <rtept lat="28.499202" lon="83.900425">
      <ele>3187.308206</ele>
    </rtept>
    <rtept lat="28.499268" lon="83.900353">
      <ele>3187.955881</ele>
    </rtept>
    <rtept lat="28.499281" lon="83.900247">
      <ele>3188.056867</ele>
    </rtept>
    <rtept lat="28.499273" lon="83.900145">
      <ele>3187.946914</ele>
    </rtept>
    <rtept lat="28.49922" lon="83.900061">
      <ele>3189.527614</ele>
    </rtept>
    <rtept lat="28.499158" lon="83.899976">
      <ele>3193.466427</ele>
    </rtept>
    <rtept lat="28.499074" lon="83.899938">
      <ele>3197.623856</ele>
    </rtept>
    <rtept lat="28.499" lon="83.899871">
      <ele>3198.82337</ele>
    </rtept>
    <rtept lat="28.498957" lon="83.89978">
      <ele>3201.60607</ele>
    </rtept>
    <rtept lat="28.498904" lon="83.899695">
      <ele>3202.16279</ele>
    </rtept>
    <rtept lat="28.498853" lon="83.8996">
      <ele>3204.133445</ele>
    </rtept>
    <rtept lat="28.498804" lon="83.899507">
      <ele>3201.529919</ele>
    </rtept>
    <rtept lat="28.498725" lon="83.899451">
      <ele>3206.928721</ele>
    </rtept>
    <rtept lat="28.498632" lon="83.899446">
      <ele>3209.538383</ele>
    </rtept>
    <rtept lat="28.49854" lon="83.89941">
      <ele>3210.356409</ele>
    </rtept>
    <rtept lat="28.498457" lon="83.899372">
      <ele>3208.862904</ele>
    </rtept>
    <rtept lat="28.498371" lon="83.899331">
      <ele>3207.017217</ele>
    </rtept>
    <rtept lat="28.498294" lon="83.899273">
      <ele>3208.580161</ele>
    </rtept>
    <rtept lat="28.49825" lon="83.899183">
      <ele>3204.544583</ele>
    </rtept>
    <rtept lat="28.498259" lon="83.899079">
      <ele>3205.669277</ele>
    </rtept>
    <rtept lat="28.498331" lon="83.899142">
      <ele>3205.825845</ele>
    </rtept>
    <rtept lat="28.498343" lon="83.899244">
      <ele>3205.171919</ele>
    </rtept>
    <rtept lat="28.49826" lon="83.899183">
      <ele>3205.37319</ele>
    </rtept>
    <rtept lat="28.498379" lon="83.899151">
      <ele>3201.685317</ele>
    </rtept>
    <rtept lat="28.498344" lon="83.899036">
      <ele>3196.293213</ele>
    </rtept>
    <rtept lat="28.498297" lon="83.899121">
      <ele>3198.230678</ele>
    </rtept>
    <rtept lat="28.498232" lon="83.899048">
      <ele>3202.621976</ele>
    </rtept>
    <rtept lat="28.498085" lon="83.89894">
      <ele>3207.344163</ele>
    </rtept>
    <rtept lat="28.498057" lon="83.898835">
      <ele>3210.784913</ele>
    </rtept>
    <rtept lat="28.497991" lon="83.898759">
      <ele>3211.357044</ele>
    </rtept>
    <rtept lat="28.497926" lon="83.89868">
      <ele>3208.366308</ele>
    </rtept>
    <rtept lat="28.497838" lon="83.898643">
      <ele>3202.8266</ele>
    </rtept>
    <rtept lat="28.497779" lon="83.898725">
      <ele>3198.182628</ele>
    </rtept>
    <rtept lat="28.497686" lon="83.898701">
      <ele>3190.748527</ele>
    </rtept>
    <rtept lat="28.497616" lon="83.898628">
      <ele>3186.884219</ele>
    </rtept>
    <rtept lat="28.497539" lon="83.898564">
      <ele>3184.200379</ele>
    </rtept>
    <rtept lat="28.49745" lon="83.898541">
      <ele>3180.608537</ele>
    </rtept>
    <rtept lat="28.497398" lon="83.898458">
      <ele>3175.219766</ele>
    </rtept>
    <rtept lat="28.497418" lon="83.898349">
      <ele>3174.939517</ele>
    </rtept>
    <rtept lat="28.497364" lon="83.898263">
      <ele>3170.093856</ele>
    </rtept>
    <rtept lat="28.497328" lon="83.898163">
      <ele>3168.992487</ele>
    </rtept>
    <rtept lat="28.497295" lon="83.898066">
      <ele>3168.464263</ele>
    </rtept>
    <rtept lat="28.497236" lon="83.897979">
      <ele>3165.528929</ele>
    </rtept>
    <rtept lat="28.497239" lon="83.897865">
      <ele>3164.704481</ele>
    </rtept>
    <rtept lat="28.497197" lon="83.897767">
      <ele>3164.454743</ele>
    </rtept>
    <rtept lat="28.497179" lon="83.897667">
      <ele>3165.156787</ele>
    </rtept>
    <rtept lat="28.497147" lon="83.89757">
      <ele>3163.18379</ele>
    </rtept>
    <rtept lat="28.497123" lon="83.89747">
      <ele>3162.271159</ele>
    </rtept>
    <rtept lat="28.497171" lon="83.897382">
      <ele>3161.745427</ele>
    </rtept>
    <rtept lat="28.497197" lon="83.897282">
      <ele>3160.808891</ele>
    </rtept>
    <rtept lat="28.49717" lon="83.897183">
      <ele>3163.590629</ele>
    </rtept>
    <rtept lat="28.497114" lon="83.897097">
      <ele>3167.593106</ele>
    </rtept>
    <rtept lat="28.497025" lon="83.897036">
      <ele>3167.775726</ele>
    </rtept>
    <rtept lat="28.496941" lon="83.896992">
      <ele>3167.457917</ele>
    </rtept>
    <rtept lat="28.496868" lon="83.897066">
      <ele>3164.412462</ele>
    </rtept>
    <rtept lat="28.496784" lon="83.897003">
      <ele>3156.294427</ele>
    </rtept>
    <rtept lat="28.496715" lon="83.89693">
      <ele>3155.240693</ele>
    </rtept>
    <rtept lat="28.49665" lon="83.896859">
      <ele>3155.035766</ele>
    </rtept>
    <rtept lat="28.496568" lon="83.896809">
      <ele>3153.608168</ele>
    </rtept>
    <rtept lat="28.496527" lon="83.896709">
      <ele>3141.321774</ele>
    </rtept>
    <rtept lat="28.496479" lon="83.896622">
      <ele>3139.476983</ele>
    </rtept>
    <rtept lat="28.496472" lon="83.896505">
      <ele>3138.696186</ele>
    </rtept>
    <rtept lat="28.496396" lon="83.89644">
      <ele>3139.470202</ele>
    </rtept>
    <rtept lat="28.496352" lon="83.896342">
      <ele>3140.993878</ele>
    </rtept>
    <rtept lat="28.496281" lon="83.89627">
      <ele>3142.046175</ele>
    </rtept>
    <rtept lat="28.496226" lon="83.896183">
      <ele>3141.760334</ele>
    </rtept>
    <rtept lat="28.496153" lon="83.896114">
      <ele>3139.061515</ele>
    </rtept>
    <rtept lat="28.496061" lon="83.896121">
      <ele>3128.195641</ele>
    </rtept>
    <rtept lat="28.49598" lon="83.896066">
      <ele>3123.811444</ele>
    </rtept>
    <rtept lat="28.495945" lon="83.895963">
      <ele>3121.482688</ele>
    </rtept>
    <rtept lat="28.495864" lon="83.89591">
      <ele>3120.074492</ele>
    </rtept>
    <rtept lat="28.495816" lon="83.895816">
      <ele>3117.710166</ele>
    </rtept>
    <rtept lat="28.495815" lon="83.895708">
      <ele>3115.030593</ele>
    </rtept>
    <rtept lat="28.495774" lon="83.895612">
      <ele>3116.318568</ele>
    </rtept>
    <rtept lat="28.495688" lon="83.895648">
      <ele>3116.344131</ele>
    </rtept>
    <rtept lat="28.495617" lon="83.895585">
      <ele>3114.405934</ele>
    </rtept>
    <rtept lat="28.495527" lon="83.895545">
      <ele>3111.876546</ele>
    </rtept>
    <rtept lat="28.495463" lon="83.895473">
      <ele>3107.492523</ele>
    </rtept>
    <rtept lat="28.495415" lon="83.895384">
      <ele>3106.519766</ele>
    </rtept>
    <rtept lat="28.495325" lon="83.895386">
      <ele>3104.148165</ele>
    </rtept>
    <rtept lat="28.49526" lon="83.895312">
      <ele>3104.50957</ele>
    </rtept>
    <rtept lat="28.495181" lon="83.895243">
      <ele>3104.719978</ele>
    </rtept>
    <rtept lat="28.495086" lon="83.895238">
      <ele>3100.305722</ele>
    </rtept>
    <rtept lat="28.495005" lon="83.895175">
      <ele>3098.408248</ele>
    </rtept>
    <rtept lat="28.494959" lon="83.895087">
      <ele>3095.335161</ele>
    </rtept>
    <rtept lat="28.494886" lon="83.895026">
      <ele>3093.004307</ele>
    </rtept>
    <rtept lat="28.494825" lon="83.894947">
      <ele>3092.633364</ele>
    </rtept>
    <rtept lat="28.49473" lon="83.894924">
      <ele>3094.78363</ele>
    </rtept>
    <rtept lat="28.494683" lon="83.89483">
      <ele>3095.371169</ele>
    </rtept>
    <rtept lat="28.494594" lon="83.894786">
      <ele>3094.792326</ele>
    </rtept>
    <rtept lat="28.494618" lon="83.894683">
      <ele>3093.646015</ele>
    </rtept>
    <rtept lat="28.494528" lon="83.89467">
      <ele>3092.318844</ele>
    </rtept>
    <rtept lat="28.494481" lon="83.894572">
      <ele>3092.643424</ele>
    </rtept>
    <rtept lat="28.494436" lon="83.894482">
      <ele>3092.987726</ele>
    </rtept>
    <rtept lat="28.494426" lon="83.894377">
      <ele>3094.000831</ele>
    </rtept>
    <rtept lat="28.494377" lon="83.894286">
      <ele>3099.023525</ele>
    </rtept>
    <rtept lat="28.494282" lon="83.894295">
      <ele>3097.9821</ele>
    </rtept>
    <rtept lat="28.494208" lon="83.894227">
      <ele>3099.051</ele>
    </rtept>
    <rtept lat="28.494157" lon="83.894142">
      <ele>3098.669263</ele>
    </rtept>
    <rtept lat="28.494146" lon="83.894038">
      <ele>3101.068302</ele>
    </rtept>
    <rtept lat="28.494132" lon="83.893937">
      <ele>3105.537909</ele>
    </rtept>
    <rtept lat="28.494198" lon="83.893863">
      <ele>3108.328883</ele>
    </rtept>
    <rtept lat="28.494195" lon="83.89376">
      <ele>3111.132626</ele>
    </rtept>
    <rtept lat="28.494191" lon="83.893657">
      <ele>3111.464692</ele>
    </rtept>
    <rtept lat="28.494129" lon="83.89358">
      <ele>3110.771613</ele>
    </rtept>
    <rtept lat="28.494042" lon="83.893609">
      <ele>3110.306191</ele>
    </rtept>
    <rtept lat="28.493959" lon="83.89356">
      <ele>3109.974412</ele>
    </rtept>
    <rtept lat="28.493865" lon="83.89353">
      <ele>3110.166817</ele>
    </rtept>
    <rtept lat="28.49377" lon="83.893499">
      <ele>3109.250609</ele>
    </rtept>
    <rtept lat="28.493673" lon="83.893472">
      <ele>3104.984932</ele>
    </rtept>
    <rtept lat="28.493605" lon="83.893398">
      <ele>3105.67456</ele>
    </rtept>
    <rtept lat="28.49352" lon="83.893355">
      <ele>3106.518194</ele>
    </rtept>
    <rtept lat="28.493473" lon="83.893268">
      <ele>3108.131379</ele>
    </rtept>
    <rtept lat="28.493435" lon="83.893171">
      <ele>3112.587637</ele>
    </rtept>
    <rtept lat="28.493378" lon="83.893077">
      <ele>3116.167246</ele>
    </rtept>
    <rtept lat="28.493318" lon="83.892996">
      <ele>3125.383125</ele>
    </rtept>
    <rtept lat="28.493323" lon="83.892887">
      <ele>3126.665187</ele>
    </rtept>
    <rtept lat="28.49327" lon="83.892802">
      <ele>3127.783973</ele>
    </rtept>
    <rtept lat="28.493181" lon="83.892787">
      <ele>3128.632334</ele>
    </rtept>
    <rtept lat="28.493213" lon="83.892922">
      <ele>3125.560278</ele>
    </rtept>
    <rtept lat="28.493192" lon="83.892818">
      <ele>3125.285982</ele>
    </rtept>
    <rtept lat="28.493112" lon="83.892769">
      <ele>3124.300703</ele>
    </rtept>
    <rtept lat="28.493016" lon="83.892736">
      <ele>3121.12249</ele>
    </rtept>
    <rtept lat="28.492928" lon="83.892696">
      <ele>3120.005969</ele>
    </rtept>
    <rtept lat="28.492862" lon="83.892621">
      <ele>3120.468449</ele>
    </rtept>
    <rtept lat="28.492781" lon="83.892573">
      <ele>3119.140217</ele>
    </rtept>
    <rtept lat="28.492691" lon="83.892563">
      <ele>3115.615046</ele>
    </rtept>
    <rtept lat="28.49261" lon="83.892519">
      <ele>3114.115149</ele>
    </rtept>
    <rtept lat="28.492528" lon="83.892472">
      <ele>3112.176854</ele>
    </rtept>
    <rtept lat="28.492448" lon="83.892413">
      <ele>3107.399665</ele>
    </rtept>
    <rtept lat="28.492408" lon="83.892506">
      <ele>3098.664849</ele>
    </rtept>
    <rtept lat="28.492314" lon="83.892491">
      <ele>3091.166025</ele>
    </rtept>
    <rtept lat="28.492231" lon="83.892438">
      <ele>3086.966868</ele>
    </rtept>
    <rtept lat="28.492151" lon="83.892384">
      <ele>3085.828576</ele>
    </rtept>
    <rtept lat="28.492057" lon="83.892402">
      <ele>3085.672543</ele>
    </rtept>
    <rtept lat="28.491983" lon="83.892468">
      <ele>3082.634568</ele>
    </rtept>
    <rtept lat="28.491912" lon="83.892532">
      <ele>3078.092308</ele>
    </rtept>
    <rtept lat="28.491818" lon="83.892542">
      <ele>3071.528971</ele>
    </rtept>
    <rtept lat="28.491729" lon="83.89251">
      <ele>3068.302022</ele>
    </rtept>
    <rtept lat="28.491646" lon="83.892472">
      <ele>3063.642441</ele>
    </rtept>
    <rtept lat="28.491558" lon="83.892431">
      <ele>3062.931239</ele>
    </rtept>
    <rtept lat="28.491463" lon="83.892468">
      <ele>3061.969579</ele>
    </rtept>
    <rtept lat="28.491378" lon="83.892435">
      <ele>3059.236902</ele>
    </rtept>
    <rtept lat="28.491284" lon="83.892419">
      <ele>3056.661836</ele>
    </rtept>
    <rtept lat="28.491188" lon="83.892397">
      <ele>3054.217319</ele>
    </rtept>
    <rtept lat="28.491105" lon="83.892354">
      <ele>3049.121169</ele>
    </rtept>
    <rtept lat="28.491014" lon="83.892394">
      <ele>3043.191409</ele>
    </rtept>
    <rtept lat="28.491009" lon="83.8925">
      <ele>3039.034816</ele>
    </rtept>
    <rtept lat="28.490968" lon="83.892591">
      <ele>3035.624835</ele>
    </rtept>
    <rtept lat="28.49088" lon="83.892626">
      <ele>3031.401909</ele>
    </rtept>
    <rtept lat="28.490805" lon="83.892702">
      <ele>3027.846373</ele>
    </rtept>
    <rtept lat="28.490789" lon="83.892809">
      <ele>3024.718673</ele>
    </rtept>
    <rtept lat="28.490698" lon="83.892807">
      <ele>3022.77446</ele>
    </rtept>
    <rtept lat="28.490604" lon="83.892827">
      <ele>3022.931878</ele>
    </rtept>
    <rtept lat="28.490516" lon="83.892793">
      <ele>3020.023019</ele>
    </rtept>
    <rtept lat="28.49043" lon="83.892826">
      <ele>3017.348907</ele>
    </rtept>
    <rtept lat="28.490357" lon="83.892765">
      <ele>3006.687652</ele>
    </rtept>
    <rtept lat="28.490317" lon="83.892671">
      <ele>3004.093687</ele>
    </rtept>
    <rtept lat="28.490251" lon="83.892597">
      <ele>3000.424144</ele>
    </rtept>
    <rtept lat="28.490183" lon="83.892524">
      <ele>2995.357969</ele>
    </rtept>
    <rtept lat="28.49014" lon="83.892418">
      <ele>2994.445499</ele>
    </rtept>
    <rtept lat="28.490059" lon="83.892369">
      <ele>2993.781285</ele>
    </rtept>
    <rtept lat="28.489968" lon="83.892367">
      <ele>2993.267969</ele>
    </rtept>
    <rtept lat="28.489872" lon="83.892387">
      <ele>2988.770453</ele>
    </rtept>
    <rtept lat="28.489785" lon="83.89242">
      <ele>2981.842614</ele>
    </rtept>
    <rtept lat="28.489694" lon="83.892398">
      <ele>2977.226479</ele>
    </rtept>
    <rtept lat="28.489605" lon="83.892425">
      <ele>2973.590157</ele>
    </rtept>
    <rtept lat="28.489538" lon="83.892342">
      <ele>2972.279694</ele>
    </rtept>
    <rtept lat="28.48946" lon="83.892276">
      <ele>2969.473336</ele>
    </rtept>
    <rtept lat="28.489376" lon="83.892229">
      <ele>2965.393632</ele>
    </rtept>
    <rtept lat="28.489311" lon="83.892156">
      <ele>2964.938217</ele>
    </rtept>
    <rtept lat="28.489215" lon="83.892172">
      <ele>2965.564261</ele>
    </rtept>
    <rtept lat="28.489132" lon="83.892214">
      <ele>2961.353362</ele>
    </rtept>
    <rtept lat="28.489038" lon="83.892219">
      <ele>2961.782505</ele>
    </rtept>
    <rtept lat="28.48895" lon="83.892242">
      <ele>2957.732491</ele>
    </rtept>
    <rtept lat="28.488942" lon="83.89235">
      <ele>2954.285182</ele>
    </rtept>
    <rtept lat="28.488855" lon="83.892323">
      <ele>2949.78298</ele>
    </rtept>
    <rtept lat="28.488782" lon="83.892248">
      <ele>2948.293581</ele>
    </rtept>
    <rtept lat="28.488746" lon="83.892147">
      <ele>2942.219574</ele>
    </rtept>
    <rtept lat="28.488704" lon="83.892054">
      <ele>2942.096364</ele>
    </rtept>
    <rtept lat="28.488662" lon="83.891956">
      <ele>2941.284405</ele>
    </rtept>
    <rtept lat="28.488663" lon="83.891853">
      <ele>2940.002202</ele>
    </rtept>
    <rtept lat="28.488655" lon="83.891748">
      <ele>2940.836969</ele>
    </rtept>
    <rtept lat="28.488578" lon="83.891683">
      <ele>2941.119613</ele>
    </rtept>
    <rtept lat="28.488533" lon="83.891584">
      <ele>2940.532055</ele>
    </rtept>
    <rtept lat="28.48846" lon="83.891522">
      <ele>2940.820589</ele>
    </rtept>
    <rtept lat="28.488371" lon="83.891494">
      <ele>2938.172015</ele>
    </rtept>
    <rtept lat="28.488342" lon="83.891395">
      <ele>2934.450091</ele>
    </rtept>
    <rtept lat="28.488287" lon="83.89131">
      <ele>2930.596795</ele>
    </rtept>
    <rtept lat="28.488305" lon="83.891205">
      <ele>2929.870477</ele>
    </rtept>
    <rtept lat="28.488234" lon="83.891136">
      <ele>2929.894937</ele>
    </rtept>
    <rtept lat="28.488199" lon="83.891039">
      <ele>2928.002835</ele>
    </rtept>
    <rtept lat="28.488107" lon="83.891061">
      <ele>2925.255355</ele>
    </rtept>
    <rtept lat="28.488012" lon="83.891056">
      <ele>2926.734633</ele>
    </rtept>
    <rtept lat="28.487936" lon="83.890998">
      <ele>2921.80152</ele>
    </rtept>
    <rtept lat="28.487898" lon="83.890902">
      <ele>2919.01693</ele>
    </rtept>
    <rtept lat="28.487836" lon="83.890819">
      <ele>2915.834823</ele>
    </rtept>
    <rtept lat="28.487805" lon="83.890721">
      <ele>2915.742043</ele>
    </rtept>
    <rtept lat="28.487769" lon="83.890624">
      <ele>2915.958211</ele>
    </rtept>
    <rtept lat="28.487713" lon="83.890525">
      <ele>2916.967521</ele>
    </rtept>
    <rtept lat="28.487638" lon="83.890465">
      <ele>2916.141417</ele>
    </rtept>
    <rtept lat="28.487562" lon="83.890407">
      <ele>2914.656252</ele>
    </rtept>
    <rtept lat="28.487494" lon="83.890331">
      <ele>2899.023566</ele>
    </rtept>
    <rtept lat="28.487424" lon="83.890257">
      <ele>2898.164704</ele>
    </rtept>
    <rtept lat="28.487336" lon="83.890224">
      <ele>2896.388656</ele>
    </rtept>
    <rtept lat="28.487302" lon="83.89013">
      <ele>2893.497992</ele>
    </rtept>
    <rtept lat="28.487269" lon="83.890026">
      <ele>2890.766354</ele>
    </rtept>
    <rtept lat="28.487205" lon="83.889951">
      <ele>2892.436371</ele>
    </rtept>
    <rtept lat="28.487166" lon="83.889858">
      <ele>2894.363231</ele>
    </rtept>
    <rtept lat="28.487088" lon="83.889786">
      <ele>2892.147589</ele>
    </rtept>
    <rtept lat="28.487028" lon="83.889709">
      <ele>2889.94305</ele>
    </rtept>
    <rtept lat="28.486986" lon="83.889606">
      <ele>2889.715153</ele>
    </rtept>
    <rtept lat="28.48691" lon="83.889551">
      <ele>2891.541507</ele>
    </rtept>
    <rtept lat="28.486835" lon="83.889479">
      <ele>2893.197121</ele>
    </rtept>
    <rtept lat="28.486742" lon="83.889476">
      <ele>2893.84674</ele>
    </rtept>
    <rtept lat="28.486649" lon="83.889451">
      <ele>2894.676502</ele>
    </rtept>
    <rtept lat="28.486566" lon="83.889407">
      <ele>2892.641032</ele>
    </rtept>
    <rtept lat="28.486553" lon="83.889304">
      <ele>2889.572318</ele>
    </rtept>
    <rtept lat="28.486455" lon="83.889292">
      <ele>2887.068139</ele>
    </rtept>
    <rtept lat="28.486384" lon="83.889228">
      <ele>2883.616182</ele>
    </rtept>
    <rtept lat="28.486294" lon="83.88924">
      <ele>2882.695523</ele>
    </rtept>
    <rtept lat="28.486204" lon="83.889192">
      <ele>2882.492462</ele>
    </rtept>
    <rtept lat="28.486156" lon="83.889097">
      <ele>2878.008603</ele>
    </rtept>
    <rtept lat="28.486077" lon="83.889035">
      <ele>2875.566125</ele>
    </rtept>
    <rtept lat="28.486004" lon="83.888966">
      <ele>2874.130468</ele>
    </rtept>
    <rtept lat="28.485913" lon="83.888986">
      <ele>2874.573027</ele>
    </rtept>
    <rtept lat="28.485832" lon="83.889029">
      <ele>2871.018868</ele>
    </rtept>
    <rtept lat="28.485741" lon="83.889022">
      <ele>2870.012292</ele>
    </rtept>
    <rtept lat="28.48566" lon="83.888972">
      <ele>2869.409996</ele>
    </rtept>
    <rtept lat="28.485602" lon="83.888891">
      <ele>2867.749484</ele>
    </rtept>
    <rtept lat="28.485508" lon="83.888905">
      <ele>2863.544041</ele>
    </rtept>
    <rtept lat="28.485419" lon="83.888878">
      <ele>2862.481633</ele>
    </rtept>
    <rtept lat="28.485331" lon="83.888855">
      <ele>2856.542915</ele>
    </rtept>
    <rtept lat="28.485266" lon="83.888775">
      <ele>2855.871969</ele>
    </rtept>
    <rtept lat="28.485175" lon="83.888757">
      <ele>2852.924628</ele>
    </rtept>
    <rtept lat="28.485101" lon="83.888829">
      <ele>2853.571361</ele>
    </rtept>
    <rtept lat="28.485007" lon="83.888833">
      <ele>2850.245887</ele>
    </rtept>
    <rtept lat="28.484947" lon="83.888751">
      <ele>2850.894042</ele>
    </rtept>
    <rtept lat="28.484856" lon="83.888725">
      <ele>2849.986178</ele>
    </rtept>
    <rtept lat="28.484771" lon="83.888681">
      <ele>2850.280813</ele>
    </rtept>
    <rtept lat="28.484655" lon="83.888559">
      <ele>2847.639604</ele>
    </rtept>
    <rtept lat="28.484611" lon="83.88846">
      <ele>2848.002832</ele>
    </rtept>
    <rtept lat="28.484554" lon="83.88838">
      <ele>2849.256526</ele>
    </rtept>
    <rtept lat="28.484471" lon="83.888317">
      <ele>2849.231982</ele>
    </rtept>
    <rtept lat="28.484427" lon="83.888217">
      <ele>2847.586303</ele>
    </rtept>
    <rtept lat="28.484384" lon="83.888123">
      <ele>2846.4507</ele>
    </rtept>
    <rtept lat="28.484336" lon="83.888032">
      <ele>2841.502129</ele>
    </rtept>
    <rtept lat="28.484291" lon="83.887942">
      <ele>2840.662525</ele>
    </rtept>
    <rtept lat="28.484243" lon="83.887846">
      <ele>2840.689664</ele>
    </rtept>
    <rtept lat="28.484189" lon="83.887751">
      <ele>2843.265516</ele>
    </rtept>
    <rtept lat="28.484145" lon="83.887628">
      <ele>2844.476319</ele>
    </rtept>
    <rtept lat="28.484093" lon="83.887542">
      <ele>2847.616842</ele>
    </rtept>
    <rtept lat="28.484" lon="83.887507">
      <ele>2850.416353</ele>
    </rtept>
    <rtept lat="28.483902" lon="83.887489">
      <ele>2851.619967</ele>
    </rtept>
    <rtept lat="28.483869" lon="83.887382">
      <ele>2850.911489</ele>
    </rtept>
    <rtept lat="28.483825" lon="83.887293">
      <ele>2850.018244</ele>
    </rtept>
    <rtept lat="28.483734" lon="83.887306">
      <ele>2850.359242</ele>
    </rtept>
    <rtept lat="28.483651" lon="83.887368">
      <ele>2852.608907</ele>
    </rtept>
    <rtept lat="28.483651" lon="83.887164">
      <ele>2846.300274</ele>
    </rtept>
    <rtept lat="28.483603" lon="83.887061">
      <ele>2845.978489</ele>
    </rtept>
    <rtept lat="28.48358" lon="83.886961">
      <ele>2848.585508</ele>
    </rtept>
    <rtept lat="28.483502" lon="83.886861">
      <ele>2847.405416</ele>
    </rtept>
    <rtept lat="28.483428" lon="83.886775">
      <ele>2851.018551</ele>
    </rtept>
    <rtept lat="28.483343" lon="83.886725">
      <ele>2855.954139</ele>
    </rtept>
    <rtept lat="28.483279" lon="83.886645">
      <ele>2856.663033</ele>
    </rtept>
    <rtept lat="28.4832" lon="83.886594">
      <ele>2854.607955</ele>
    </rtept>
    <rtept lat="28.483104" lon="83.88659">
      <ele>2851.723513</ele>
    </rtept>
    <rtept lat="28.483024" lon="83.886528">
      <ele>2850.52321</ele>
    </rtept>
    <rtept lat="28.482916" lon="83.88654">
      <ele>2849.006392</ele>
    </rtept>
    <rtept lat="28.482822" lon="83.886511">
      <ele>2845.167058</ele>
    </rtept>
    <rtept lat="28.48268" lon="83.886555">
      <ele>2837.830186</ele>
    </rtept>
    <rtept lat="28.482586" lon="83.886516">
      <ele>2838.739968</ele>
    </rtept>
    <rtept lat="28.482508" lon="83.886395">
      <ele>2841.389502</ele>
    </rtept>
    <rtept lat="28.482509" lon="83.886174">
      <ele>2843.74038</ele>
    </rtept>
    <rtept lat="28.482344" lon="83.886034">
      <ele>2843.775677</ele>
    </rtept>
    <rtept lat="28.482259" lon="83.886">
      <ele>2843.319877</ele>
    </rtept>
    <rtept lat="28.482088" lon="83.885868">
      <ele>2847.006158</ele>
    </rtept>
    <rtept lat="28.481979" lon="83.885688">
      <ele>2850.997962</ele>
    </rtept>
    <rtept lat="28.481905" lon="83.885619">
      <ele>2850.859295</ele>
    </rtept>
    <rtept lat="28.481879" lon="83.885717">
      <ele>2849.85644</ele>
    </rtept>
    <rtept lat="28.481863" lon="83.885831">
      <ele>2848.166865</ele>
    </rtept>
    <rtept lat="28.481819" lon="83.885922">
      <ele>2836.761282</ele>
    </rtept>
    <rtept lat="28.481679" lon="83.886069">
      <ele>2821.479979</ele>
    </rtept>
    <rtept lat="28.481609" lon="83.886136">
      <ele>2819.426312</ele>
    </rtept>
    <rtept lat="28.481516" lon="83.886178">
      <ele>2816.280735</ele>
    </rtept>
    <rtept lat="28.481616" lon="83.886052">
      <ele>2814.323827</ele>
    </rtept>
    <rtept lat="28.481491" lon="83.886092">
      <ele>2813.009895</ele>
    </rtept>
    <rtept lat="28.481485" lon="83.885982">
      <ele>2812.054706</ele>
    </rtept>
    <rtept lat="28.481451" lon="83.885747">
      <ele>2815.965236</ele>
    </rtept>
    <rtept lat="28.481243" lon="83.885597">
      <ele>2816.274405</ele>
    </rtept>
    <rtept lat="28.481131" lon="83.885579">
      <ele>2817.619734</ele>
    </rtept>
    <rtept lat="28.481063" lon="83.885559">
      <ele>2819.797085</ele>
    </rtept>
    <rtept lat="28.480894" lon="83.885727">
      <ele>2807.751876</ele>
    </rtept>
    <rtept lat="28.480817" lon="83.885655">
      <ele>2802.288735</ele>
    </rtept>
    <rtept lat="28.480765" lon="83.885566">
      <ele>2801.68182</ele>
    </rtept>
    <rtept lat="28.480743" lon="83.885671">
      <ele>2795.509086</ele>
    </rtept>
    <rtept lat="28.480686" lon="83.885591">
      <ele>2784.223026</ele>
    </rtept>
    <rtept lat="28.480512" lon="83.885769">
      <ele>2781.706171</ele>
    </rtept>
    <rtept lat="28.480596" lon="83.88573">
      <ele>2779.675094</ele>
    </rtept>
    <rtept lat="28.480487" lon="83.885475">
      <ele>2780.29108</ele>
    </rtept>
    <rtept lat="28.480428" lon="83.885564">
      <ele>2781.368636</ele>
    </rtept>
    <rtept lat="28.480431" lon="83.885556">
      <ele>2781.671342</ele>
    </rtept>
    <rtept lat="28.480335" lon="83.885564">
      <ele>2780.022413</ele>
    </rtept>
    <rtept lat="28.480244" lon="83.885593">
      <ele>2778.352224</ele>
    </rtept>
    <rtept lat="28.480138" lon="83.885325">
      <ele>2775.406887</ele>
    </rtept>
    <rtept lat="28.479876" lon="83.885261">
      <ele>2767.179531</ele>
    </rtept>
    <rtept lat="28.479842" lon="83.885237">
      <ele>2761.813081</ele>
    </rtept>
    <rtept lat="28.479845" lon="83.885041">
      <ele>2759.353875</ele>
    </rtept>
    <rtept lat="28.479863" lon="83.884985">
      <ele>2758.007681</ele>
    </rtept>
    <rtept lat="28.479704" lon="83.884862">
      <ele>2756.392505</ele>
    </rtept>
    <rtept lat="28.479649" lon="83.884951">
      <ele>2754.544839</ele>
    </rtept>
    <rtept lat="28.479651" lon="83.884968">
      <ele>2751.569343</ele>
    </rtept>
    <rtept lat="28.479667" lon="83.884943">
      <ele>2751.213612</ele>
    </rtept>
    <rtept lat="28.479505" lon="83.88511">
      <ele>2749.316418</ele>
    </rtept>
    <rtept lat="28.479448" lon="83.884975">
      <ele>2742.64522</ele>
    </rtept>
    <rtept lat="28.479428" lon="83.885065">
      <ele>2740.360393</ele>
    </rtept>
    <rtept lat="28.479354" lon="83.885004">
      <ele>2732.022477</ele>
    </rtept>
    <rtept lat="28.479288" lon="83.884928">
      <ele>2731.059859</ele>
    </rtept>
    <rtept lat="28.479235" lon="83.885039">
      <ele>2728.631003</ele>
    </rtept>
    <rtept lat="28.479188" lon="83.885136">
      <ele>2727.058931</ele>
    </rtept>
    <rtept lat="28.479178" lon="83.885347">
      <ele>2715.761658</ele>
    </rtept>
    <rtept lat="28.479169" lon="83.885462">
      <ele>2715.039609</ele>
    </rtept>
    <rtept lat="28.47919" lon="83.885575">
      <ele>2713.222927</ele>
    </rtept>
    <rtept lat="28.479136" lon="83.88532">
      <ele>2712.136112</ele>
    </rtept>
    <rtept lat="28.479055" lon="83.88526">
      <ele>2711.795576</ele>
    </rtept>
    <rtept lat="28.478983" lon="83.885013">
      <ele>2707.942331</ele>
    </rtept>
    <rtept lat="28.478914" lon="83.88493">
      <ele>2707.218599</ele>
    </rtept>
    <rtept lat="28.47885" lon="83.884846">
      <ele>2704.9062</ele>
    </rtept>
    <rtept lat="28.478757" lon="83.88483">
      <ele>2705.489139</ele>
    </rtept>
    <rtept lat="28.478592" lon="83.884586">
      <ele>2705.327435</ele>
    </rtept>
    <rtept lat="28.47848" lon="83.884319">
      <ele>2705.263022</ele>
    </rtept>
    <rtept lat="28.478417" lon="83.884236">
      <ele>2703.591307</ele>
    </rtept>
    <rtept lat="28.478396" lon="83.884136">
      <ele>2701.780247</ele>
    </rtept>
    <rtept lat="28.478351" lon="83.884023">
      <ele>2699.141571</ele>
    </rtept>
    <rtept lat="28.478268" lon="83.88398">
      <ele>2696.509112</ele>
    </rtept>
    <rtept lat="28.478289" lon="83.883778">
      <ele>2693.0554</ele>
    </rtept>
    <rtept lat="28.478206" lon="83.883733">
      <ele>2696.238658</ele>
    </rtept>
    <rtept lat="28.478166" lon="83.883527">
      <ele>2694.278597</ele>
    </rtept>
    <rtept lat="28.478129" lon="83.883424">
      <ele>2693.647001</ele>
    </rtept>
    <rtept lat="28.478161" lon="83.883323">
      <ele>2690.856789</ele>
    </rtept>
    <rtept lat="28.478116" lon="83.883226">
      <ele>2686.449537</ele>
    </rtept>
    <rtept lat="28.478035" lon="83.883163">
      <ele>2681.180679</ele>
    </rtept>
    <rtept lat="28.477984" lon="83.883073">
      <ele>2679.854715</ele>
    </rtept>
    <rtept lat="28.477988" lon="83.882934">
      <ele>2675.215518</ele>
    </rtept>
    <rtept lat="28.477951" lon="83.882707">
      <ele>2674.210043</ele>
    </rtept>
    <rtept lat="28.477859" lon="83.882509">
      <ele>2673.064081</ele>
    </rtept>
    <rtept lat="28.477869" lon="83.882407">
      <ele>2672.181763</ele>
    </rtept>
    <rtept lat="28.477878" lon="83.882305">
      <ele>2670.319733</ele>
    </rtept>
    <rtept lat="28.477795" lon="83.882255">
      <ele>2670.190257</ele>
    </rtept>
    <rtept lat="28.477741" lon="83.882047">
      <ele>2675.497139</ele>
    </rtept>
    <rtept lat="28.477781" lon="83.881927">
      <ele>2674.903676</ele>
    </rtept>
    <rtept lat="28.477703" lon="83.881876">
      <ele>2674.815149</ele>
    </rtept>
    <rtept lat="28.477654" lon="83.881777">
      <ele>2672.526056</ele>
    </rtept>
    <rtept lat="28.477737" lon="83.881699">
      <ele>2668.721362</ele>
    </rtept>
    <rtept lat="28.477678" lon="83.881616">
      <ele>2666.107888</ele>
    </rtept>
    <rtept lat="28.47759" lon="83.881554">
      <ele>2665.499709</ele>
    </rtept>
    <rtept lat="28.4776" lon="83.881439">
      <ele>2664.652751</ele>
    </rtept>
    <rtept lat="28.477576" lon="83.881229">
      <ele>2665.976105</ele>
    </rtept>
    <rtept lat="28.477552" lon="83.881175">
      <ele>2665.358439</ele>
    </rtept>
    <rtept lat="28.477546" lon="83.881037">
      <ele>2665.340478</ele>
    </rtept>
    <rtept lat="28.47748" lon="83.880962">
      <ele>2664.763986</ele>
    </rtept>
    <rtept lat="28.477329" lon="83.880871">
      <ele>2657.846663</ele>
    </rtept>
    <rtept lat="28.477317" lon="83.880767">
      <ele>2655.618894</ele>
    </rtept>
    <rtept lat="28.477325" lon="83.880665">
      <ele>2652.340664</ele>
    </rtept>
    <rtept lat="28.477285" lon="83.880564">
      <ele>2652.273983</ele>
    </rtept>
    <rtept lat="28.477205" lon="83.880506">
      <ele>2649.813682</ele>
    </rtept>
    <rtept lat="28.477154" lon="83.880289">
      <ele>2654.037576</ele>
    </rtept>
    <rtept lat="28.477113" lon="83.880065">
      <ele>2656.573943</ele>
    </rtept>
    <rtept lat="28.477137" lon="83.879908">
      <ele>2654.75224</ele>
    </rtept>
    <rtept lat="28.47718" lon="83.879816">
      <ele>2653.196789</ele>
    </rtept>
    <rtept lat="28.477075" lon="83.879774">
      <ele>2652.516823</ele>
    </rtept>
    <rtept lat="28.477056" lon="83.87967">
      <ele>2653.859052</ele>
    </rtept>
    <rtept lat="28.476995" lon="83.879662">
      <ele>2655.776811</ele>
    </rtept>
    <rtept lat="28.476875" lon="83.87958">
      <ele>2654.76644</ele>
    </rtept>
    <rtept lat="28.476795" lon="83.87963">
      <ele>2652.445263</ele>
    </rtept>
    <rtept lat="28.476814" lon="83.879487">
      <ele>2650.41148</ele>
    </rtept>
    <rtept lat="28.476807" lon="83.879382">
      <ele>2646.996953</ele>
    </rtept>
    <rtept lat="28.476821" lon="83.879268">
      <ele>2648.760826</ele>
    </rtept>
    <rtept lat="28.476708" lon="83.879276">
      <ele>2647.591544</ele>
    </rtept>
    <rtept lat="28.476615" lon="83.879207">
      <ele>2646.617359</ele>
    </rtept>
    <rtept lat="28.476529" lon="83.879167">
      <ele>2640.495098</ele>
    </rtept>
    <rtept lat="28.476505" lon="83.879065">
      <ele>2633.205963</ele>
    </rtept>
    <rtept lat="28.476458" lon="83.878962">
      <ele>2631.786785</ele>
    </rtept>
    <rtept lat="28.476399" lon="83.878952">
      <ele>2630.227928</ele>
    </rtept>
    <rtept lat="28.476328" lon="83.878885">
      <ele>2628.274818</ele>
    </rtept>
    <rtept lat="28.476258" lon="83.878796">
      <ele>2628.814271</ele>
    </rtept>
    <rtept lat="28.476235" lon="83.878694">
      <ele>2622.652738</ele>
    </rtept>
    <rtept lat="28.476261" lon="83.878807">
      <ele>2622.504597</ele>
    </rtept>
    <rtept lat="28.476237" lon="83.878704">
      <ele>2622.094626</ele>
    </rtept>
    <rtept lat="28.476148" lon="83.878753">
      <ele>2617.986222</ele>
    </rtept>
    <rtept lat="28.476057" lon="83.878738">
      <ele>2616.967265</ele>
    </rtept>
    <rtept lat="28.475969" lon="83.878704">
      <ele>2616.715775</ele>
    </rtept>
    <rtept lat="28.475907" lon="83.878621">
      <ele>2616.90519</ele>
    </rtept>
    <rtept lat="28.475824" lon="83.878569">
      <ele>2614.850369</ele>
    </rtept>
    <rtept lat="28.475799" lon="83.878469">
      <ele>2614.612936</ele>
    </rtept>
    <rtept lat="28.475712" lon="83.878429">
      <ele>2612.498722</ele>
    </rtept>
    <rtept lat="28.475691" lon="83.878324">
      <ele>2612.109438</ele>
    </rtept>
    <rtept lat="28.475599" lon="83.878268">
      <ele>2612.261933</ele>
    </rtept>
    <rtept lat="28.475508" lon="83.878288">
      <ele>2612.634616</ele>
    </rtept>
    <rtept lat="28.475415" lon="83.878261">
      <ele>2611.010343</ele>
    </rtept>
    <rtept lat="28.475415" lon="83.878158">
      <ele>2607.979597</ele>
    </rtept>
    <rtept lat="28.475361" lon="83.878075">
      <ele>2605.422965</ele>
    </rtept>
    <rtept lat="28.475356" lon="83.877963">
      <ele>2604.776625</ele>
    </rtept>
    <rtept lat="28.475332" lon="83.877864">
      <ele>2604.32847</ele>
    </rtept>
    <rtept lat="28.475332" lon="83.877761">
      <ele>2604.062614</ele>
    </rtept>
    <rtept lat="28.475265" lon="83.87769">
      <ele>2604.612544</ele>
    </rtept>
    <rtept lat="28.475348" lon="83.87764">
      <ele>2602.280099</ele>
    </rtept>
    <rtept lat="28.475304" lon="83.877545">
      <ele>2605.408094</ele>
    </rtept>
    <rtept lat="28.475221" lon="83.877493">
      <ele>2608.322715</ele>
    </rtept>
    <rtept lat="28.475133" lon="83.877451">
      <ele>2609.000006</ele>
    </rtept>
    <rtept lat="28.475045" lon="83.877403">
      <ele>2608.170279</ele>
    </rtept>
    <rtept lat="28.475007" lon="83.877296">
      <ele>2607.763815</ele>
    </rtept>
    <rtept lat="28.474944" lon="83.877217">
      <ele>2609.161016</ele>
    </rtept>
    <rtept lat="28.474848" lon="83.877182">
      <ele>2610.047695</ele>
    </rtept>
    <rtept lat="28.474776" lon="83.877109">
      <ele>2608.85251</ele>
    </rtept>
    <rtept lat="28.474698" lon="83.877052">
      <ele>2606.580474</ele>
    </rtept>
    <rtept lat="28.47463" lon="83.876961">
      <ele>2606.647284</ele>
    </rtept>
    <rtept lat="28.474562" lon="83.876882">
      <ele>2606.492161</ele>
    </rtept>
    <rtept lat="28.474545" lon="83.876775">
      <ele>2605.210431</ele>
    </rtept>
    <rtept lat="28.47449" lon="83.876689">
      <ele>2603.296215</ele>
    </rtept>
    <rtept lat="28.474409" lon="83.876641">
      <ele>2600.034718</ele>
    </rtept>
    <rtept lat="28.474324" lon="83.876594">
      <ele>2597.897581</ele>
    </rtept>
    <rtept lat="28.474285" lon="83.876501">
      <ele>2594.917746</ele>
    </rtept>
    <rtept lat="28.474246" lon="83.876408">
      <ele>2592.162431</ele>
    </rtept>
    <rtept lat="28.474218" lon="83.876306">
      <ele>2591.560806</ele>
    </rtept>
    <rtept lat="28.474155" lon="83.876215">
      <ele>2590.56989</ele>
    </rtept>
    <rtept lat="28.474081" lon="83.876133">
      <ele>2589.566356</ele>
    </rtept>
    <rtept lat="28.474025" lon="83.876051">
      <ele>2588.775781</ele>
    </rtept>
    <rtept lat="28.474005" lon="83.87595">
      <ele>2587.626633</ele>
    </rtept>
    <rtept lat="28.473926" lon="83.875889">
      <ele>2585.374052</ele>
    </rtept>
    <rtept lat="28.473887" lon="83.875795">
      <ele>2582.541495</ele>
    </rtept>
    <rtept lat="28.473869" lon="83.875689">
      <ele>2580.725808</ele>
    </rtept>
    <rtept lat="28.473804" lon="83.875618">
      <ele>2577.300074</ele>
    </rtept>
    <rtept lat="28.47373" lon="83.875556">
      <ele>2574.367141</ele>
    </rtept>
    <rtept lat="28.47372" lon="83.87545">
      <ele>2571.992396</ele>
    </rtept>
    <rtept lat="28.473732" lon="83.875332">
      <ele>2571.966528</ele>
    </rtept>
    <rtept lat="28.473698" lon="83.875228">
      <ele>2569.7673</ele>
    </rtept>
    <rtept lat="28.473642" lon="83.875134">
      <ele>2566.711556</ele>
    </rtept>
    <rtept lat="28.473615" lon="83.875031">
      <ele>2563.520166</ele>
    </rtept>
    <rtept lat="28.473555" lon="83.874954">
      <ele>2563.196061</ele>
    </rtept>
    <rtept lat="28.473515" lon="83.874851">
      <ele>2561.072415</ele>
    </rtept>
    <rtept lat="28.473494" lon="83.874749">
      <ele>2559.885057</ele>
    </rtept>
    <rtept lat="28.47355" lon="83.87483">
      <ele>2559.206644</ele>
    </rtept>
    <rtept lat="28.473475" lon="83.874769">
      <ele>2558.787487</ele>
    </rtept>
    <rtept lat="28.473473" lon="83.874661">
      <ele>2558.286845</ele>
    </rtept>
    <rtept lat="28.473469" lon="83.874559">
      <ele>2556.297586</ele>
    </rtept>
    <rtept lat="28.473454" lon="83.874453">
      <ele>2555.265474</ele>
    </rtept>
    <rtept lat="28.473427" lon="83.874351">
      <ele>2555.914308</ele>
    </rtept>
    <rtept lat="28.473408" lon="83.87425">
      <ele>2554.03611</ele>
    </rtept>
    <rtept lat="28.473388" lon="83.874146">
      <ele>2553.518316</ele>
    </rtept>
    <rtept lat="28.473413" lon="83.874043">
      <ele>2556.110267</ele>
    </rtept>
    <rtept lat="28.473461" lon="83.873946">
      <ele>2568.832993</ele>
    </rtept>
    <rtept lat="28.473408" lon="83.873855">
      <ele>2560.843424</ele>
    </rtept>
    <rtept lat="28.473333" lon="83.873797">
      <ele>2555.963684</ele>
    </rtept>
    <rtept lat="28.473284" lon="83.873706">
      <ele>2552.644233</ele>
    </rtept>
    <rtept lat="28.473212" lon="83.87364">
      <ele>2547.455142</ele>
    </rtept>
    <rtept lat="28.473167" lon="83.873547">
      <ele>2551.877444</ele>
    </rtept>
    <rtept lat="28.473088" lon="83.873486">
      <ele>2552.039571</ele>
    </rtept>
    <rtept lat="28.473021" lon="83.873414">
      <ele>2549.601658</ele>
    </rtept>
    <rtept lat="28.472929" lon="83.873364">
      <ele>2547.062597</ele>
    </rtept>
    <rtept lat="28.472905" lon="83.873266">
      <ele>2541.273795</ele>
    </rtept>
    <rtept lat="28.472817" lon="83.873235">
      <ele>2539.463626</ele>
    </rtept>
    <rtept lat="28.472726" lon="83.873203">
      <ele>2538.608087</ele>
    </rtept>
    <rtept lat="28.472727" lon="83.873094">
      <ele>2537.016165</ele>
    </rtept>
    <rtept lat="28.472676" lon="83.872989">
      <ele>2530.015538</ele>
    </rtept>
    <rtept lat="28.472619" lon="83.872905">
      <ele>2532.743044</ele>
    </rtept>
    <rtept lat="28.472541" lon="83.872851">
      <ele>2533.452453</ele>
    </rtept>
    <rtept lat="28.472465" lon="83.872788">
      <ele>2532.358192</ele>
    </rtept>
    <rtept lat="28.472404" lon="83.872706">
      <ele>2531.697702</ele>
    </rtept>
    <rtept lat="28.472322" lon="83.872642">
      <ele>2530.440725</ele>
    </rtept>
    <rtept lat="28.472239" lon="83.872592">
      <ele>2536.681274</ele>
    </rtept>
    <rtept lat="28.472155" lon="83.872546">
      <ele>2538.404879</ele>
    </rtept>
    <rtept lat="28.472074" lon="83.872502">
      <ele>2534.293737</ele>
    </rtept>
    <rtept lat="28.472018" lon="83.872417">
      <ele>2538.407192</ele>
    </rtept>
    <rtept lat="28.471947" lon="83.872352">
      <ele>2538.706443</ele>
    </rtept>
    <rtept lat="28.471855" lon="83.872337">
      <ele>2539.180183</ele>
    </rtept>
    <rtept lat="28.471772" lon="83.872286">
      <ele>2542.783926</ele>
    </rtept>
    <rtept lat="28.471704" lon="83.872213">
      <ele>2540.651186</ele>
    </rtept>
    <rtept lat="28.471637" lon="83.872142">
      <ele>2540.247659</ele>
    </rtept>
    <rtept lat="28.471561" lon="83.872063">
      <ele>2534.097108</ele>
    </rtept>
    <rtept lat="28.47148" lon="83.87201">
      <ele>2532.596398</ele>
    </rtept>
    <rtept lat="28.471432" lon="83.871921">
      <ele>2534.596089</ele>
    </rtept>
    <rtept lat="28.471362" lon="83.871851">
      <ele>2530.448332</ele>
    </rtept>
    <rtept lat="28.471266" lon="83.871822">
      <ele>2530.251204</ele>
    </rtept>
    <rtept lat="28.471202" lon="83.871736">
      <ele>2530.291166</ele>
    </rtept>
    <rtept lat="28.471121" lon="83.871689">
      <ele>2529.179985</ele>
    </rtept>
    <rtept lat="28.471051" lon="83.871616">
      <ele>2534.361747</ele>
    </rtept>
    <rtept lat="28.471002" lon="83.871524">
      <ele>2534.459596</ele>
    </rtept>
    <rtept lat="28.470976" lon="83.871422">
      <ele>2528.989166</ele>
    </rtept>
    <rtept lat="28.470934" lon="83.871329">
      <ele>2529.480434</ele>
    </rtept>
    <rtept lat="28.470856" lon="83.871267">
      <ele>2528.932316</ele>
    </rtept>
    <rtept lat="28.470789" lon="83.871177">
      <ele>2522.898635</ele>
    </rtept>
    <rtept lat="28.470746" lon="83.871079">
      <ele>2523.038912</ele>
    </rtept>
    <rtept lat="28.470734" lon="83.870978">
      <ele>2525.417167</ele>
    </rtept>
    <rtept lat="28.470675" lon="83.870893">
      <ele>2525.440464</ele>
    </rtept>
    <rtept lat="28.470613" lon="83.87081">
      <ele>2523.317402</ele>
    </rtept>
    <rtept lat="28.470587" lon="83.870706">
      <ele>2521.817682</ele>
    </rtept>
    <rtept lat="28.470492" lon="83.870664">
      <ele>2520.164707</ele>
    </rtept>
    <rtept lat="28.47043" lon="83.87058">
      <ele>2521.675677</ele>
    </rtept>
    <rtept lat="28.470367" lon="83.870506">
      <ele>2522.266598</ele>
    </rtept>
    <rtept lat="28.470276" lon="83.870487">
      <ele>2517.350459</ele>
    </rtept>
    <rtept lat="28.470218" lon="83.870403">
      <ele>2516.290494</ele>
    </rtept>
    <rtept lat="28.470167" lon="83.870316">
      <ele>2509.130715</ele>
    </rtept>
    <rtept lat="28.470142" lon="83.87021">
      <ele>2506.26175</ele>
    </rtept>
    <rtept lat="28.470084" lon="83.87013">
      <ele>2508.144923</ele>
    </rtept>
    <rtept lat="28.470043" lon="83.870035">
      <ele>2507.888335</ele>
    </rtept>
    <rtept lat="28.470002" lon="83.869944">
      <ele>2505.442809</ele>
    </rtept>
    <rtept lat="28.469951" lon="83.869856">
      <ele>2501.157918</ele>
    </rtept>
    <rtept lat="28.469928" lon="83.869752">
      <ele>2502.671574</ele>
    </rtept>
    <rtept lat="28.4699" lon="83.869647">
      <ele>2502.883646</ele>
    </rtept>
    <rtept lat="28.469859" lon="83.869555">
      <ele>2503.714683</ele>
    </rtept>
    <rtept lat="28.469819" lon="83.869458">
      <ele>2505.482342</ele>
    </rtept>
    <rtept lat="28.46978" lon="83.869359">
      <ele>2506.690779</ele>
    </rtept>
    <rtept lat="28.469712" lon="83.869285">
      <ele>2506.748198</ele>
    </rtept>
    <rtept lat="28.469654" lon="83.869204">
      <ele>2501.53805</ele>
    </rtept>
    <rtept lat="28.469609" lon="83.869107">
      <ele>2504.594185</ele>
    </rtept>
    <rtept lat="28.469557" lon="83.869022">
      <ele>2505.523198</ele>
    </rtept>
    <rtept lat="28.469573" lon="83.868917">
      <ele>2508.934604</ele>
    </rtept>
    <rtept lat="28.469569" lon="83.868812">
      <ele>2509.192629</ele>
    </rtept>
    <rtept lat="28.469528" lon="83.868713">
      <ele>2510.087395</ele>
    </rtept>
    <rtept lat="28.469489" lon="83.868616">
      <ele>2505.958234</ele>
    </rtept>
    <rtept lat="28.469472" lon="83.868515">
      <ele>2496.662345</ele>
    </rtept>
    <rtept lat="28.469559" lon="83.868475">
      <ele>2497.687318</ele>
    </rtept>
    <rtept lat="28.469616" lon="83.86839">
      <ele>2504.079568</ele>
    </rtept>
    <rtept lat="28.469643" lon="83.868293">
      <ele>2504.393756</ele>
    </rtept>
    <rtept lat="28.469601" lon="83.868198">
      <ele>2513.126492</ele>
    </rtept>
    <rtept lat="28.469508" lon="83.868177">
      <ele>2513.740501</ele>
    </rtept>
    <rtept lat="28.469414" lon="83.868151">
      <ele>2511.159926</ele>
    </rtept>
    <rtept lat="28.469321" lon="83.868163">
      <ele>2509.450714</ele>
    </rtept>
    <rtept lat="28.469229" lon="83.86818">
      <ele>2503.699512</ele>
    </rtept>
    <rtept lat="28.469144" lon="83.868216">
      <ele>2499.335666</ele>
    </rtept>
    <rtept lat="28.469063" lon="83.868168">
      <ele>2495.851602</ele>
    </rtept>
    <rtept lat="28.468992" lon="83.868097">
      <ele>2490.356331</ele>
    </rtept>
    <rtept lat="28.468916" lon="83.868025">
      <ele>2485.164949</ele>
    </rtept>
    <rtept lat="28.468885" lon="83.867916">
      <ele>2486.871082</ele>
    </rtept>
    <rtept lat="28.468837" lon="83.867821">
      <ele>2486.082099</ele>
    </rtept>
    <rtept lat="28.46877" lon="83.867748">
      <ele>2488.943187</ele>
    </rtept>
    <rtept lat="28.468664" lon="83.86773">
      <ele>2487.605445</ele>
    </rtept>
    <rtept lat="28.468595" lon="83.867662">
      <ele>2490.027313</ele>
    </rtept>
    <rtept lat="28.468538" lon="83.867581">
      <ele>2483.273292</ele>
    </rtept>
    <rtept lat="28.468456" lon="83.867534">
      <ele>2483.046558</ele>
    </rtept>
    <rtept lat="28.468398" lon="83.867454">
      <ele>2477.606332</ele>
    </rtept>
    <rtept lat="28.468344" lon="83.86737">
      <ele>2475.87525</ele>
    </rtept>
    <rtept lat="28.468276" lon="83.867296">
      <ele>2482.788194</ele>
    </rtept>
    <rtept lat="28.468256" lon="83.867184">
      <ele>2473.989563</ele>
    </rtept>
    <rtept lat="28.468241" lon="83.867078">
      <ele>2483.264055</ele>
    </rtept>
    <rtept lat="28.46817" lon="83.867008">
      <ele>2482.095669</ele>
    </rtept>
    <rtept lat="28.468157" lon="83.866903">
      <ele>2486.013292</ele>
    </rtept>
    <rtept lat="28.46812" lon="83.866796">
      <ele>2484.803806</ele>
    </rtept>
    <rtept lat="28.468069" lon="83.866703">
      <ele>2493.060577</ele>
    </rtept>
    <rtept lat="28.467987" lon="83.866654">
      <ele>2495.282694</ele>
    </rtept>
    <rtept lat="28.467927" lon="83.866575">
      <ele>2493.412874</ele>
    </rtept>
    <rtept lat="28.467844" lon="83.866531">
      <ele>2493.708554</ele>
    </rtept>
    <rtept lat="28.467777" lon="83.86645">
      <ele>2492.878323</ele>
    </rtept>
    <rtept lat="28.467691" lon="83.866406">
      <ele>2492.272765</ele>
    </rtept>
    <rtept lat="28.467631" lon="83.866324">
      <ele>2491.479661</ele>
    </rtept>
    <rtept lat="28.467547" lon="83.866288">
      <ele>2490.159777</ele>
    </rtept>
    <rtept lat="28.467461" lon="83.866236">
      <ele>2487.908339</ele>
    </rtept>
    <rtept lat="28.467389" lon="83.866172">
      <ele>2486.293015</ele>
    </rtept>
    <rtept lat="28.467339" lon="83.866083">
      <ele>2492.179749</ele>
    </rtept>
    <rtept lat="28.467284" lon="83.865994">
      <ele>2490.602383</ele>
    </rtept>
    <rtept lat="28.46728" lon="83.865892">
      <ele>2486.877674</ele>
    </rtept>
    <rtept lat="28.467195" lon="83.865841">
      <ele>2482.796819</ele>
    </rtept>
    <rtept lat="28.467113" lon="83.865782">
      <ele>2486.375987</ele>
    </rtept>
    <rtept lat="28.467049" lon="83.865705">
      <ele>2484.302164</ele>
    </rtept>
    <rtept lat="28.466977" lon="83.865638">
      <ele>2485.635969</ele>
    </rtept>
    <rtept lat="28.466936" lon="83.865543">
      <ele>2483.192829</ele>
    </rtept>
    <rtept lat="28.466864" lon="83.865475">
      <ele>2480.284924</ele>
    </rtept>
    <rtept lat="28.466783" lon="83.865428">
      <ele>2477.710922</ele>
    </rtept>
    <rtept lat="28.466691" lon="83.865407">
      <ele>2474.028088</ele>
    </rtept>
    <rtept lat="28.466623" lon="83.865337">
      <ele>2466.827304</ele>
    </rtept>
    <rtept lat="28.466548" lon="83.865264">
      <ele>2466.795517</ele>
    </rtept>
    <rtept lat="28.466466" lon="83.865199">
      <ele>2465.356132</ele>
    </rtept>
    <rtept lat="28.4664" lon="83.865127">
      <ele>2469.965486</ele>
    </rtept>
    <rtept lat="28.466329" lon="83.865059">
      <ele>2462.529245</ele>
    </rtept>
    <rtept lat="28.466276" lon="83.864968">
      <ele>2464.993536</ele>
    </rtept>
    <rtept lat="28.466204" lon="83.864902">
      <ele>2459.219633</ele>
    </rtept>
    <rtept lat="28.466112" lon="83.864887">
      <ele>2474.709118</ele>
    </rtept>
    <rtept lat="28.466028" lon="83.864847">
      <ele>2482.896714</ele>
    </rtept>
    <rtept lat="28.465999" lon="83.864742">
      <ele>2475.67048</ele>
    </rtept>
    <rtept lat="28.465963" lon="83.864649">
      <ele>2464.186235</ele>
    </rtept>
    <rtept lat="28.465977" lon="83.864526">
      <ele>2462.870148</ele>
    </rtept>
    <rtept lat="28.465918" lon="83.864441">
      <ele>2467.665103</ele>
    </rtept>
    <rtept lat="28.465824" lon="83.864419">
      <ele>2477.9559</ele>
    </rtept>
    <rtept lat="28.465784" lon="83.864327">
      <ele>2472.102829</ele>
    </rtept>
    <rtept lat="28.465812" lon="83.864221">
      <ele>2485.802264</ele>
    </rtept>
    <rtept lat="28.46576" lon="83.86413">
      <ele>2478.675747</ele>
    </rtept>
    <rtept lat="28.465691" lon="83.864056">
      <ele>2475.573398</ele>
    </rtept>
    <rtept lat="28.465671" lon="83.863951">
      <ele>2462.72866</ele>
    </rtept>
    <rtept lat="28.465662" lon="83.863837">
      <ele>2475.159826</ele>
    </rtept>
    <rtept lat="28.465637" lon="83.863731">
      <ele>2478.250271</ele>
    </rtept>
    <rtept lat="28.465633" lon="83.863627">
      <ele>2479.411065</ele>
    </rtept>
    <rtept lat="28.465687" lon="83.863534">
      <ele>2488.138165</ele>
    </rtept>
    <rtept lat="28.465732" lon="83.863445">
      <ele>2493.649136</ele>
    </rtept>
    <rtept lat="28.465659" lon="83.863382">
      <ele>2499.901703</ele>
    </rtept>
    <rtept lat="28.465593" lon="83.863295">
      <ele>2503.627528</ele>
    </rtept>
    <rtept lat="28.465536" lon="83.863215">
      <ele>2495.855677</ele>
    </rtept>
    <rtept lat="28.465548" lon="83.863111">
      <ele>2491.704251</ele>
    </rtept>
    <rtept lat="28.465513" lon="83.863009">
      <ele>2490.275969</ele>
    </rtept>
    <rtept lat="28.465443" lon="83.86294">
      <ele>2495.563242</ele>
    </rtept>
    <rtept lat="28.465405" lon="83.862827">
      <ele>2496.170958</ele>
    </rtept>
    <rtept lat="28.465351" lon="83.862738">
      <ele>2498.696137</ele>
    </rtept>
    <rtept lat="28.46529" lon="83.862658">
      <ele>2501.515628</ele>
    </rtept>
    <rtept lat="28.465199" lon="83.86262">
      <ele>2496.900345</ele>
    </rtept>
    <rtept lat="28.465102" lon="83.862622">
      <ele>2495.17833</ele>
    </rtept>
    <rtept lat="28.46502" lon="83.862573">
      <ele>2495.870116</ele>
    </rtept>
    <rtept lat="28.464945" lon="83.862501">
      <ele>2489.810218</ele>
    </rtept>
    <rtept lat="28.464863" lon="83.862434">
      <ele>2483.255354</ele>
    </rtept>
    <rtept lat="28.464773" lon="83.862424">
      <ele>2476.654766</ele>
    </rtept>
    <rtept lat="28.464689" lon="83.862468">
      <ele>2470.901888</ele>
    </rtept>
    <rtept lat="28.464597" lon="83.862438">
      <ele>2468.497915</ele>
    </rtept>
    <rtept lat="28.464498" lon="83.862412">
      <ele>2469.88877</ele>
    </rtept>
    <rtept lat="28.464411" lon="83.862374">
      <ele>2470.368832</ele>
    </rtept>
    <rtept lat="28.46434" lon="83.862307">
      <ele>2468.760344</ele>
    </rtept>
    <rtept lat="28.46425" lon="83.862266">
      <ele>2467.264407</ele>
    </rtept>
    <rtept lat="28.464198" lon="83.862182">
      <ele>2465.373141</ele>
    </rtept>
    <rtept lat="28.464109" lon="83.862152">
      <ele>2464.135046</ele>
    </rtept>
    <rtept lat="28.464019" lon="83.862126">
      <ele>2463.899075</ele>
    </rtept>
    <rtept lat="28.463969" lon="83.862035">
      <ele>2461.714803</ele>
    </rtept>
    <rtept lat="28.463969" lon="83.861932">
      <ele>2457.411327</ele>
    </rtept>
    <rtept lat="28.463978" lon="83.861827">
      <ele>2453.126651</ele>
    </rtept>
    <rtept lat="28.464041" lon="83.861753">
      <ele>2451.962173</ele>
    </rtept>
    <rtept lat="28.464066" lon="83.861654">
      <ele>2449.695263</ele>
    </rtept>
    <rtept lat="28.464107" lon="83.861552">
      <ele>2447.77111</ele>
    </rtept>
    <rtept lat="28.464058" lon="83.861462">
      <ele>2448.166679</ele>
    </rtept>
    <rtept lat="28.463969" lon="83.861438">
      <ele>2447.926813</ele>
    </rtept>
    <rtept lat="28.463879" lon="83.861403">
      <ele>2448.759473</ele>
    </rtept>
    <rtept lat="28.463801" lon="83.861339">
      <ele>2446.531994</ele>
    </rtept>
    <rtept lat="28.46384" lon="83.861315">
      <ele>2446.509081</ele>
    </rtept>
    <rtept lat="28.46374" lon="83.861336">
      <ele>2444.844922</ele>
    </rtept>
    <rtept lat="28.463696" lon="83.861244">
      <ele>2440.618502</ele>
    </rtept>
    <rtept lat="28.463603" lon="83.861257">
      <ele>2434.497097</ele>
    </rtept>
    <rtept lat="28.46352" lon="83.861188">
      <ele>2429.968466</ele>
    </rtept>
    <rtept lat="28.46345" lon="83.861259">
      <ele>2435.573725</ele>
    </rtept>
    <rtept lat="28.463353" lon="83.861264">
      <ele>2435.403629</ele>
    </rtept>
    <rtept lat="28.463262" lon="83.861258">
      <ele>2433.869526</ele>
    </rtept>
    <rtept lat="28.463172" lon="83.861217">
      <ele>2433.395017</ele>
    </rtept>
    <rtept lat="28.463093" lon="83.86116">
      <ele>2432.693674</ele>
    </rtept>
    <rtept lat="28.463008" lon="83.861107">
      <ele>2430.42818</ele>
    </rtept>
    <rtept lat="28.462917" lon="83.861095">
      <ele>2429.832205</ele>
    </rtept>
    <rtept lat="28.462817" lon="83.861098">
      <ele>2430.408833</ele>
    </rtept>
    <rtept lat="28.462734" lon="83.861148">
      <ele>2430.23422</ele>
    </rtept>
    <rtept lat="28.462642" lon="83.861152">
      <ele>2431.4581</ele>
    </rtept>
    <rtept lat="28.462552" lon="83.861142">
      <ele>2431.466099</ele>
    </rtept>
    <rtept lat="28.462479" lon="83.861079">
      <ele>2431.543183</ele>
    </rtept>
    <rtept lat="28.462389" lon="83.861043">
      <ele>2430.022041</ele>
    </rtept>
    <rtept lat="28.462305" lon="83.860997">
      <ele>2429.21747</ele>
    </rtept>
    <rtept lat="28.462226" lon="83.860947">
      <ele>2424.224115</ele>
    </rtept>
    <rtept lat="28.462133" lon="83.86099">
      <ele>2424.064441</ele>
    </rtept>
    <rtept lat="28.46204" lon="83.86096">
      <ele>2422.987534</ele>
    </rtept>
    <rtept lat="28.46197" lon="83.860891">
      <ele>2419.558679</ele>
    </rtept>
    <rtept lat="28.461876" lon="83.860884">
      <ele>2415.721463</ele>
    </rtept>
    <rtept lat="28.461789" lon="83.860848">
      <ele>2414.833146</ele>
    </rtept>
    <rtept lat="28.46171" lon="83.860787">
      <ele>2414.492072</ele>
    </rtept>
    <rtept lat="28.461631" lon="83.860733">
      <ele>2415.042706</ele>
    </rtept>
    <rtept lat="28.461553" lon="83.860678">
      <ele>2414.388737</ele>
    </rtept>
    <rtept lat="28.461472" lon="83.860625">
      <ele>2412.437873</ele>
    </rtept>
    <rtept lat="28.461416" lon="83.860539">
      <ele>2410.063126</ele>
    </rtept>
    <rtept lat="28.461355" lon="83.860449">
      <ele>2408.153559</ele>
    </rtept>
    <rtept lat="28.461304" lon="83.860362">
      <ele>2406.787134</ele>
    </rtept>
    <rtept lat="28.461218" lon="83.860326">
      <ele>2407.620757</ele>
    </rtept>
    <rtept lat="28.46114" lon="83.860273">
      <ele>2405.943379</ele>
    </rtept>
    <rtept lat="28.461067" lon="83.860199">
      <ele>2404.974214</ele>
    </rtept>
    <rtept lat="28.461001" lon="83.860123">
      <ele>2403.914788</ele>
    </rtept>
    <rtept lat="28.460915" lon="83.860067">
      <ele>2403.849921</ele>
    </rtept>
    <rtept lat="28.460839" lon="83.860009">
      <ele>2402.975892</ele>
    </rtept>
    <rtept lat="28.460763" lon="83.859937">
      <ele>2398.71912</ele>
    </rtept>
    <rtept lat="28.460696" lon="83.859867">
      <ele>2397.144155</ele>
    </rtept>
    <rtept lat="28.460628" lon="83.859787">
      <ele>2396.819156</ele>
    </rtept>
    <rtept lat="28.460558" lon="83.859722">
      <ele>2397.260107</ele>
    </rtept>
    <rtept lat="28.460493" lon="83.859651">
      <ele>2398.258386</ele>
    </rtept>
    <rtept lat="28.460419" lon="83.859593">
      <ele>2396.815251</ele>
    </rtept>
    <rtept lat="28.46035" lon="83.859523">
      <ele>2396.873624</ele>
    </rtept>
    <rtept lat="28.460283" lon="83.859444">
      <ele>2396.413512</ele>
    </rtept>
    <rtept lat="28.460237" lon="83.859354">
      <ele>2394.944464</ele>
    </rtept>
    <rtept lat="28.46017" lon="83.859276">
      <ele>2391.883955</ele>
    </rtept>
    <rtept lat="28.460104" lon="83.859196">
      <ele>2390.917884</ele>
    </rtept>
    <rtept lat="28.460064" lon="83.859104">
      <ele>2389.857809</ele>
    </rtept>
    <rtept lat="28.459994" lon="83.859038">
      <ele>2388.232036</ele>
    </rtept>
    <rtept lat="28.459948" lon="83.858942">
      <ele>2387.271411</ele>
    </rtept>
    <rtept lat="28.459861" lon="83.858899">
      <ele>2384.2428</ele>
    </rtept>
    <rtept lat="28.459793" lon="83.858831">
      <ele>2383.444984</ele>
    </rtept>
    <rtept lat="28.459754" lon="83.858722">
      <ele>2383.799854</ele>
    </rtept>
    <rtept lat="28.459787" lon="83.858624">
      <ele>2375.003711</ele>
    </rtept>
    <rtept lat="28.459807" lon="83.858516">
      <ele>2372.145019</ele>
    </rtept>
    <rtept lat="28.459718" lon="83.858562">
      <ele>2369.945092</ele>
    </rtept>
    <rtept lat="28.459732" lon="83.858453">
      <ele>2366.770225</ele>
    </rtept>
    <rtept lat="28.459642" lon="83.858411">
      <ele>2364.828392</ele>
    </rtept>
    <rtept lat="28.459549" lon="83.858406">
      <ele>2365.735487</ele>
    </rtept>
    <rtept lat="28.459463" lon="83.858448">
      <ele>2366.339014</ele>
    </rtept>
    <rtept lat="28.459392" lon="83.858377">
      <ele>2365.476076</ele>
    </rtept>
    <rtept lat="28.459362" lon="83.858275">
      <ele>2363.823439</ele>
    </rtept>
    <rtept lat="28.459274" lon="83.85824">
      <ele>2361.21469</ele>
    </rtept>
    <rtept lat="28.459216" lon="83.858133">
      <ele>2357.903228</ele>
    </rtept>
    <rtept lat="28.459138" lon="83.858202">
      <ele>2353.571248</ele>
    </rtept>
    <rtept lat="28.459056" lon="83.85827">
      <ele>2352.259553</ele>
    </rtept>
    <rtept lat="28.45897" lon="83.858307">
      <ele>2351.501073</ele>
    </rtept>
    <rtept lat="28.458948" lon="83.858204">
      <ele>2349.930398</ele>
    </rtept>
    <rtept lat="28.458912" lon="83.858104">
      <ele>2349.644581</ele>
    </rtept>
    <rtept lat="28.458928" lon="83.858001">
      <ele>2349.402183</ele>
    </rtept>
    <rtept lat="28.458931" lon="83.857894">
      <ele>2349.892376</ele>
    </rtept>
    <rtept lat="28.458839" lon="83.857898">
      <ele>2350.577532</ele>
    </rtept>
    <rtept lat="28.458749" lon="83.85788">
      <ele>2349.393016</ele>
    </rtept>
    <rtept lat="28.458669" lon="83.857825">
      <ele>2349.633599</ele>
    </rtept>
    <rtept lat="28.458578" lon="83.857836">
      <ele>2344.635418</ele>
    </rtept>
    <rtept lat="28.458498" lon="83.857786">
      <ele>2342.253357</ele>
    </rtept>
    <rtept lat="28.458417" lon="83.85773">
      <ele>2339.017115</ele>
    </rtept>
    <rtept lat="28.458346" lon="83.857663">
      <ele>2336.209277</ele>
    </rtept>
    <rtept lat="28.458284" lon="83.857585">
      <ele>2334.253648</ele>
    </rtept>
    <rtept lat="28.458253" lon="83.857484">
      <ele>2333.495371</ele>
    </rtept>
    <rtept lat="28.458184" lon="83.857415">
      <ele>2333.485898</ele>
    </rtept>
    <rtept lat="28.458088" lon="83.857425">
      <ele>2333.242942</ele>
    </rtept>
    <rtept lat="28.458018" lon="83.857356">
      <ele>2332.523907</ele>
    </rtept>
    <rtept lat="28.457929" lon="83.857319">
      <ele>2330.588521</ele>
    </rtept>
    <rtept lat="28.457837" lon="83.857304">
      <ele>2329.453723</ele>
    </rtept>
    <rtept lat="28.457842" lon="83.857195">
      <ele>2326.209215</ele>
    </rtept>
    <rtept lat="28.4578" lon="83.857103">
      <ele>2322.656983</ele>
    </rtept>
    <rtept lat="28.45771" lon="83.857131">
      <ele>2320.046016</ele>
    </rtept>
    <rtept lat="28.457615" lon="83.857123">
      <ele>2318.174834</ele>
    </rtept>
    <rtept lat="28.457523" lon="83.857088">
      <ele>2317.999116</ele>
    </rtept>
    <rtept lat="28.457526" lon="83.856985">
      <ele>2317.460193</ele>
    </rtept>
    <rtept lat="28.457445" lon="83.85693">
      <ele>2316.023493</ele>
    </rtept>
    <rtept lat="28.457354" lon="83.856904">
      <ele>2316.546327</ele>
    </rtept>
    <rtept lat="28.457265" lon="83.856862">
      <ele>2316.576822</ele>
    </rtept>
    <rtept lat="28.457167" lon="83.856857">
      <ele>2316.399157</ele>
    </rtept>
    <rtept lat="28.457078" lon="83.856829">
      <ele>2315.064083</ele>
    </rtept>
    <rtept lat="28.456986" lon="83.856792">
      <ele>2314.622995</ele>
    </rtept>
    <rtept lat="28.456895" lon="83.856816">
      <ele>2314.127941</ele>
    </rtept>
    <rtept lat="28.456974" lon="83.856767">
      <ele>2312.727903</ele>
    </rtept>
    <rtept lat="28.456932" lon="83.856858">
      <ele>2314.438341</ele>
    </rtept>
  </rte>
  <rte>
    <rtept lat="28.526984" lon="83.907479">
      <ele>3690.1403</ele>
    </rtept>
    <rtept lat="28.526833" lon="83.907427">
      <ele>3691.674042</ele>
    </rtept>
    <rtept lat="28.526805" lon="83.907322">
      <ele>3692.061273</ele>
    </rtept>
    <rtept lat="28.526809" lon="83.907268">
      <ele>3690.886952</ele>
    </rtept>
    <rtept lat="28.526851" lon="83.907372">
      <ele>3687.080107</ele>
    </rtept>
    <rtept lat="28.526996" lon="83.90745">
      <ele>3695.381464</ele>
    </rtept>
    <rtept lat="28.526826" lon="83.907551">
      <ele>3684.510621</ele>
    </rtept>
    <rtept lat="28.526696" lon="83.907493">
      <ele>3685.877564</ele>
    </rtept>
    <rtept lat="28.526597" lon="83.907441">
      <ele>3682.630895</ele>
    </rtept>
    <rtept lat="28.526561" lon="83.907448">
      <ele>3682.411332</ele>
    </rtept>
    <rtept lat="28.526892" lon="83.90724">
      <ele>3681.140131</ele>
    </rtept>
    <rtept lat="28.526981" lon="83.907059">
      <ele>3689.008752</ele>
    </rtept>
    <rtept lat="28.526997" lon="83.906944">
      <ele>3691.299705</ele>
    </rtept>
    <rtept lat="28.526989" lon="83.906842">
      <ele>3691.083987</ele>
    </rtept>
    <rtept lat="28.526987" lon="83.906736">
      <ele>3694.560794</ele>
    </rtept>
    <rtept lat="28.526957" lon="83.906639">
      <ele>3694.569728</ele>
    </rtept>
    <rtept lat="28.52696" lon="83.906531">
      <ele>3694.822233</ele>
    </rtept>
    <rtept lat="28.526957" lon="83.906424">
      <ele>3693.80313</ele>
    </rtept>
    <rtept lat="28.526965" lon="83.90632">
      <ele>3693.48148</ele>
    </rtept>
    <rtept lat="28.526972" lon="83.906214">
      <ele>3691.409396</ele>
    </rtept>
    <rtept lat="28.526955" lon="83.906108">
      <ele>3693.263969</ele>
    </rtept>
    <rtept lat="28.526992" lon="83.906004">
      <ele>3690.435333</ele>
    </rtept>
    <rtept lat="28.52702" lon="83.905905">
      <ele>3692.784999</ele>
    </rtept>
    <rtept lat="28.527044" lon="83.905805">
      <ele>3693.112172</ele>
    </rtept>
    <rtept lat="28.527053" lon="83.905695">
      <ele>3697.223317</ele>
    </rtept>
    <rtept lat="28.527048" lon="83.905585">
      <ele>3699.374008</ele>
    </rtept>
    <rtept lat="28.527108" lon="83.905501">
      <ele>3701.420753</ele>
    </rtept>
    <rtept lat="28.527127" lon="83.905395">
      <ele>3704.146241</ele>
    </rtept>
    <rtept lat="28.527144" lon="83.905285">
      <ele>3707.267836</ele>
    </rtept>
    <rtept lat="28.527153" lon="83.905183">
      <ele>3709.303988</ele>
    </rtept>
    <rtept lat="28.527157" lon="83.905073">
      <ele>3711.007341</ele>
    </rtept>
    <rtept lat="28.527201" lon="83.904978">
      <ele>3712.847908</ele>
    </rtept>
    <rtept lat="28.527275" lon="83.904917">
      <ele>3716.937628</ele>
    </rtept>
    <rtept lat="28.527261" lon="83.904815">
      <ele>3718.569966</ele>
    </rtept>
    <rtept lat="28.527309" lon="83.904721">
      <ele>3725.92191</ele>
    </rtept>
    <rtept lat="28.527355" lon="83.904631">
      <ele>3730.083435</ele>
    </rtept>
    <rtept lat="28.527383" lon="83.904533">
      <ele>3732.819275</ele>
    </rtept>
    <rtept lat="28.52738" lon="83.904429">
      <ele>3730.821996</ele>
    </rtept>
    <rtept lat="28.527351" lon="83.904327">
      <ele>3735.862336</ele>
    </rtept>
    <rtept lat="28.527379" lon="83.90423">
      <ele>3736.629448</ele>
    </rtept>
    <rtept lat="28.527404" lon="83.904123">
      <ele>3740.486523</ele>
    </rtept>
    <rtept lat="28.527447" lon="83.904031">
      <ele>3743.472367</ele>
    </rtept>
    <rtept lat="28.527423" lon="83.903932">
      <ele>3744.644084</ele>
    </rtept>
    <rtept lat="28.527417" lon="83.903829">
      <ele>3746.239527</ele>
    </rtept>
    <rtept lat="28.527429" lon="83.903727">
      <ele>3747.089989</ele>
    </rtept>
    <rtept lat="28.527438" lon="83.903619">
      <ele>3746.772768</ele>
    </rtept>
    <rtept lat="28.527499" lon="83.90354">
      <ele>3746.970176</ele>
    </rtept>
    <rtept lat="28.52752" lon="83.903438">
      <ele>3748.112935</ele>
    </rtept>
    <rtept lat="28.527553" lon="83.903337">
      <ele>3749.467524</ele>
    </rtept>
    <rtept lat="28.527527" lon="83.903232">
      <ele>3750.731704</ele>
    </rtept>
    <rtept lat="28.527563" lon="83.903137">
      <ele>3752.138885</ele>
    </rtept>
    <rtept lat="28.527519" lon="83.903043">
      <ele>3759.460261</ele>
    </rtept>
    <rtept lat="28.527513" lon="83.902939">
      <ele>3762.555179</ele>
    </rtept>
    <rtept lat="28.527593" lon="83.902884">
      <ele>3763.076966</ele>
    </rtept>
    <rtept lat="28.527574" lon="83.90278">
      <ele>3763.591023</ele>
    </rtept>
    <rtept lat="28.52759" lon="83.902678">
      <ele>3764.561737</ele>
    </rtept>
    <rtept lat="28.527605" lon="83.902572">
      <ele>3767.711632</ele>
    </rtept>
    <rtept lat="28.527529" lon="83.902514">
      <ele>3768.630719</ele>
    </rtept>
    <rtept lat="28.527503" lon="83.902415">
      <ele>3769.856178</ele>
    </rtept>
    <rtept lat="28.527443" lon="83.902327">
      <ele>3771.544931</ele>
    </rtept>
    <rtept lat="28.527415" lon="83.902226">
      <ele>3773.559271</ele>
    </rtept>
    <rtept lat="28.527401" lon="83.902125">
      <ele>3776.582778</ele>
    </rtept>
    <rtept lat="28.527423" lon="83.902022">
      <ele>3779.535109</ele>
    </rtept>
    <rtept lat="28.527427" lon="83.90192">
      <ele>3780.517189</ele>
    </rtept>
    <rtept lat="28.527472" lon="83.901829">
      <ele>3785.069811</ele>
    </rtept>
    <rtept lat="28.527547" lon="83.901771">
      <ele>3787.644012</ele>
    </rtept>
    <rtept lat="28.527571" lon="83.901668">
      <ele>3792.738369</ele>
    </rtept>
    <rtept lat="28.527608" lon="83.901571">
      <ele>3797.192041</ele>
    </rtept>
    <rtept lat="28.527618" lon="83.901468">
      <ele>3797.427882</ele>
    </rtept>
    <rtept lat="28.527648" lon="83.901368">
      <ele>3797.76397</ele>
    </rtept>
    <rtept lat="28.527683" lon="83.901271">
      <ele>3797.295386</ele>
    </rtept>
    <rtept lat="28.527741" lon="83.901189">
      <ele>3799.586109</ele>
    </rtept>
    <rtept lat="28.5277" lon="83.901088">
      <ele>3798.736191</ele>
    </rtept>
    <rtept lat="28.527725" lon="83.900984">
      <ele>3799.885598</ele>
    </rtept>
    <rtept lat="28.527743" lon="83.900883">
      <ele>3800.057357</ele>
    </rtept>
    <rtept lat="28.527773" lon="83.90078">
      <ele>3801.217197</ele>
    </rtept>
    <rtept lat="28.527799" lon="83.900675">
      <ele>3802.169511</ele>
    </rtept>
    <rtept lat="28.527807" lon="83.90057">
      <ele>3807.472395</ele>
    </rtept>
    <rtept lat="28.527852" lon="83.900479">
      <ele>3814.207484</ele>
    </rtept>
    <rtept lat="28.527877" lon="83.900379">
      <ele>3815.370103</ele>
    </rtept>
    <rtept lat="28.527878" lon="83.900271">
      <ele>3814.724761</ele>
    </rtept>
    <rtept lat="28.52786" lon="83.900169">
      <ele>3817.550651</ele>
    </rtept>
    <rtept lat="28.527851" lon="83.900064">
      <ele>3819.581663</ele>
    </rtept>
    <rtept lat="28.52793" lon="83.900002">
      <ele>3823.767582</ele>
    </rtept>
    <rtept lat="28.527938" lon="83.899899">
      <ele>3827.902758</ele>
    </rtept>
    <rtept lat="28.527971" lon="83.899798">
      <ele>3830.501097</ele>
    </rtept>
    <rtept lat="28.528019" lon="83.899707">
      <ele>3832.635901</ele>
    </rtept>
    <rtept lat="28.528038" lon="83.899605">
      <ele>3834.815148</ele>
    </rtept>
    <rtept lat="28.528065" lon="83.899502">
      <ele>3842.107695</ele>
    </rtept>
    <rtept lat="28.528086" lon="83.8994">
      <ele>3844.67623</ele>
    </rtept>
    <rtept lat="28.528119" lon="83.899301">
      <ele>3846.505798</ele>
    </rtept>
    <rtept lat="28.528093" lon="83.899195">
      <ele>3847.305046</ele>
    </rtept>
    <rtept lat="28.528099" lon="83.899086">
      <ele>3847.619807</ele>
    </rtept>
    <rtept lat="28.528121" lon="83.898979">
      <ele>3848.341922</ele>
    </rtept>
    <rtept lat="28.528147" lon="83.898875">
      <ele>3848.915587</ele>
    </rtept>
    <rtept lat="28.528164" lon="83.898773">
      <ele>3849.32644</ele>
    </rtept>
    <rtept lat="28.528199" lon="83.898672">
      <ele>3849.867992</ele>
    </rtept>
    <rtept lat="28.52822" lon="83.89857">
      <ele>3850.979489</ele>
    </rtept>
    <rtept lat="28.528273" lon="83.898487">
      <ele>3851.975245</ele>
    </rtept>
    <rtept lat="28.528323" lon="83.898402">
      <ele>3850.232575</ele>
    </rtept>
    <rtept lat="28.528394" lon="83.898332">
      <ele>3851.489544</ele>
    </rtept>
    <rtept lat="28.528479" lon="83.898279">
      <ele>3851.311912</ele>
    </rtept>
    <rtept lat="28.528528" lon="83.898184">
      <ele>3854.203269</ele>
    </rtept>
    <rtept lat="28.528573" lon="83.898095">
      <ele>3856.901476</ele>
    </rtept>
    <rtept lat="28.528611" lon="83.897998">
      <ele>3860.132902</ele>
    </rtept>
    <rtept lat="28.528642" lon="83.8979">
      <ele>3861.740601</ele>
    </rtept>
    <rtept lat="28.528668" lon="83.897801">
      <ele>3863.359709</ele>
    </rtept>
    <rtept lat="28.528713" lon="83.897711">
      <ele>3864.843661</ele>
    </rtept>
    <rtept lat="28.528791" lon="83.897656">
      <ele>3864.428189</ele>
    </rtept>
    <rtept lat="28.528853" lon="83.89758">
      <ele>3863.845569</ele>
    </rtept>
    <rtept lat="28.528919" lon="83.897506">
      <ele>3866.965341</ele>
    </rtept>
    <rtept lat="28.528978" lon="83.89742">
      <ele>3870.33763</ele>
    </rtept>
    <rtept lat="28.529003" lon="83.897319">
      <ele>3872.344823</ele>
    </rtept>
    <rtept lat="28.52899" lon="83.897217">
      <ele>3872.69465</ele>
    </rtept>
    <rtept lat="28.529003" lon="83.897114">
      <ele>3874.696606</ele>
    </rtept>
    <rtept lat="28.52906" lon="83.897029">
      <ele>3875.733376</ele>
    </rtept>
    <rtept lat="28.529074" lon="83.89692">
      <ele>3875.921979</ele>
    </rtept>
    <rtept lat="28.529075" lon="83.896815">
      <ele>3877.88519</ele>
    </rtept>
    <rtept lat="28.529105" lon="83.896714">
      <ele>3880.883448</ele>
    </rtept>
    <rtept lat="28.529109" lon="83.896603">
      <ele>3883.227004</ele>
    </rtept>
    <rtept lat="28.529124" lon="83.896494">
      <ele>3884.219324</ele>
    </rtept>
    <rtept lat="28.529163" lon="83.8964">
      <ele>3885.881634</ele>
    </rtept>
    <rtept lat="28.529188" lon="83.896297">
      <ele>3885.242212</ele>
    </rtept>
    <rtept lat="28.529229" lon="83.896198">
      <ele>3884.773815</ele>
    </rtept>
    <rtept lat="28.529213" lon="83.896097">
      <ele>3892.116655</ele>
    </rtept>
    <rtept lat="28.529228" lon="83.895996">
      <ele>3896.891866</ele>
    </rtept>
    <rtept lat="28.529251" lon="83.895893">
      <ele>3899.15464</ele>
    </rtept>
    <rtept lat="28.529249" lon="83.895786">
      <ele>3900.393221</ele>
    </rtept>
    <rtept lat="28.529266" lon="83.895685">
      <ele>3899.072985</ele>
    </rtept>
    <rtept lat="28.529269" lon="83.895577">
      <ele>3901.122579</ele>
    </rtept>
    <rtept lat="28.52924" lon="83.895472">
      <ele>3904.557597</ele>
    </rtept>
    <rtept lat="28.529224" lon="83.895368">
      <ele>3906.740038</ele>
    </rtept>
    <rtept lat="28.529236" lon="83.895264">
      <ele>3906.088019</ele>
    </rtept>
    <rtept lat="28.529242" lon="83.895158">
      <ele>3906.798877</ele>
    </rtept>
    <rtept lat="28.529189" lon="83.895071">
      <ele>3908.943563</ele>
    </rtept>
    <rtept lat="28.529186" lon="83.894964">
      <ele>3912.32856</ele>
    </rtept>
    <rtept lat="28.529198" lon="83.894859">
      <ele>3916.394324</ele>
    </rtept>
    <rtept lat="28.529231" lon="83.894757">
      <ele>3917.870533</ele>
    </rtept>
    <rtept lat="28.529299" lon="83.894684">
      <ele>3916.864725</ele>
    </rtept>
    <rtept lat="28.529275" lon="83.894564">
      <ele>3917.447423</ele>
    </rtept>
    <rtept lat="28.52928" lon="83.89446">
      <ele>3919.010591</ele>
    </rtept>
    <rtept lat="28.529258" lon="83.894357">
      <ele>3919.429427</ele>
    </rtept>
    <rtept lat="28.529316" lon="83.894277">
      <ele>3918.457344</ele>
    </rtept>
    <rtept lat="28.529386" lon="83.894194">
      <ele>3917.206516</ele>
    </rtept>
    <rtept lat="28.52937" lon="83.894085">
      <ele>3917.499711</ele>
    </rtept>
    <rtept lat="28.529372" lon="83.893976">
      <ele>3918.638836</ele>
    </rtept>
    <rtept lat="28.529401" lon="83.893875">
      <ele>3918.360312</ele>
    </rtept>
    <rtept lat="28.529421" lon="83.893768">
      <ele>3918.35774</ele>
    </rtept>
    <rtept lat="28.529462" lon="83.893672">
      <ele>3917.950933</ele>
    </rtept>
    <rtept lat="28.529497" lon="83.893566">
      <ele>3919.052998</ele>
    </rtept>
    <rtept lat="28.529496" lon="83.893463">
      <ele>3920.700839</ele>
    </rtept>
    <rtept lat="28.529483" lon="83.893361">
      <ele>3921.999928</ele>
    </rtept>
    <rtept lat="28.529477" lon="83.893252">
      <ele>3923.162607</ele>
    </rtept>
    <rtept lat="28.529502" lon="83.893147">
      <ele>3925.019002</ele>
    </rtept>
    <rtept lat="28.529485" lon="83.893038">
      <ele>3924.502858</ele>
    </rtept>
    <rtept lat="28.529495" lon="83.892931">
      <ele>3922.878946</ele>
    </rtept>
    <rtept lat="28.529492" lon="83.892828">
      <ele>3923.540236</ele>
    </rtept>
    <rtept lat="28.529503" lon="83.892714">
      <ele>3931.501556</ele>
    </rtept>
    <rtept lat="28.529505" lon="83.892611">
      <ele>3934.728263</ele>
    </rtept>
    <rtept lat="28.529481" lon="83.89251">
      <ele>3935.532905</ele>
    </rtept>
    <rtept lat="28.529494" lon="83.892405">
      <ele>3937.185127</ele>
    </rtept>
    <rtept lat="28.529526" lon="83.892304">
      <ele>3936.220875</ele>
    </rtept>
    <rtept lat="28.529551" lon="83.892205">
      <ele>3937.804888</ele>
    </rtept>
    <rtept lat="28.52952" lon="83.892104">
      <ele>3938.72489</ele>
    </rtept>
    <rtept lat="28.529551" lon="83.892003">
      <ele>3940.718473</ele>
    </rtept>
    <rtept lat="28.529604" lon="83.891916">
      <ele>3941.320755</ele>
    </rtept>
    <rtept lat="28.529639" lon="83.891817">
      <ele>3941.836663</ele>
    </rtept>
    <rtept lat="28.529628" lon="83.891713">
      <ele>3942.750432</ele>
    </rtept>
    <rtept lat="28.529641" lon="83.89161">
      <ele>3947.761594</ele>
    </rtept>
    <rtept lat="28.529619" lon="83.891509">
      <ele>3949.989837</ele>
    </rtept>
    <rtept lat="28.529617" lon="83.891407">
      <ele>3949.471206</ele>
    </rtept>
    <rtept lat="28.529616" lon="83.891305">
      <ele>3949.7818</ele>
    </rtept>
    <rtept lat="28.529656" lon="83.891211">
      <ele>3949.655017</ele>
    </rtept>
    <rtept lat="28.529657" lon="83.891108">
      <ele>3950.370295</ele>
    </rtept>
    <rtept lat="28.52967" lon="83.891002">
      <ele>3951.67632</ele>
    </rtept>
    <rtept lat="28.52966" lon="83.8909">
      <ele>3951.967864</ele>
    </rtept>
    <rtept lat="28.529659" lon="83.890797">
      <ele>3953.595281</ele>
    </rtept>
    <rtept lat="28.529622" lon="83.890703">
      <ele>3954.253353</ele>
    </rtept>
    <rtept lat="28.529658" lon="83.890609">
      <ele>3956.039402</ele>
    </rtept>
    <rtept lat="28.529633" lon="83.89051">
      <ele>3957.707877</ele>
    </rtept>
    <rtept lat="28.529642" lon="83.890395">
      <ele>3954.005848</ele>
    </rtept>
    <rtept lat="28.529654" lon="83.890285">
      <ele>3955.495518</ele>
    </rtept>
    <rtept lat="28.52964" lon="83.890178">
      <ele>3956.923937</ele>
    </rtept>
    <rtept lat="28.529637" lon="83.890061">
      <ele>3958.680454</ele>
    </rtept>
    <rtept lat="28.529655" lon="83.889958">
      <ele>3958.367884</ele>
    </rtept>
    <rtept lat="28.52968" lon="83.889858">
      <ele>3959.225728</ele>
    </rtept>
    <rtept lat="28.529715" lon="83.889763">
      <ele>3958.080686</ele>
    </rtept>
    <rtept lat="28.529751" lon="83.889657">
      <ele>3959.761156</ele>
    </rtept>
    <rtept lat="28.529772" lon="83.889551">
      <ele>3961.377161</ele>
    </rtept>
    <rtept lat="28.529792" lon="83.889446">
      <ele>3962.753568</ele>
    </rtept>
    <rtept lat="28.529806" lon="83.889344">
      <ele>3965.536459</ele>
    </rtept>
    <rtept lat="28.529747" lon="83.889254">
      <ele>3966.315618</ele>
    </rtept>
    <rtept lat="28.529767" lon="83.889149">
      <ele>3971.031549</ele>
    </rtept>
    <rtept lat="28.529802" lon="83.889046">
      <ele>3972.474668</ele>
    </rtept>
    <rtept lat="28.529815" lon="83.888943">
      <ele>3974.031805</ele>
    </rtept>
    <rtept lat="28.529831" lon="83.888832">
      <ele>3975.314256</ele>
    </rtept>
    <rtept lat="28.529816" lon="83.888724">
      <ele>3974.397117</ele>
    </rtept>
    <rtept lat="28.529854" lon="83.888627">
      <ele>3975.36135</ele>
    </rtept>
    <rtept lat="28.529907" lon="83.888538">
      <ele>3975.167256</ele>
    </rtept>
    <rtept lat="28.529945" lon="83.888441">
      <ele>3976.208842</ele>
    </rtept>
    <rtept lat="28.530016" lon="83.888378">
      <ele>3975.223645</ele>
    </rtept>
    <rtept lat="28.530057" lon="83.888281">
      <ele>3975.926596</ele>
    </rtept>
    <rtept lat="28.530099" lon="83.888179">
      <ele>3978.439413</ele>
    </rtept>
    <rtept lat="28.530143" lon="83.888085">
      <ele>3981.516877</ele>
    </rtept>
    <rtept lat="28.530134" lon="83.887983">
      <ele>3983.240307</ele>
    </rtept>
    <rtept lat="28.530144" lon="83.88788">
      <ele>3983.380759</ele>
    </rtept>
    <rtept lat="28.530153" lon="83.887775">
      <ele>3984.693759</ele>
    </rtept>
    <rtept lat="28.530213" lon="83.887686">
      <ele>3987.169659</ele>
    </rtept>
    <rtept lat="28.530262" lon="83.8876">
      <ele>3989.980211</ele>
    </rtept>
    <rtept lat="28.530283" lon="83.887498">
      <ele>3991.477289</ele>
    </rtept>
    <rtept lat="28.530308" lon="83.887399">
      <ele>3992.982797</ele>
    </rtept>
    <rtept lat="28.530285" lon="83.887292">
      <ele>3994.859046</ele>
    </rtept>
    <rtept lat="28.530301" lon="83.887186">
      <ele>3995.918875</ele>
    </rtept>
    <rtept lat="28.530333" lon="83.887081">
      <ele>3998.613449</ele>
    </rtept>
    <rtept lat="28.530326" lon="83.886972">
      <ele>3998.279405</ele>
    </rtept>
    <rtept lat="28.530301" lon="83.886863">
      <ele>3998.829854</ele>
    </rtept>
    <rtept lat="28.530291" lon="83.886749">
      <ele>3998.6355</ele>
    </rtept>
    <rtept lat="28.530281" lon="83.88664">
      <ele>3998.628858</ele>
    </rtept>
    <rtept lat="28.530321" lon="83.886548">
      <ele>3997.682377</ele>
    </rtept>
    <rtept lat="28.53037" lon="83.886461">
      <ele>3999.462696</ele>
    </rtept>
    <rtept lat="28.530408" lon="83.886367">
      <ele>4000.554322</ele>
    </rtept>
    <rtept lat="28.530437" lon="83.886269">
      <ele>4004.504481</ele>
    </rtept>
    <rtept lat="28.53044" lon="83.886166">
      <ele>4007.206568</ele>
    </rtept>
    <rtept lat="28.530483" lon="83.886074">
      <ele>4011.57689</ele>
    </rtept>
    <rtept lat="28.530537" lon="83.885978">
      <ele>4012.751132</ele>
    </rtept>
    <rtept lat="28.530579" lon="83.885883">
      <ele>4013.805616</ele>
    </rtept>
    <rtept lat="28.530622" lon="83.885786">
      <ele>4014.786075</ele>
    </rtept>
    <rtept lat="28.530662" lon="83.885686">
      <ele>4017.233521</ele>
    </rtept>
    <rtept lat="28.530633" lon="83.885588">
      <ele>4017.686698</ele>
    </rtept>
    <rtept lat="28.530658" lon="83.885488">
      <ele>4019.193748</ele>
    </rtept>
    <rtept lat="28.530672" lon="83.885387">
      <ele>4020.275158</ele>
    </rtept>
    <rtept lat="28.530649" lon="83.885277">
      <ele>4020.485181</ele>
    </rtept>
    <rtept lat="28.530665" lon="83.885172">
      <ele>4020.768631</ele>
    </rtept>
    <rtept lat="28.530646" lon="83.885062">
      <ele>4020.591317</ele>
    </rtept>
    <rtept lat="28.530692" lon="83.884967">
      <ele>4016.090179</ele>
    </rtept>
    <rtept lat="28.530715" lon="83.884864">
      <ele>4022.98492</ele>
    </rtept>
    <rtept lat="28.530747" lon="83.884768">
      <ele>4025.722053</ele>
    </rtept>
    <rtept lat="28.530753" lon="83.884665">
      <ele>4029.382227</ele>
    </rtept>
    <rtept lat="28.530772" lon="83.884564">
      <ele>4028.281963</ele>
    </rtept>
    <rtept lat="28.530806" lon="83.884465">
      <ele>4030.608388</ele>
    </rtept>
    <rtept lat="28.53083" lon="83.884364">
      <ele>4031.683426</ele>
    </rtept>
    <rtept lat="28.530858" lon="83.884263">
      <ele>4030.031532</ele>
    </rtept>
    <rtept lat="28.530878" lon="83.884162">
      <ele>4032.486115</ele>
    </rtept>
    <rtept lat="28.530877" lon="83.884059">
      <ele>4034.255155</ele>
    </rtept>
    <rtept lat="28.530881" lon="83.883956">
      <ele>4034.888332</ele>
    </rtept>
    <rtept lat="28.530889" lon="83.883851">
      <ele>4034.102366</ele>
    </rtept>
    <rtept lat="28.530907" lon="83.883743">
      <ele>4032.696379</ele>
    </rtept>
    <rtept lat="28.530906" lon="83.88364">
      <ele>4045.603322</ele>
    </rtept>
    <rtept lat="28.530906" lon="83.883532">
      <ele>4045.973594</ele>
    </rtept>
    <rtept lat="28.530906" lon="83.883425">
      <ele>4048.288318</ele>
    </rtept>
    <rtept lat="28.53091" lon="83.88332">
      <ele>4047.565571</ele>
    </rtept>
    <rtept lat="28.530927" lon="83.883217">
      <ele>4050.006136</ele>
    </rtept>
    <rtept lat="28.530929" lon="83.883112">
      <ele>4051.591252</ele>
    </rtept>
    <rtept lat="28.530946" lon="83.883009">
      <ele>4052.11537</ele>
    </rtept>
    <rtept lat="28.530943" lon="83.882905">
      <ele>4053.126289</ele>
    </rtept>
    <rtept lat="28.530971" lon="83.882805">
      <ele>4054.349922</ele>
    </rtept>
    <rtept lat="28.530985" lon="83.8827">
      <ele>4055.382534</ele>
    </rtept>
    <rtept lat="28.530964" lon="83.882596">
      <ele>4056.200052</ele>
    </rtept>
    <rtept lat="28.530967" lon="83.882493">
      <ele>4056.7767</ele>
    </rtept>
    <rtept lat="28.530987" lon="83.882386">
      <ele>4058.133106</ele>
    </rtept>
    <rtept lat="28.531014" lon="83.882287">
      <ele>4059.3338</ele>
    </rtept>
    <rtept lat="28.531022" lon="83.882184">
      <ele>4059.471535</ele>
    </rtept>
    <rtept lat="28.531043" lon="83.882081">
      <ele>4060.853184</ele>
    </rtept>
    <rtept lat="28.531033" lon="83.881973">
      <ele>4060.934691</ele>
    </rtept>
    <rtept lat="28.531029" lon="83.881867">
      <ele>4066.460162</ele>
    </rtept>
    <rtept lat="28.531033" lon="83.881756">
      <ele>4068.044505</ele>
    </rtept>
    <rtept lat="28.531011" lon="83.881653">
      <ele>4069.624979</ele>
    </rtept>
    <rtept lat="28.530986" lon="83.881555">
      <ele>4070.439862</ele>
    </rtept>
    <rtept lat="28.531034" lon="83.881465">
      <ele>4072.679356</ele>
    </rtept>
    <rtept lat="28.531038" lon="83.881357">
      <ele>4072.598244</ele>
    </rtept>
    <rtept lat="28.530997" lon="83.881259">
      <ele>4074.693024</ele>
    </rtept>
    <rtept lat="28.530968" lon="83.881159">
      <ele>4076.82203</ele>
    </rtept>
    <rtept lat="28.530959" lon="83.881052">
      <ele>4079.086339</ele>
    </rtept>
    <rtept lat="28.531001" lon="83.880959">
      <ele>4080.452235</ele>
    </rtept>
    <rtept lat="28.530986" lon="83.880856">
      <ele>4084.038631</ele>
    </rtept>
    <rtept lat="28.530974" lon="83.880753">
      <ele>4088.227496</ele>
    </rtept>
    <rtept lat="28.531011" lon="83.880659">
      <ele>4087.034062</ele>
    </rtept>
    <rtept lat="28.530986" lon="83.880561">
      <ele>4086.939929</ele>
    </rtept>
    <rtept lat="28.530986" lon="83.88045">
      <ele>4088.951495</ele>
    </rtept>
    <rtept lat="28.530958" lon="83.880351">
      <ele>4088.27133</ele>
    </rtept>
    <rtept lat="28.530922" lon="83.880253">
      <ele>4090.81021</ele>
    </rtept>
    <rtept lat="28.530906" lon="83.880149">
      <ele>4090.735241</ele>
    </rtept>
    <rtept lat="28.530888" lon="83.880045">
      <ele>4091.980433</ele>
    </rtept>
    <rtept lat="28.530919" lon="83.879943">
      <ele>4092.081381</ele>
    </rtept>
    <rtept lat="28.530911" lon="83.879834">
      <ele>4092.575911</ele>
    </rtept>
    <rtept lat="28.530939" lon="83.879735">
      <ele>4092.790825</ele>
    </rtept>
    <rtept lat="28.530936" lon="83.879632">
      <ele>4094.110934</ele>
    </rtept>
    <rtept lat="28.530924" lon="83.879524">
      <ele>4093.535517</ele>
    </rtept>
    <rtept lat="28.530864" lon="83.879441">
      <ele>4093.386442</ele>
    </rtept>
    <rtept lat="28.530816" lon="83.879353">
      <ele>4095.182344</ele>
    </rtept>
    <rtept lat="28.530801" lon="83.87925">
      <ele>4096.368137</ele>
    </rtept>
    <rtept lat="28.53077" lon="83.879146">
      <ele>4096.750209</ele>
    </rtept>
    <rtept lat="28.530721" lon="83.879056">
      <ele>4097.436363</ele>
    </rtept>
    <rtept lat="28.530718" lon="83.878953">
      <ele>4101.577083</ele>
    </rtept>
    <rtept lat="28.530719" lon="83.878849">
      <ele>4105.238919</ele>
    </rtept>
    <rtept lat="28.530667" lon="83.878763">
      <ele>4108.927928</ele>
    </rtept>
    <rtept lat="28.530644" lon="83.878659">
      <ele>4111.760369</ele>
    </rtept>
    <rtept lat="28.530564" lon="83.878605">
      <ele>4113.703616</ele>
    </rtept>
    <rtept lat="28.530507" lon="83.878523">
      <ele>4116.118095</ele>
    </rtept>
    <rtept lat="28.530504" lon="83.87842">
      <ele>4116.219715</ele>
    </rtept>
    <rtept lat="28.530563" lon="83.878341">
      <ele>4123.495052</ele>
    </rtept>
    <rtept lat="28.53049" lon="83.878276">
      <ele>4126.364705</ele>
    </rtept>
    <rtept lat="28.530449" lon="83.878183">
      <ele>4126.730289</ele>
    </rtept>
    <rtept lat="28.530455" lon="83.878075">
      <ele>4126.318364</ele>
    </rtept>
    <rtept lat="28.530506" lon="83.877976">
      <ele>4126.470148</ele>
    </rtept>
    <rtept lat="28.530553" lon="83.877887">
      <ele>4126.769518</ele>
    </rtept>
    <rtept lat="28.530599" lon="83.877793">
      <ele>4127.593241</ele>
    </rtept>
  </rte>
  <rte>
    <rtept lat="28.485234" lon="83.888867">
      <ele>2850.784028</ele>
    </rtept>
    <rtept lat="28.485329" lon="83.888847">
      <ele>2853.939899</ele>
    </rtept>
    <rtept lat="28.48542" lon="83.888844">
      <ele>2853.811508</ele>
    </rtept>
    <rtept lat="28.485491" lon="83.888908">
      <ele>2856.565716</ele>
    </rtept>
    <rtept lat="28.485585" lon="83.888903">
      <ele>2858.884365</ele>
    </rtept>
    <rtept lat="28.485636" lon="83.888988">
      <ele>2859.970306</ele>
    </rtept>
    <rtept lat="28.485721" lon="83.889036">
      <ele>2862.646282</ele>
    </rtept>
    <rtept lat="28.485811" lon="83.889017">
      <ele>2866.399487</ele>
    </rtept>
    <rtept lat="28.4859" lon="83.888997">
      <ele>2868.407016</ele>
    </rtept>
    <rtept lat="28.485979" lon="83.889048">
      <ele>2869.592989</ele>
    </rtept>
    <rtept lat="28.486048" lon="83.889122">
      <ele>2868.953921</ele>
    </rtept>
    <rtept lat="28.486114" lon="83.8892">
      <ele>2866.23312</ele>
    </rtept>
    <rtept lat="28.486207" lon="83.889207">
      <ele>2861.753061</ele>
    </rtept>
    <rtept lat="28.486264" lon="83.889288">
      <ele>2866.735981</ele>
    </rtept>
    <rtept lat="28.486355" lon="83.889301">
      <ele>2868.078552</ele>
    </rtept>
    <rtept lat="28.486452" lon="83.889338">
      <ele>2874.619999</ele>
    </rtept>
    <rtept lat="28.486513" lon="83.889416">
      <ele>2884.407472</ele>
    </rtept>
    <rtept lat="28.486604" lon="83.889441">
      <ele>2886.525661</ele>
    </rtept>
    <rtept lat="28.486694" lon="83.889451">
      <ele>2890.653339</ele>
    </rtept>
    <rtept lat="28.486777" lon="83.889492">
      <ele>2890.248226</ele>
    </rtept>
    <rtept lat="28.48685" lon="83.889571">
      <ele>2889.76356</ele>
    </rtept>
    <rtept lat="28.486915" lon="83.889653">
      <ele>2886.123701</ele>
    </rtept>
    <rtept lat="28.486953" lon="83.889765">
      <ele>2883.34908</ele>
    </rtept>
    <rtept lat="28.48717" lon="83.889955">
      <ele>2883.058878</ele>
    </rtept>
    <rtept lat="28.487246" lon="83.890141">
      <ele>2880.932661</ele>
    </rtept>
    <rtept lat="28.487309" lon="83.890216">
      <ele>2880.508014</ele>
    </rtept>
    <rtept lat="28.487352" lon="83.890307">
      <ele>2885.169585</ele>
    </rtept>
    <rtept lat="28.487412" lon="83.890403">
      <ele>2888.594451</ele>
    </rtept>
    <rtept lat="28.487504" lon="83.890439">
      <ele>2889.381527</ele>
    </rtept>
    <rtept lat="28.487553" lon="83.890525">
      <ele>2887.9811</ele>
    </rtept>
    <rtept lat="28.487648" lon="83.890543">
      <ele>2887.171319</ele>
    </rtept>
    <rtept lat="28.487696" lon="83.890637">
      <ele>2887.820316</ele>
    </rtept>
    <rtept lat="28.487728" lon="83.890737">
      <ele>2887.920971</ele>
    </rtept>
    <rtept lat="28.487791" lon="83.890815">
      <ele>2885.357814</ele>
    </rtept>
    <rtept lat="28.487796" lon="83.890937">
      <ele>2890.514193</ele>
    </rtept>
    <rtept lat="28.487844" lon="83.89095">
      <ele>2890.309069</ele>
    </rtept>
    <rtept lat="28.487866" lon="83.890917">
      <ele>2895.112611</ele>
    </rtept>
    <rtept lat="28.487915" lon="83.891016">
      <ele>2896.790793</ele>
    </rtept>
    <rtept lat="28.487971" lon="83.891114">
      <ele>2897.804874</ele>
    </rtept>
    <rtept lat="28.488057" lon="83.891083">
      <ele>2904.576047</ele>
    </rtept>
    <rtept lat="28.488151" lon="83.891092">
      <ele>2905.403911</ele>
    </rtept>
    <rtept lat="28.488167" lon="83.891193">
      <ele>2907.042932</ele>
    </rtept>
    <rtept lat="28.488215" lon="83.891296">
      <ele>2916.463873</ele>
    </rtept>
    <rtept lat="28.488224" lon="83.891404">
      <ele>2919.820514</ele>
    </rtept>
    <rtept lat="28.488301" lon="83.891463">
      <ele>2920.49645</ele>
    </rtept>
    <rtept lat="28.488347" lon="83.891568">
      <ele>2919.09467</ele>
    </rtept>
    <rtept lat="28.48843" lon="83.891611">
      <ele>2925.093636</ele>
    </rtept>
    <rtept lat="28.488471" lon="83.891709">
      <ele>2924.493296</ele>
    </rtept>
    <rtept lat="28.488494" lon="83.891823">
      <ele>2925.810706</ele>
    </rtept>
    <rtept lat="28.488584" lon="83.891817">
      <ele>2928.668363</ele>
    </rtept>
    <rtept lat="28.488588" lon="83.89192">
      <ele>2932.757437</ele>
    </rtept>
    <rtept lat="28.488636" lon="83.892013">
      <ele>2931.477293</ele>
    </rtept>
    <rtept lat="28.488675" lon="83.89211">
      <ele>2931.951021</ele>
    </rtept>
    <rtept lat="28.488707" lon="83.892206">
      <ele>2933.389828</ele>
    </rtept>
    <rtept lat="28.488733" lon="83.892309">
      <ele>2934.43907</ele>
    </rtept>
    <rtept lat="28.488804" lon="83.892375">
      <ele>2936.052028</ele>
    </rtept>
    <rtept lat="28.488895" lon="83.892383">
      <ele>2937.371604</ele>
    </rtept>
    <rtept lat="28.488948" lon="83.892299">
      <ele>2942.135623</ele>
    </rtept>
    <rtept lat="28.488981" lon="83.892194">
      <ele>2948.515746</ele>
    </rtept>
    <rtept lat="28.489074" lon="83.8922">
      <ele>2951.771777</ele>
    </rtept>
    <rtept lat="28.489147" lon="83.892127">
      <ele>2960.621759</ele>
    </rtept>
    <rtept lat="28.489235" lon="83.892168">
      <ele>2964.791476</ele>
    </rtept>
    <rtept lat="28.489309" lon="83.892235">
      <ele>2964.533436</ele>
    </rtept>
    <rtept lat="28.48939" lon="83.892285">
      <ele>2963.593191</ele>
    </rtept>
    <rtept lat="28.48945" lon="83.892369">
      <ele>2962.441116</ele>
    </rtept>
    <rtept lat="28.489536" lon="83.892411">
      <ele>2963.275016</ele>
    </rtept>
    <rtept lat="28.489624" lon="83.892441">
      <ele>2968.553225</ele>
    </rtept>
    <rtept lat="28.489711" lon="83.892406">
      <ele>2974.970147</ele>
    </rtept>
    <rtept lat="28.489767" lon="83.892487">
      <ele>2978.89476</ele>
    </rtept>
    <rtept lat="28.489827" lon="83.892407">
      <ele>2981.778299</ele>
    </rtept>
    <rtept lat="28.489921" lon="83.892404">
      <ele>2987.18894</ele>
    </rtept>
    <rtept lat="28.49001" lon="83.892425">
      <ele>2991.244245</ele>
    </rtept>
    <rtept lat="28.490071" lon="83.892502">
      <ele>2993.098963</ele>
    </rtept>
    <rtept lat="28.490131" lon="83.892581">
      <ele>2993.014902</ele>
    </rtept>
    <rtept lat="28.49017" lon="83.892679">
      <ele>2994.637456</ele>
    </rtept>
    <rtept lat="28.490206" lon="83.892776">
      <ele>2994.176082</ele>
    </rtept>
    <rtept lat="28.490284" lon="83.892833">
      <ele>2996.016155</ele>
    </rtept>
    <rtept lat="28.490377" lon="83.892839">
      <ele>3000.222815</ele>
    </rtept>
    <rtept lat="28.490468" lon="83.892811">
      <ele>3004.701819</ele>
    </rtept>
    <rtept lat="28.490555" lon="83.892837">
      <ele>3007.105377</ele>
    </rtept>
    <rtept lat="28.490647" lon="83.892838">
      <ele>3012.256418</ele>
    </rtept>
    <rtept lat="28.490739" lon="83.892844">
      <ele>3013.281287</ele>
    </rtept>
    <rtept lat="28.490762" lon="83.892719">
      <ele>3020.085315</ele>
    </rtept>
    <rtept lat="28.490785" lon="83.89262">
      <ele>3023.538336</ele>
    </rtept>
    <rtept lat="28.490869" lon="83.892661">
      <ele>3028.367482</ele>
    </rtept>
    <rtept lat="28.490914" lon="83.892564">
      <ele>3030.393775</ele>
    </rtept>
    <rtept lat="28.490981" lon="83.89247">
      <ele>3034.288552</ele>
    </rtept>
    <rtept lat="28.490939" lon="83.892374">
      <ele>3038.713609</ele>
    </rtept>
    <rtept lat="28.491028" lon="83.892356">
      <ele>3042.274961</ele>
    </rtept>
    <rtept lat="28.491105" lon="83.892413">
      <ele>3044.865568</ele>
    </rtept>
    <rtept lat="28.491197" lon="83.892411">
      <ele>3046.945548</ele>
    </rtept>
    <rtept lat="28.491288" lon="83.892422">
      <ele>3053.45205</ele>
    </rtept>
    <rtept lat="28.491371" lon="83.892464">
      <ele>3056.406263</ele>
    </rtept>
    <rtept lat="28.491468" lon="83.892481">
      <ele>3062.901976</ele>
    </rtept>
    <rtept lat="28.491554" lon="83.892527">
      <ele>3062.933009</ele>
    </rtept>
    <rtept lat="28.491644" lon="83.892513">
      <ele>3061.812204</ele>
    </rtept>
    <rtept lat="28.49174" lon="83.892536">
      <ele>3064.224582</ele>
    </rtept>
    <rtept lat="28.491837" lon="83.892556">
      <ele>3067.357588</ele>
    </rtept>
    <rtept lat="28.491923" lon="83.892514">
      <ele>3072.559396</ele>
    </rtept>
    <rtept lat="28.491997" lon="83.892451">
      <ele>3078.375972</ele>
    </rtept>
    <rtept lat="28.492088" lon="83.892428">
      <ele>3081.7121</ele>
    </rtept>
    <rtept lat="28.492184" lon="83.892451">
      <ele>3084.001493</ele>
    </rtept>
    <rtept lat="28.492251" lon="83.892521">
      <ele>3082.155584</ele>
    </rtept>
    <rtept lat="28.492339" lon="83.892557">
      <ele>3085.03877</ele>
    </rtept>
    <rtept lat="28.492379" lon="83.892465">
      <ele>3096.1106</ele>
    </rtept>
    <rtept lat="28.492472" lon="83.892471">
      <ele>3101.259496</ele>
    </rtept>
    <rtept lat="28.49257" lon="83.892499">
      <ele>3110.082654</ele>
    </rtept>
    <rtept lat="28.49264" lon="83.892575">
      <ele>3113.335615</ele>
    </rtept>
    <rtept lat="28.492731" lon="83.892598">
      <ele>3112.48313</ele>
    </rtept>
    <rtept lat="28.492823" lon="83.89259">
      <ele>3113.561869</ele>
    </rtept>
    <rtept lat="28.49292" lon="83.892609">
      <ele>3116.475584</ele>
    </rtept>
    <rtept lat="28.492915" lon="83.892711">
      <ele>3113.691809</ele>
    </rtept>
    <rtept lat="28.493008" lon="83.892718">
      <ele>3114.943792</ele>
    </rtept>
    <rtept lat="28.493104" lon="83.892731">
      <ele>3120.226731</ele>
    </rtept>
    <rtept lat="28.493195" lon="83.892721">
      <ele>3127.254906</ele>
    </rtept>
    <rtept lat="28.493274" lon="83.892801">
      <ele>3129.119315</ele>
    </rtept>
    <rtept lat="28.493331" lon="83.892886">
      <ele>3127.032143</ele>
    </rtept>
    <rtept lat="28.493308" lon="83.893009">
      <ele>3126.363794</ele>
    </rtept>
    <rtept lat="28.493318" lon="83.893115">
      <ele>3120.502224</ele>
    </rtept>
    <rtept lat="28.493386" lon="83.893188">
      <ele>3113.529751</ele>
    </rtept>
    <rtept lat="28.493462" lon="83.893251">
      <ele>3109.395313</ele>
    </rtept>
    <rtept lat="28.493497" lon="83.893351">
      <ele>3104.826098</ele>
    </rtept>
    <rtept lat="28.493576" lon="83.893402">
      <ele>3103.592156</ele>
    </rtept>
    <rtept lat="28.493638" lon="83.893477">
      <ele>3102.225233</ele>
    </rtept>
    <rtept lat="28.493715" lon="83.893542">
      <ele>3103.439806</ele>
    </rtept>
    <rtept lat="28.493815" lon="83.893511">
      <ele>3103.055252</ele>
    </rtept>
    <rtept lat="28.493905" lon="83.893554">
      <ele>3106.249154</ele>
    </rtept>
    <rtept lat="28.49398" lon="83.89362">
      <ele>3108.270346</ele>
    </rtept>
    <rtept lat="28.494073" lon="83.893632">
      <ele>3108.49211</ele>
    </rtept>
    <rtept lat="28.494163" lon="83.893647">
      <ele>3110.277044</ele>
    </rtept>
    <rtept lat="28.494181" lon="83.89375">
      <ele>3109.974791</ele>
    </rtept>
    <rtept lat="28.494161" lon="83.893854">
      <ele>3107.979591</ele>
    </rtept>
    <rtept lat="28.494115" lon="83.893944">
      <ele>3104.953076</ele>
    </rtept>
    <rtept lat="28.494098" lon="83.894046">
      <ele>3102.502946</ele>
    </rtept>
    <rtept lat="28.494151" lon="83.894134">
      <ele>3096.2942</ele>
    </rtept>
    <rtept lat="28.494202" lon="83.894221">
      <ele>3093.196966</ele>
    </rtept>
    <rtept lat="28.494289" lon="83.894274">
      <ele>3093.520162</ele>
    </rtept>
    <rtept lat="28.494381" lon="83.894275">
      <ele>3097.247261</ele>
    </rtept>
    <rtept lat="28.494405" lon="83.894374">
      <ele>3096.261119</ele>
    </rtept>
    <rtept lat="28.494452" lon="83.894462">
      <ele>3093.112059</ele>
    </rtept>
    <rtept lat="28.49444" lon="83.894568">
      <ele>3092.126772</ele>
    </rtept>
    <rtept lat="28.494513" lon="83.894631">
      <ele>3091.218093</ele>
    </rtept>
    <rtept lat="28.494595" lon="83.8947">
      <ele>3093.462047</ele>
    </rtept>
    <rtept lat="28.494657" lon="83.894776">
      <ele>3091.151785</ele>
    </rtept>
    <rtept lat="28.494669" lon="83.894878">
      <ele>3089.947244</ele>
    </rtept>
    <rtept lat="28.49476" lon="83.894916">
      <ele>3090.299059</ele>
    </rtept>
    <rtept lat="28.494843" lon="83.894959">
      <ele>3091.62771</ele>
    </rtept>
    <rtept lat="28.494937" lon="83.894942">
      <ele>3092.335735</ele>
    </rtept>
    <rtept lat="28.494891" lon="83.895031">
      <ele>3090.893595</ele>
    </rtept>
    <rtept lat="28.494971" lon="83.895079">
      <ele>3091.640588</ele>
    </rtept>
    <rtept lat="28.495001" lon="83.895178">
      <ele>3090.588526</ele>
    </rtept>
    <rtept lat="28.495088" lon="83.895216">
      <ele>3086.022281</ele>
    </rtept>
    <rtept lat="28.495182" lon="83.895249">
      <ele>3094.717939</ele>
    </rtept>
    <rtept lat="28.495244" lon="83.895325">
      <ele>3098.83126</ele>
    </rtept>
    <rtept lat="28.495323" lon="83.89539">
      <ele>3101.72626</ele>
    </rtept>
    <rtept lat="28.495416" lon="83.895409">
      <ele>3104.121509</ele>
    </rtept>
    <rtept lat="28.495475" lon="83.895486">
      <ele>3105.765674</ele>
    </rtept>
    <rtept lat="28.495553" lon="83.89555">
      <ele>3105.14713</ele>
    </rtept>
    <rtept lat="28.495627" lon="83.895612">
      <ele>3107.847855</ele>
    </rtept>
    <rtept lat="28.495722" lon="83.895615">
      <ele>3111.409728</ele>
    </rtept>
    <rtept lat="28.495797" lon="83.895672">
      <ele>3114.439654</ele>
    </rtept>
    <rtept lat="28.495812" lon="83.895774">
      <ele>3114.084663</ele>
    </rtept>
    <rtept lat="28.495857" lon="83.895868">
      <ele>3113.24572</ele>
    </rtept>
    <rtept lat="28.495912" lon="83.895952">
      <ele>3115.475617</ele>
    </rtept>
    <rtept lat="28.495954" lon="83.896044">
      <ele>3117.766787</ele>
    </rtept>
    <rtept lat="28.496033" lon="83.896097">
      <ele>3121.067612</ele>
    </rtept>
    <rtept lat="28.496113" lon="83.896148">
      <ele>3123.066683</ele>
    </rtept>
    <rtept lat="28.496185" lon="83.896087">
      <ele>3124.290402</ele>
    </rtept>
    <rtept lat="28.496259" lon="83.896158">
      <ele>3127.240552</ele>
    </rtept>
    <rtept lat="28.496268" lon="83.896263">
      <ele>3129.234419</ele>
    </rtept>
    <rtept lat="28.496336" lon="83.896332">
      <ele>3127.926918</ele>
    </rtept>
    <rtept lat="28.496383" lon="83.896426">
      <ele>3135.779347</ele>
    </rtept>
    <rtept lat="28.496423" lon="83.896529">
      <ele>3139.359509</ele>
    </rtept>
    <rtept lat="28.496449" lon="83.896627">
      <ele>3137.372488</ele>
    </rtept>
    <rtept lat="28.496508" lon="83.896707">
      <ele>3135.612176</ele>
    </rtept>
    <rtept lat="28.496576" lon="83.896775">
      <ele>3138.314214</ele>
    </rtept>
    <rtept lat="28.496649" lon="83.89684">
      <ele>3138.710885</ele>
    </rtept>
    <rtept lat="28.496721" lon="83.896905">
      <ele>3140.023707</ele>
    </rtept>
    <rtept lat="28.496781" lon="83.896982">
      <ele>3144.18886</ele>
    </rtept>
    <rtept lat="28.496869" lon="83.89702">
      <ele>3150.786858</ele>
    </rtept>
    <rtept lat="28.49696" lon="83.896996">
      <ele>3151.432623</ele>
    </rtept>
    <rtept lat="28.497042" lon="83.897042">
      <ele>3153.762065</ele>
    </rtept>
    <rtept lat="28.497127" lon="83.897091">
      <ele>3161.792183</ele>
    </rtept>
    <rtept lat="28.49715" lon="83.897198">
      <ele>3165.008275</ele>
    </rtept>
    <rtept lat="28.497181" lon="83.897294">
      <ele>3166.915378</ele>
    </rtept>
    <rtept lat="28.497155" lon="83.897396">
      <ele>3166.617668</ele>
    </rtept>
    <rtept lat="28.49708" lon="83.897457">
      <ele>3164.707493</ele>
    </rtept>
    <rtept lat="28.497148" lon="83.897531">
      <ele>3162.473575</ele>
    </rtept>
    <rtept lat="28.497167" lon="83.897638">
      <ele>3161.110961</ele>
    </rtept>
    <rtept lat="28.497224" lon="83.897719">
      <ele>3159.536025</ele>
    </rtept>
    <rtept lat="28.497164" lon="83.897811">
      <ele>3156.88091</ele>
    </rtept>
    <rtept lat="28.497211" lon="83.897834">
      <ele>3159.068979</ele>
    </rtept>
    <rtept lat="28.497218" lon="83.897941">
      <ele>3159.529433</ele>
    </rtept>
    <rtept lat="28.497231" lon="83.898044">
      <ele>3162.842594</ele>
    </rtept>
    <rtept lat="28.497302" lon="83.898116">
      <ele>3161.241502</ele>
    </rtept>
    <rtept lat="28.497334" lon="83.898217">
      <ele>3164.065421</ele>
    </rtept>
    <rtept lat="28.497409" lon="83.898287">
      <ele>3170.510601</ele>
    </rtept>
    <rtept lat="28.4974" lon="83.89839">
      <ele>3170.560271</ele>
    </rtept>
    <rtept lat="28.497383" lon="83.898493">
      <ele>3170.578142</ele>
    </rtept>
    <rtept lat="28.497476" lon="83.898533">
      <ele>3172.208508</ele>
    </rtept>
    <rtept lat="28.497567" lon="83.898544">
      <ele>3179.56288</ele>
    </rtept>
    <rtept lat="28.497602" lon="83.898639">
      <ele>3181.948816</ele>
    </rtept>
    <rtept lat="28.49768" lon="83.898692">
      <ele>3185.51422</ele>
    </rtept>
    <rtept lat="28.497765" lon="83.89873">
      <ele>3191.104584</ele>
    </rtept>
    <rtept lat="28.497819" lon="83.898634">
      <ele>3195.084652</ele>
    </rtept>
    <rtept lat="28.497882" lon="83.898712">
      <ele>3199.147896</ele>
    </rtept>
    <rtept lat="28.497968" lon="83.898746">
      <ele>3201.603069</ele>
    </rtept>
    <rtept lat="28.498026" lon="83.898834">
      <ele>3203.298339</ele>
    </rtept>
    <rtept lat="28.498075" lon="83.898921">
      <ele>3204.184996</ele>
    </rtept>
    <rtept lat="28.498104" lon="83.899026">
      <ele>3205.793077</ele>
    </rtept>
    <rtept lat="28.498193" lon="83.899085">
      <ele>3202.131209</ele>
    </rtept>
    <rtept lat="28.498253" lon="83.89917">
      <ele>3202.389548</ele>
    </rtept>
    <rtept lat="28.498301" lon="83.899259">
      <ele>3201.046323</ele>
    </rtept>
    <rtept lat="28.49837" lon="83.899339">
      <ele>3198.641467</ele>
    </rtept>
    <rtept lat="28.498457" lon="83.899382">
      <ele>3199.786258</ele>
    </rtept>
    <rtept lat="28.498545" lon="83.899423">
      <ele>3201.319977</ele>
    </rtept>
    <rtept lat="28.498619" lon="83.899487">
      <ele>3200.575339</ele>
    </rtept>
    <rtept lat="28.498705" lon="83.899534">
      <ele>3197.160287</ele>
    </rtept>
    <rtept lat="28.498791" lon="83.899583">
      <ele>3197.537502</ele>
    </rtept>
    <rtept lat="28.498871" lon="83.899641">
      <ele>3197.931044</ele>
    </rtept>
    <rtept lat="28.498926" lon="83.899726">
      <ele>3196.239311</ele>
    </rtept>
    <rtept lat="28.498967" lon="83.899824">
      <ele>3194.377577</ele>
    </rtept>
    <rtept lat="28.499019" lon="83.899914">
      <ele>3190.381978</ele>
    </rtept>
    <rtept lat="28.499096" lon="83.899972">
      <ele>3184.696324</ele>
    </rtept>
    <rtept lat="28.499175" lon="83.900028">
      <ele>3185.226337</ele>
    </rtept>
    <rtept lat="28.499261" lon="83.90008">
      <ele>3187.21811</ele>
    </rtept>
    <rtept lat="28.499312" lon="83.900168">
      <ele>3189.402153</ele>
    </rtept>
    <rtept lat="28.499288" lon="83.900276">
      <ele>3191.900865</ele>
    </rtept>
    <rtept lat="28.499271" lon="83.900379">
      <ele>3193.331545</ele>
    </rtept>
    <rtept lat="28.499255" lon="83.900483">
      <ele>3191.075809</ele>
    </rtept>
    <rtept lat="28.499161" lon="83.90045">
      <ele>3189.353245</ele>
    </rtept>
    <rtept lat="28.499066" lon="83.900461">
      <ele>3185.287064</ele>
    </rtept>
    <rtept lat="28.49902" lon="83.900554">
      <ele>3182.327516</ele>
    </rtept>
    <rtept lat="28.498985" lon="83.900662">
      <ele>3179.765816</ele>
    </rtept>
    <rtept lat="28.499021" lon="83.900765">
      <ele>3178.53489</ele>
    </rtept>
    <rtept lat="28.498948" lon="83.900831">
      <ele>3177.681783</ele>
    </rtept>
    <rtept lat="28.498877" lon="83.900906">
      <ele>3174.50157</ele>
    </rtept>
    <rtept lat="28.498969" lon="83.900896">
      <ele>3179.098385</ele>
    </rtept>
    <rtept lat="28.49906" lon="83.90087">
      <ele>3178.397349</ele>
    </rtept>
    <rtept lat="28.49915" lon="83.900899">
      <ele>3178.067807</ele>
    </rtept>
    <rtept lat="28.499231" lon="83.900955">
      <ele>3180.489435</ele>
    </rtept>
    <rtept lat="28.499304" lon="83.901018">
      <ele>3184.927914</ele>
    </rtept>
    <rtept lat="28.499397" lon="83.901038">
      <ele>3188.5918</ele>
    </rtept>
    <rtept lat="28.499483" lon="83.901077">
      <ele>3191.016341</ele>
    </rtept>
    <rtept lat="28.499552" lon="83.901148">
      <ele>3192.587423</ele>
    </rtept>
    <rtept lat="28.499575" lon="83.901252">
      <ele>3192.504977</ele>
    </rtept>
    <rtept lat="28.499632" lon="83.901333">
      <ele>3193.890007</ele>
    </rtept>
    <rtept lat="28.499699" lon="83.901405">
      <ele>3194.238929</ele>
    </rtept>
    <rtept lat="28.499775" lon="83.901465">
      <ele>3191.133714</ele>
    </rtept>
    <rtept lat="28.499868" lon="83.901477">
      <ele>3190.407901</ele>
    </rtept>
    <rtept lat="28.49994" lon="83.901549">
      <ele>3198.453096</ele>
    </rtept>
    <rtept lat="28.499999" lon="83.901626">
      <ele>3206.281721</ele>
    </rtept>
    <rtept lat="28.500082" lon="83.901585">
      <ele>3208.038966</ele>
    </rtept>
    <rtept lat="28.500177" lon="83.901558">
      <ele>3210.705587</ele>
    </rtept>
    <rtept lat="28.500272" lon="83.901549">
      <ele>3210.079837</ele>
    </rtept>
    <rtept lat="28.500343" lon="83.901622">
      <ele>3210.518454</ele>
    </rtept>
    <rtept lat="28.500426" lon="83.901579">
      <ele>3210.801779</ele>
    </rtept>
    <rtept lat="28.500494" lon="83.901652">
      <ele>3210.321331</ele>
    </rtept>
    <rtept lat="28.500592" lon="83.901664">
      <ele>3214.221261</ele>
    </rtept>
    <rtept lat="28.50061" lon="83.901766">
      <ele>3218.098357</ele>
    </rtept>
    <rtept lat="28.500572" lon="83.90186">
      <ele>3219.823821</ele>
    </rtept>
    <rtept lat="28.500512" lon="83.90194">
      <ele>3221.103741</ele>
    </rtept>
    <rtept lat="28.500598" lon="83.90198">
      <ele>3222.941444</ele>
    </rtept>
    <rtept lat="28.500682" lon="83.902044">
      <ele>3228.15807</ele>
    </rtept>
    <rtept lat="28.500754" lon="83.90211">
      <ele>3233.217491</ele>
    </rtept>
    <rtept lat="28.500826" lon="83.902174">
      <ele>3236.530329</ele>
    </rtept>
    <rtept lat="28.500849" lon="83.902278">
      <ele>3237.874155</ele>
    </rtept>
    <rtept lat="28.5009" lon="83.90237">
      <ele>3239.434981</ele>
    </rtept>
    <rtept lat="28.500965" lon="83.902444">
      <ele>3241.827609</ele>
    </rtept>
    <rtept lat="28.501043" lon="83.902504">
      <ele>3245.468582</ele>
    </rtept>
    <rtept lat="28.501078" lon="83.9026">
      <ele>3250.709704</ele>
    </rtept>
    <rtept lat="28.501156" lon="83.902656">
      <ele>3253.543638</ele>
    </rtept>
    <rtept lat="28.50124" lon="83.902696">
      <ele>3254.953188</ele>
    </rtept>
    <rtept lat="28.501304" lon="83.902775">
      <ele>3256.141137</ele>
    </rtept>
    <rtept lat="28.501374" lon="83.902841">
      <ele>3256.397924</ele>
    </rtept>
    <rtept lat="28.501449" lon="83.902905">
      <ele>3258.136431</ele>
    </rtept>
    <rtept lat="28.501503" lon="83.902988">
      <ele>3261.971923</ele>
    </rtept>
    <rtept lat="28.50152" lon="83.903089">
      <ele>3261.891956</ele>
    </rtept>
    <rtept lat="28.501583" lon="83.903169">
      <ele>3262.303398</ele>
    </rtept>
    <rtept lat="28.501648" lon="83.903243">
      <ele>3262.26133</ele>
    </rtept>
    <rtept lat="28.501732" lon="83.903286">
      <ele>3261.163376</ele>
    </rtept>
    <rtept lat="28.501826" lon="83.903286">
      <ele>3263.411238</ele>
    </rtept>
    <rtept lat="28.501905" lon="83.90323">
      <ele>3267.156773</ele>
    </rtept>
    <rtept lat="28.501971" lon="83.9033">
      <ele>3271.6754</ele>
    </rtept>
    <rtept lat="28.50205" lon="83.903356">
      <ele>3277.179931</ele>
    </rtept>
    <rtept lat="28.502142" lon="83.903361">
      <ele>3280.281991</ele>
    </rtept>
    <rtept lat="28.502208" lon="83.903276">
      <ele>3281.622878</ele>
    </rtept>
    <rtept lat="28.502269" lon="83.903193">
      <ele>3280.375374</ele>
    </rtept>
    <rtept lat="28.502311" lon="83.903296">
      <ele>3281.832205</ele>
    </rtept>
    <rtept lat="28.502377" lon="83.903218">
      <ele>3281.883228</ele>
    </rtept>
    <rtept lat="28.502473" lon="83.903224">
      <ele>3284.436945</ele>
    </rtept>
    <rtept lat="28.50252" lon="83.903312">
      <ele>3285.925265</ele>
    </rtept>
    <rtept lat="28.502606" lon="83.903283">
      <ele>3287.546347</ele>
    </rtept>
    <rtept lat="28.502681" lon="83.903342">
      <ele>3287.73186</ele>
    </rtept>
    <rtept lat="28.502768" lon="83.903309">
      <ele>3287.776347</ele>
    </rtept>
    <rtept lat="28.502848" lon="83.90326">
      <ele>3287.972204</ele>
    </rtept>
    <rtept lat="28.502936" lon="83.903235">
      <ele>3288.653571</ele>
    </rtept>
    <rtept lat="28.503027" lon="83.903228">
      <ele>3289.159404</ele>
    </rtept>
    <rtept lat="28.503125" lon="83.903216">
      <ele>3289.32942</ele>
    </rtept>
    <rtept lat="28.503212" lon="83.903186">
      <ele>3289.049836</ele>
    </rtept>
    <rtept lat="28.503303" lon="83.903213">
      <ele>3288.921029</ele>
    </rtept>
    <rtept lat="28.503397" lon="83.90322">
      <ele>3288.769964</ele>
    </rtept>
    <rtept lat="28.503484" lon="83.903271">
      <ele>3288.955874</ele>
    </rtept>
    <rtept lat="28.503574" lon="83.903282">
      <ele>3289.650588</ele>
    </rtept>
    <rtept lat="28.503668" lon="83.903317">
      <ele>3289.356509</ele>
    </rtept>
    <rtept lat="28.503769" lon="83.903288">
      <ele>3289.213584</ele>
    </rtept>
    <rtept lat="28.503863" lon="83.903244">
      <ele>3290.109432</ele>
    </rtept>
    <rtept lat="28.503913" lon="83.903337">
      <ele>3289.485691</ele>
    </rtept>
    <rtept lat="28.503936" lon="83.903436">
      <ele>3289.565783</ele>
    </rtept>
    <rtept lat="28.503989" lon="83.903521">
      <ele>3292.417936</ele>
    </rtept>
    <rtept lat="28.503983" lon="83.903628">
      <ele>3294.082065</ele>
    </rtept>
    <rtept lat="28.504063" lon="83.90368">
      <ele>3295.176193</ele>
    </rtept>
    <rtept lat="28.504091" lon="83.903788">
      <ele>3298.819157</ele>
    </rtept>
    <rtept lat="28.504116" lon="83.903889">
      <ele>3303.182326</ele>
    </rtept>
    <rtept lat="28.504129" lon="83.90399">
      <ele>3305.927772</ele>
    </rtept>
    <rtept lat="28.50417" lon="83.904084">
      <ele>3306.516657</ele>
    </rtept>
    <rtept lat="28.504248" lon="83.90414">
      <ele>3305.955031</ele>
    </rtept>
    <rtept lat="28.504335" lon="83.90411">
      <ele>3304.882407</ele>
    </rtept>
    <rtept lat="28.504437" lon="83.904113">
      <ele>3303.658823</ele>
    </rtept>
    <rtept lat="28.504491" lon="83.904198">
      <ele>3304.684612</ele>
    </rtept>
    <rtept lat="28.50458" lon="83.904176">
      <ele>3304.543015</ele>
    </rtept>
    <rtept lat="28.504661" lon="83.904121">
      <ele>3301.824834</ele>
    </rtept>
    <rtept lat="28.504753" lon="83.904139">
      <ele>3300.162002</ele>
    </rtept>
    <rtept lat="28.504845" lon="83.904148">
      <ele>3296.885447</ele>
    </rtept>
    <rtept lat="28.504929" lon="83.904188">
      <ele>3294.903973</ele>
    </rtept>
    <rtept lat="28.505012" lon="83.904235">
      <ele>3292.260761</ele>
    </rtept>
    <rtept lat="28.505026" lon="83.904337">
      <ele>3292.119405</ele>
    </rtept>
    <rtept lat="28.505101" lon="83.904408">
      <ele>3291.204279</ele>
    </rtept>
    <rtept lat="28.505167" lon="83.904487">
      <ele>3294.044698</ele>
    </rtept>
    <rtept lat="28.505204" lon="83.904582">
      <ele>3301.97996</ele>
    </rtept>
    <rtept lat="28.505292" lon="83.904617">
      <ele>3305.739816</ele>
    </rtept>
    <rtept lat="28.505373" lon="83.904669">
      <ele>3303.954993</ele>
    </rtept>
    <rtept lat="28.50544" lon="83.904741">
      <ele>3302.543451</ele>
    </rtept>
    <rtept lat="28.505507" lon="83.904672">
      <ele>3300.985688</ele>
    </rtept>
    <rtept lat="28.505593" lon="83.904637">
      <ele>3319.082534</ele>
    </rtept>
    <rtept lat="28.505687" lon="83.904635">
      <ele>3299.622215</ele>
    </rtept>
    <rtept lat="28.505778" lon="83.904605">
      <ele>3309.057573</ele>
    </rtept>
    <rtept lat="28.505873" lon="83.904625">
      <ele>3305.966676</ele>
    </rtept>
    <rtept lat="28.505786" lon="83.904537">
      <ele>3304.259491</ele>
    </rtept>
    <rtept lat="28.505916" lon="83.904507">
      <ele>3289.826124</ele>
    </rtept>
    <rtept lat="28.506025" lon="83.904397">
      <ele>3272.132684</ele>
    </rtept>
    <rtept lat="28.505962" lon="83.904632">
      <ele>3278.896082</ele>
    </rtept>
    <rtept lat="28.505943" lon="83.904675">
      <ele>3286.171173</ele>
    </rtept>
    <rtept lat="28.505996" lon="83.904571">
      <ele>3291.912053</ele>
    </rtept>
    <rtept lat="28.506086" lon="83.904567">
      <ele>3295.715193</ele>
    </rtept>
    <rtept lat="28.506151" lon="83.904488">
      <ele>3297.825576</ele>
    </rtept>
    <rtept lat="28.506106" lon="83.904383">
      <ele>3294.638929</ele>
    </rtept>
    <rtept lat="28.50619" lon="83.904423">
      <ele>3291.250297</ele>
    </rtept>
    <rtept lat="28.506206" lon="83.904412">
      <ele>3298.328404</ele>
    </rtept>
    <rtept lat="28.506226" lon="83.904295">
      <ele>3301.433826</ele>
    </rtept>
    <rtept lat="28.506193" lon="83.904199">
      <ele>3307.48348</ele>
    </rtept>
    <rtept lat="28.506165" lon="83.904101">
      <ele>3324.1245</ele>
    </rtept>
    <rtept lat="28.506242" lon="83.90404">
      <ele>3332.476972</ele>
    </rtept>
    <rtept lat="28.506423" lon="83.904089">
      <ele>3340.523477</ele>
    </rtept>
    <rtept lat="28.506518" lon="83.90413">
      <ele>3344.580796</ele>
    </rtept>
    <rtept lat="28.506615" lon="83.904126">
      <ele>3352.185938</ele>
    </rtept>
    <rtept lat="28.506712" lon="83.904155">
      <ele>3357.55978</ele>
    </rtept>
    <rtept lat="28.506794" lon="83.904098">
      <ele>3362.637462</ele>
    </rtept>
    <rtept lat="28.506582" lon="83.903844">
      <ele>3345.990813</ele>
    </rtept>
    <rtept lat="28.506729" lon="83.903972">
      <ele>3334.293561</ele>
    </rtept>
    <rtept lat="28.506785" lon="83.904059">
      <ele>3337.385646</ele>
    </rtept>
    <rtept lat="28.506875" lon="83.904109">
      <ele>3340.803027</ele>
    </rtept>
    <rtept lat="28.50697" lon="83.904121">
      <ele>3349.275034</ele>
    </rtept>
    <rtept lat="28.507056" lon="83.904169">
      <ele>3348.299278</ele>
    </rtept>
    <rtept lat="28.507109" lon="83.90408">
      <ele>3318.621627</ele>
    </rtept>
    <rtept lat="28.5072" lon="83.904097">
      <ele>3317.623261</ele>
    </rtept>
    <rtept lat="28.507284" lon="83.904135">
      <ele>3313.717622</ele>
    </rtept>
    <rtept lat="28.507358" lon="83.904194">
      <ele>3328.361253</ele>
    </rtept>
    <rtept lat="28.507269" lon="83.903978">
      <ele>3329.944389</ele>
    </rtept>
    <rtept lat="28.507309" lon="83.904072">
      <ele>3324.18488</ele>
    </rtept>
    <rtept lat="28.50733" lon="83.904217">
      <ele>3313.304117</ele>
    </rtept>
    <rtept lat="28.507283" lon="83.904307">
      <ele>3309.582167</ele>
    </rtept>
    <rtept lat="28.507333" lon="83.904209">
      <ele>3308.883817</ele>
    </rtept>
    <rtept lat="28.507429" lon="83.904222">
      <ele>3305.29424</ele>
    </rtept>
    <rtept lat="28.507489" lon="83.904306">
      <ele>3303.35739</ele>
    </rtept>
    <rtept lat="28.507541" lon="83.9044">
      <ele>3305.919657</ele>
    </rtept>
    <rtept lat="28.507587" lon="83.904627">
      <ele>3309.901058</ele>
    </rtept>
    <rtept lat="28.5077" lon="83.904666">
      <ele>3317.605673</ele>
    </rtept>
    <rtept lat="28.507677" lon="83.904776">
      <ele>3316.869893</ele>
    </rtept>
    <rtept lat="28.508032" lon="83.904716">
      <ele>3303.609373</ele>
    </rtept>
    <rtept lat="28.508123" lon="83.904766">
      <ele>3300.646322</ele>
    </rtept>
    <rtept lat="28.508218" lon="83.904775">
      <ele>3298.828363</ele>
    </rtept>
    <rtept lat="28.508304" lon="83.904808">
      <ele>3297.798195</ele>
    </rtept>
    <rtept lat="28.508396" lon="83.904789">
      <ele>3298.209383</ele>
    </rtept>
    <rtept lat="28.508452" lon="83.904875">
      <ele>3296.810615</ele>
    </rtept>
    <rtept lat="28.508547" lon="83.904893">
      <ele>3295.955691</ele>
    </rtept>
    <rtept lat="28.508631" lon="83.904826">
      <ele>3295.969213</ele>
    </rtept>
    <rtept lat="28.508722" lon="83.904813">
      <ele>3292.538278</ele>
    </rtept>
    <rtept lat="28.508813" lon="83.904819">
      <ele>3292.502645</ele>
    </rtept>
    <rtept lat="28.508902" lon="83.904766">
      <ele>3293.813901</ele>
    </rtept>
    <rtept lat="28.508994" lon="83.904755">
      <ele>3293.558698</ele>
    </rtept>
    <rtept lat="28.509074" lon="83.904814">
      <ele>3297.408538</ele>
    </rtept>
    <rtept lat="28.509151" lon="83.904873">
      <ele>3299.645097</ele>
    </rtept>
    <rtept lat="28.509234" lon="83.904823">
      <ele>3303.385691</ele>
    </rtept>
    <rtept lat="28.509282" lon="83.904735">
      <ele>3303.259779</ele>
    </rtept>
    <rtept lat="28.509375" lon="83.904718">
      <ele>3304.617916</ele>
    </rtept>
    <rtept lat="28.509465" lon="83.904694">
      <ele>3308.137229</ele>
    </rtept>
    <rtept lat="28.509555" lon="83.904676">
      <ele>3314.140923</ele>
    </rtept>
    <rtept lat="28.509648" lon="83.904674">
      <ele>3316.626387</ele>
    </rtept>
    <rtept lat="28.509735" lon="83.904708">
      <ele>3319.640165</ele>
    </rtept>
    <rtept lat="28.509805" lon="83.904778">
      <ele>3318.15252</ele>
    </rtept>
    <rtept lat="28.509885" lon="83.904721">
      <ele>3320.77334</ele>
    </rtept>
    <rtept lat="28.509965" lon="83.904663">
      <ele>3319.621159</ele>
    </rtept>
    <rtept lat="28.510055" lon="83.904711">
      <ele>3320.800415</ele>
    </rtept>
    <rtept lat="28.510133" lon="83.904776">
      <ele>3322.796032</ele>
    </rtept>
    <rtept lat="28.510227" lon="83.904742">
      <ele>3322.706878</ele>
    </rtept>
    <rtept lat="28.51032" lon="83.904722">
      <ele>3328.578011</ele>
    </rtept>
    <rtept lat="28.510413" lon="83.904728">
      <ele>3337.472172</ele>
    </rtept>
    <rtept lat="28.510502" lon="83.90469">
      <ele>3338.285348</ele>
    </rtept>
    <rtept lat="28.510597" lon="83.904661">
      <ele>3335.981165</ele>
    </rtept>
    <rtept lat="28.510671" lon="83.904724">
      <ele>3331.278024</ele>
    </rtept>
    <rtept lat="28.510762" lon="83.904735">
      <ele>3333.072433</ele>
    </rtept>
    <rtept lat="28.51081" lon="83.904827">
      <ele>3334.90666</ele>
    </rtept>
    <rtept lat="28.510874" lon="83.9049">
      <ele>3337.488216</ele>
    </rtept>
    <rtept lat="28.510956" lon="83.904946">
      <ele>3339.083977</ele>
    </rtept>
    <rtept lat="28.511049" lon="83.904971">
      <ele>3342.138667</ele>
    </rtept>
    <rtept lat="28.511139" lon="83.905014">
      <ele>3340.066792</ele>
    </rtept>
    <rtept lat="28.511201" lon="83.905089">
      <ele>3342.50353</ele>
    </rtept>
    <rtept lat="28.51123" lon="83.905194">
      <ele>3344.230061</ele>
    </rtept>
    <rtept lat="28.511303" lon="83.905256">
      <ele>3345.822049</ele>
    </rtept>
    <rtept lat="28.511371" lon="83.905328">
      <ele>3348.234544</ele>
    </rtept>
    <rtept lat="28.511423" lon="83.905416">
      <ele>3347.383492</ele>
    </rtept>
    <rtept lat="28.511499" lon="83.905473">
      <ele>3349.374814</ele>
    </rtept>
    <rtept lat="28.511596" lon="83.905489">
      <ele>3347.319468</ele>
    </rtept>
    <rtept lat="28.511657" lon="83.905566">
      <ele>3348.006294</ele>
    </rtept>
    <rtept lat="28.511676" lon="83.90567">
      <ele>3348.695785</ele>
    </rtept>
    <rtept lat="28.51176" lon="83.905721">
      <ele>3350.852648</ele>
    </rtept>
    <rtept lat="28.511838" lon="83.905779">
      <ele>3350.954815</ele>
    </rtept>
    <rtept lat="28.511922" lon="83.905829">
      <ele>3352.544324</ele>
    </rtept>
    <rtept lat="28.512009" lon="83.905871">
      <ele>3352.633289</ele>
    </rtept>
    <rtept lat="28.5121" lon="83.905841">
      <ele>3355.974024</ele>
    </rtept>
    <rtept lat="28.512178" lon="83.905968">
      <ele>3350.343901</ele>
    </rtept>
    <rtept lat="28.51227" lon="83.905998">
      <ele>3357.506518</ele>
    </rtept>
    <rtept lat="28.512302" lon="83.906095">
      <ele>3357.776138</ele>
    </rtept>
    <rtept lat="28.512392" lon="83.906116">
      <ele>3359.358059</ele>
    </rtept>
    <rtept lat="28.512478" lon="83.906185">
      <ele>3364.116952</ele>
    </rtept>
    <rtept lat="28.512567" lon="83.906215">
      <ele>3365.331886</ele>
    </rtept>
    <rtept lat="28.512659" lon="83.906231">
      <ele>3372.637203</ele>
    </rtept>
    <rtept lat="28.512752" lon="83.906257">
      <ele>3379.151056</ele>
    </rtept>
    <rtept lat="28.512836" lon="83.906217">
      <ele>3382.776744</ele>
    </rtept>
    <rtept lat="28.512931" lon="83.906228">
      <ele>3389.713491</ele>
    </rtept>
    <rtept lat="28.513013" lon="83.906176">
      <ele>3395.101022</ele>
    </rtept>
    <rtept lat="28.513096" lon="83.90622">
      <ele>3387.018532</ele>
    </rtept>
    <rtept lat="28.51315" lon="83.906131">
      <ele>3385.853092</ele>
    </rtept>
    <rtept lat="28.513232" lon="83.906068">
      <ele>3391.406613</ele>
    </rtept>
    <rtept lat="28.513167" lon="83.905994">
      <ele>3380.47408</ele>
    </rtept>
    <rtept lat="28.513198" lon="83.906096">
      <ele>3375.368598</ele>
    </rtept>
    <rtept lat="28.513278" lon="83.906069">
      <ele>3385.315006</ele>
    </rtept>
    <rtept lat="28.513326" lon="83.906157">
      <ele>3384.850463</ele>
    </rtept>
    <rtept lat="28.513402" lon="83.906213">
      <ele>3386.795103</ele>
    </rtept>
    <rtept lat="28.513452" lon="83.906304">
      <ele>3388.939555</ele>
    </rtept>
    <rtept lat="28.513524" lon="83.90637">
      <ele>3391.318943</ele>
    </rtept>
    <rtept lat="28.513602" lon="83.906423">
      <ele>3397.497976</ele>
    </rtept>
    <rtept lat="28.513669" lon="83.906495">
      <ele>3400.283422</ele>
    </rtept>
    <rtept lat="28.513752" lon="83.906541">
      <ele>3405.577309</ele>
    </rtept>
    <rtept lat="28.513846" lon="83.90657">
      <ele>3410.573886</ele>
    </rtept>
    <rtept lat="28.513937" lon="83.906578">
      <ele>3418.138</ele>
    </rtept>
    <rtept lat="28.514028" lon="83.906527">
      <ele>3422.396948</ele>
    </rtept>
    <rtept lat="28.514118" lon="83.906535">
      <ele>3429.769282</ele>
    </rtept>
    <rtept lat="28.514201" lon="83.906481">
      <ele>3434.62458</ele>
    </rtept>
    <rtept lat="28.514283" lon="83.906431">
      <ele>3440.5809</ele>
    </rtept>
    <rtept lat="28.514369" lon="83.906388">
      <ele>3444.259557</ele>
    </rtept>
    <rtept lat="28.514456" lon="83.90635">
      <ele>3442.362743</ele>
    </rtept>
    <rtept lat="28.514555" lon="83.90636">
      <ele>3444.899844</ele>
    </rtept>
    <rtept lat="28.514645" lon="83.906372">
      <ele>3442.992602</ele>
    </rtept>
    <rtept lat="28.514687" lon="83.906469">
      <ele>3438.882581</ele>
    </rtept>
    <rtept lat="28.514759" lon="83.906553">
      <ele>3441.154292</ele>
    </rtept>
    <rtept lat="28.514831" lon="83.906617">
      <ele>3440.027285</ele>
    </rtept>
    <rtept lat="28.514924" lon="83.906641">
      <ele>3441.143522</ele>
    </rtept>
    <rtept lat="28.515023" lon="83.906652">
      <ele>3440.135729</ele>
    </rtept>
    <rtept lat="28.515114" lon="83.90667">
      <ele>3443.266096</ele>
    </rtept>
    <rtept lat="28.515207" lon="83.90671">
      <ele>3443.826922</ele>
    </rtept>
    <rtept lat="28.515297" lon="83.906728">
      <ele>3445.239277</ele>
    </rtept>
    <rtept lat="28.51538" lon="83.906772">
      <ele>3445.793626</ele>
    </rtept>
    <rtept lat="28.515446" lon="83.906843">
      <ele>3444.030157</ele>
    </rtept>
    <rtept lat="28.515457" lon="83.906946">
      <ele>3442.883181</ele>
    </rtept>
    <rtept lat="28.515545" lon="83.906971">
      <ele>3445.148303</ele>
    </rtept>
    <rtept lat="28.515614" lon="83.907047">
      <ele>3446.174358</ele>
    </rtept>
    <rtept lat="28.515705" lon="83.907078">
      <ele>3449.505019</ele>
    </rtept>
    <rtept lat="28.515789" lon="83.907117">
      <ele>3452.33133</ele>
    </rtept>
    <rtept lat="28.51588" lon="83.90715">
      <ele>3450.273186</ele>
    </rtept>
    <rtept lat="28.515964" lon="83.907189">
      <ele>3449.588119</ele>
    </rtept>
    <rtept lat="28.516018" lon="83.907274">
      <ele>3447.878024</ele>
    </rtept>
    <rtept lat="28.516106" lon="83.907299">
      <ele>3447.216597</ele>
    </rtept>
    <rtept lat="28.516198" lon="83.907317">
      <ele>3448.365261</ele>
    </rtept>
    <rtept lat="28.516293" lon="83.907321">
      <ele>3451.205532</ele>
    </rtept>
    <rtept lat="28.516378" lon="83.907354">
      <ele>3455.735976</ele>
    </rtept>
    <rtept lat="28.516469" lon="83.907369">
      <ele>3457.06235</ele>
    </rtept>
    <rtept lat="28.516547" lon="83.90742">
      <ele>3458.851672</ele>
    </rtept>
    <rtept lat="28.516635" lon="83.907453">
      <ele>3458.932102</ele>
    </rtept>
    <rtept lat="28.516725" lon="83.907478">
      <ele>3462.025618</ele>
    </rtept>
    <rtept lat="28.516766" lon="83.90757">
      <ele>3463.003887</ele>
    </rtept>
    <rtept lat="28.516951" lon="83.907535">
      <ele>3458.960624</ele>
    </rtept>
    <rtept lat="28.517012" lon="83.907545">
      <ele>3458.441805</ele>
    </rtept>
    <rtept lat="28.517099" lon="83.907592">
      <ele>3456.740047</ele>
    </rtept>
    <rtept lat="28.517191" lon="83.907597">
      <ele>3457.038896</ele>
    </rtept>
    <rtept lat="28.51729" lon="83.9076">
      <ele>3456.508412</ele>
    </rtept>
    <rtept lat="28.517382" lon="83.907599">
      <ele>3455.95811</ele>
    </rtept>
    <rtept lat="28.517472" lon="83.907622">
      <ele>3455.83461</ele>
    </rtept>
    <rtept lat="28.517564" lon="83.907637">
      <ele>3455.502244</ele>
    </rtept>
    <rtept lat="28.51766" lon="83.907631">
      <ele>3454.909377</ele>
    </rtept>
    <rtept lat="28.517751" lon="83.907652">
      <ele>3460.094233</ele>
    </rtept>
    <rtept lat="28.517845" lon="83.907669">
      <ele>3467.261346</ele>
    </rtept>
    <rtept lat="28.517932" lon="83.907635">
      <ele>3468.936869</ele>
    </rtept>
    <rtept lat="28.518014" lon="83.907686">
      <ele>3476.152063</ele>
    </rtept>
    <rtept lat="28.518098" lon="83.907729">
      <ele>3480.748474</ele>
    </rtept>
    <rtept lat="28.518188" lon="83.907746">
      <ele>3478.796585</ele>
    </rtept>
    <rtept lat="28.518271" lon="83.907806">
      <ele>3483.636982</ele>
    </rtept>
    <rtept lat="28.518365" lon="83.907783">
      <ele>3488.157431</ele>
    </rtept>
    <rtept lat="28.518452" lon="83.907753">
      <ele>3492.122998</ele>
    </rtept>
    <rtept lat="28.51851" lon="83.907674">
      <ele>3480.677925</ele>
    </rtept>
    <rtept lat="28.518579" lon="83.907591">
      <ele>3479.11683</ele>
    </rtept>
    <rtept lat="28.518624" lon="83.907502">
      <ele>3479.294349</ele>
    </rtept>
    <rtept lat="28.518713" lon="83.907523">
      <ele>3481.822399</ele>
    </rtept>
    <rtept lat="28.518806" lon="83.907509">
      <ele>3488.587966</ele>
    </rtept>
    <rtept lat="28.5189" lon="83.907518">
      <ele>3493.066519</ele>
    </rtept>
    <rtept lat="28.518963" lon="83.90744">
      <ele>3497.819907</ele>
    </rtept>
    <rtept lat="28.518913" lon="83.907353">
      <ele>3504.405355</ele>
    </rtept>
    <rtept lat="28.518838" lon="83.907294">
      <ele>3505.555645</ele>
    </rtept>
    <rtept lat="28.518774" lon="83.907219">
      <ele>3505.347484</ele>
    </rtept>
    <rtept lat="28.518862" lon="83.907197">
      <ele>3509.861673</ele>
    </rtept>
    <rtept lat="28.518942" lon="83.90725">
      <ele>3512.00478</ele>
    </rtept>
    <rtept lat="28.519029" lon="83.907279">
      <ele>3513.753238</ele>
    </rtept>
    <rtept lat="28.519118" lon="83.907321">
      <ele>3516.904955</ele>
    </rtept>
    <rtept lat="28.519208" lon="83.907349">
      <ele>3522.038712</ele>
    </rtept>
    <rtept lat="28.5193" lon="83.907383">
      <ele>3529.26009</ele>
    </rtept>
    <rtept lat="28.519386" lon="83.907415">
      <ele>3531.963194</ele>
    </rtept>
    <rtept lat="28.519476" lon="83.907427">
      <ele>3533.947015</ele>
    </rtept>
    <rtept lat="28.51955" lon="83.907492">
      <ele>3533.513634</ele>
    </rtept>
    <rtept lat="28.519633" lon="83.907535">
      <ele>3530.461256</ele>
    </rtept>
    <rtept lat="28.519725" lon="83.907541">
      <ele>3531.523988</ele>
    </rtept>
    <rtept lat="28.519817" lon="83.907565">
      <ele>3533.093642</ele>
    </rtept>
    <rtept lat="28.519904" lon="83.907598">
      <ele>3534.935179</ele>
    </rtept>
    <rtept lat="28.519986" lon="83.90765">
      <ele>3538.401338</ele>
    </rtept>
    <rtept lat="28.520076" lon="83.907668">
      <ele>3541.902949</ele>
    </rtept>
    <rtept lat="28.520159" lon="83.907714">
      <ele>3545.839552</ele>
    </rtept>
    <rtept lat="28.520257" lon="83.907715">
      <ele>3557.757107</ele>
    </rtept>
    <rtept lat="28.520301" lon="83.907823">
      <ele>3574.078373</ele>
    </rtept>
    <rtept lat="28.520346" lon="83.907731">
      <ele>3559.916211</ele>
    </rtept>
    <rtept lat="28.520269" lon="83.907783">
      <ele>3586.050638</ele>
    </rtept>
    <rtept lat="28.52033" lon="83.90786">
      <ele>3587.659516</ele>
    </rtept>
    <rtept lat="28.520422" lon="83.907851">
      <ele>3572.020931</ele>
    </rtept>
    <rtept lat="28.520514" lon="83.907868">
      <ele>3563.790372</ele>
    </rtept>
    <rtept lat="28.520584" lon="83.907938">
      <ele>3561.888872</ele>
    </rtept>
    <rtept lat="28.520674" lon="83.907951">
      <ele>3560.258348</ele>
    </rtept>
    <rtept lat="28.520759" lon="83.908005">
      <ele>3561.53117</ele>
    </rtept>
    <rtept lat="28.520841" lon="83.908047">
      <ele>3563.087046</ele>
    </rtept>
    <rtept lat="28.520935" lon="83.908076">
      <ele>3564.88574</ele>
    </rtept>
    <rtept lat="28.521028" lon="83.908072">
      <ele>3565.048993</ele>
    </rtept>
    <rtept lat="28.521119" lon="83.908087">
      <ele>3566.694093</ele>
    </rtept>
    <rtept lat="28.521207" lon="83.908119">
      <ele>3571.749148</ele>
    </rtept>
    <rtept lat="28.521298" lon="83.908099">
      <ele>3581.261925</ele>
    </rtept>
    <rtept lat="28.521388" lon="83.90808">
      <ele>3578.994268</ele>
    </rtept>
    <rtept lat="28.521484" lon="83.908109">
      <ele>3581.665867</ele>
    </rtept>
    <rtept lat="28.521543" lon="83.908022">
      <ele>3581.905303</ele>
    </rtept>
    <rtept lat="28.521578" lon="83.908123">
      <ele>3585.320982</ele>
    </rtept>
    <rtept lat="28.521662" lon="83.908075">
      <ele>3584.592035</ele>
    </rtept>
    <rtept lat="28.52175" lon="83.908105">
      <ele>3591.395335</ele>
    </rtept>
    <rtept lat="28.521838" lon="83.90813">
      <ele>3593.31138</ele>
    </rtept>
    <rtept lat="28.521932" lon="83.908142">
      <ele>3595.41333</ele>
    </rtept>
    <rtept lat="28.522029" lon="83.908162">
      <ele>3593.707789</ele>
    </rtept>
    <rtept lat="28.522121" lon="83.908188">
      <ele>3594.481718</ele>
    </rtept>
    <rtept lat="28.522211" lon="83.908171">
      <ele>3596.379791</ele>
    </rtept>
    <rtept lat="28.522307" lon="83.908189">
      <ele>3598.599769</ele>
    </rtept>
    <rtept lat="28.522396" lon="83.908226">
      <ele>3599.477663</ele>
    </rtept>
    <rtept lat="28.522494" lon="83.908217">
      <ele>3598.786784</ele>
    </rtept>
    <rtept lat="28.522587" lon="83.908217">
      <ele>3599.47378</ele>
    </rtept>
    <rtept lat="28.522684" lon="83.908202">
      <ele>3600.851138</ele>
    </rtept>
    <rtept lat="28.522777" lon="83.908221">
      <ele>3602.144851</ele>
    </rtept>
    <rtept lat="28.522869" lon="83.908205">
      <ele>3603.451453</ele>
    </rtept>
    <rtept lat="28.522954" lon="83.908241">
      <ele>3604.017712</ele>
    </rtept>
    <rtept lat="28.523048" lon="83.908246">
      <ele>3604.039359</ele>
    </rtept>
    <rtept lat="28.52314" lon="83.90826">
      <ele>3605.869006</ele>
    </rtept>
    <rtept lat="28.523236" lon="83.908254">
      <ele>3608.424821</ele>
    </rtept>
    <rtept lat="28.523308" lon="83.908327">
      <ele>3611.182343</ele>
    </rtept>
    <rtept lat="28.523269" lon="83.908421">
      <ele>3614.987312</ele>
    </rtept>
    <rtept lat="28.523336" lon="83.908345">
      <ele>3624.750594</ele>
    </rtept>
    <rtept lat="28.523401" lon="83.908273">
      <ele>3616.025268</ele>
    </rtept>
    <rtept lat="28.523453" lon="83.908182">
      <ele>3615.951501</ele>
    </rtept>
    <rtept lat="28.523534" lon="83.908125">
      <ele>3616.893365</ele>
    </rtept>
    <rtept lat="28.523625" lon="83.908094">
      <ele>3618.328964</ele>
    </rtept>
    <rtept lat="28.523719" lon="83.90812">
      <ele>3619.289687</ele>
    </rtept>
    <rtept lat="28.523812" lon="83.9081">
      <ele>3619.968407</ele>
    </rtept>
    <rtept lat="28.5239" lon="83.908073">
      <ele>3619.650056</ele>
    </rtept>
    <rtept lat="28.523997" lon="83.908061">
      <ele>3621.275095</ele>
    </rtept>
    <rtept lat="28.524099" lon="83.908065">
      <ele>3623.379665</ele>
    </rtept>
    <rtept lat="28.524181" lon="83.908011">
      <ele>3619.448461</ele>
    </rtept>
    <rtept lat="28.524271" lon="83.907991">
      <ele>3620.193129</ele>
    </rtept>
    <rtept lat="28.524374" lon="83.907994">
      <ele>3621.788511</ele>
    </rtept>
    <rtept lat="28.524461" lon="83.908021">
      <ele>3620.330312</ele>
    </rtept>
    <rtept lat="28.524539" lon="83.908072">
      <ele>3621.058879</ele>
    </rtept>
    <rtept lat="28.524626" lon="83.908106">
      <ele>3625.654297</ele>
    </rtept>
    <rtept lat="28.524718" lon="83.908068">
      <ele>3634.614854</ele>
    </rtept>
    <rtept lat="28.524787" lon="83.907999">
      <ele>3635.97808</ele>
    </rtept>
    <rtept lat="28.524855" lon="83.907924">
      <ele>3638.245248</ele>
    </rtept>
    <rtept lat="28.524906" lon="83.907839">
      <ele>3638.656896</ele>
    </rtept>
    <rtept lat="28.524954" lon="83.907747">
      <ele>3638.262058</ele>
    </rtept>
    <rtept lat="28.525028" lon="83.907687">
      <ele>3643.764218</ele>
    </rtept>
    <rtept lat="28.525118" lon="83.907702">
      <ele>3644.744699</ele>
    </rtept>
    <rtept lat="28.525193" lon="83.907634">
      <ele>3647.978934</ele>
    </rtept>
    <rtept lat="28.525273" lon="83.907585">
      <ele>3651.138012</ele>
    </rtept>
    <rtept lat="28.525354" lon="83.907535">
      <ele>3651.469973</ele>
    </rtept>
    <rtept lat="28.525426" lon="83.907472">
      <ele>3653.463266</ele>
    </rtept>
    <rtept lat="28.525508" lon="83.907419">
      <ele>3656.155752</ele>
    </rtept>
    <rtept lat="28.525597" lon="83.907393">
      <ele>3662.455152</ele>
    </rtept>
    <rtept lat="28.525679" lon="83.907346">
      <ele>3662.59665</ele>
    </rtept>
    <rtept lat="28.525698" lon="83.907246">
      <ele>3666.249061</ele>
    </rtept>
    <rtept lat="28.52578" lon="83.907193">
      <ele>3668.476338</ele>
    </rtept>
    <rtept lat="28.525873" lon="83.907223">
      <ele>3669.479587</ele>
    </rtept>
    <rtept lat="28.525962" lon="83.907203">
      <ele>3671.731852</ele>
    </rtept>
    <rtept lat="28.526055" lon="83.907186">
      <ele>3676.111124</ele>
    </rtept>
    <rtept lat="28.52613" lon="83.90725">
      <ele>3678.781119</ele>
    </rtept>
    <rtept lat="28.526204" lon="83.907314">
      <ele>3679.590462</ele>
    </rtept>
    <rtept lat="28.526295" lon="83.907328">
      <ele>3679.492838</ele>
    </rtept>
    <rtept lat="28.526386" lon="83.907325">
      <ele>3682.199183</ele>
    </rtept>
    <rtept lat="28.526478" lon="83.907325">
      <ele>3683.095836</ele>
    </rtept>
    <rtept lat="28.526565" lon="83.90735">
      <ele>3682.966759</ele>
    </rtept>
    <rtept lat="28.526675" lon="83.907371">
      <ele>3683.353442</ele>
    </rtept>
    <rtept lat="28.526757" lon="83.907418">
      <ele>3687.135091</ele>
    </rtept>
    <rtept lat="28.526822" lon="83.907498">
      <ele>3690.675486</ele>
    </rtept>
    <rtept lat="28.526912" lon="83.90748">
      <ele>3694.630125</ele>
    </rtept>
    <rtept lat="28.526975" lon="83.907556">
      <ele>3698.285743</ele>
    </rtept>
    <rtept lat="28.526768" lon="83.907103">
      <ele>3694.183515</ele>
    </rtept>
    <rtept lat="28.526897" lon="83.907152">
      <ele>3692.568618</ele>
    </rtept>
    <rtept lat="28.526987" lon="83.907191">
      <ele>3693.339808</ele>
    </rtept>
    <rtept lat="28.527072" lon="83.907233">
      <ele>3693.984047</ele>
    </rtept>
    <rtept lat="28.527184" lon="83.907359">
      <ele>3697.231551</ele>
    </rtept>
  </rte>
  <rte>
    <rtept lat="28.456932" lon="83.856819">
      <ele>2312.273256</ele>
    </rtept>
    <rtept lat="28.457023" lon="83.856809">
      <ele>2315.394665</ele>
    </rtept>
    <rtept lat="28.457116" lon="83.856796">
      <ele>2315.670489</ele>
    </rtept>
    <rtept lat="28.457209" lon="83.856813">
      <ele>2316.513678</ele>
    </rtept>
    <rtept lat="28.457285" lon="83.856876">
      <ele>2315.708288</ele>
    </rtept>
    <rtept lat="28.457335" lon="83.85696">
      <ele>2316.603056</ele>
    </rtept>
    <rtept lat="28.457431" lon="83.857">
      <ele>2316.482046</ele>
    </rtept>
    <rtept lat="28.45751" lon="83.857057">
      <ele>2318.246833</ele>
    </rtept>
    <rtept lat="28.457605" lon="83.857089">
      <ele>2319.295879</ele>
    </rtept>
    <rtept lat="28.457695" lon="83.857056">
      <ele>2319.472044</ele>
    </rtept>
    <rtept lat="28.457784" lon="83.857076">
      <ele>2320.282027</ele>
    </rtept>
    <rtept lat="28.457862" lon="83.857141">
      <ele>2321.126822</ele>
    </rtept>
    <rtept lat="28.457926" lon="83.857215">
      <ele>2324.334489</ele>
    </rtept>
    <rtept lat="28.458008" lon="83.85727">
      <ele>2325.336126</ele>
    </rtept>
    <rtept lat="28.458078" lon="83.857336">
      <ele>2328.171024</ele>
    </rtept>
    <rtept lat="28.458116" lon="83.857443">
      <ele>2331.712662</ele>
    </rtept>
    <rtept lat="28.458206" lon="83.857473">
      <ele>2333.400195</ele>
    </rtept>
    <rtept lat="28.458292" lon="83.857519">
      <ele>2333.682065</ele>
    </rtept>
    <rtept lat="28.458379" lon="83.857567">
      <ele>2334.521126</ele>
    </rtept>
    <rtept lat="28.458473" lon="83.857603">
      <ele>2336.043871</ele>
    </rtept>
    <rtept lat="28.458553" lon="83.857662">
      <ele>2334.93579</ele>
    </rtept>
    <rtept lat="28.458622" lon="83.857738">
      <ele>2335.253192</ele>
    </rtept>
    <rtept lat="28.458713" lon="83.857757">
      <ele>2335.657369</ele>
    </rtept>
    <rtept lat="28.458798" lon="83.857796">
      <ele>2337.647991</ele>
    </rtept>
    <rtept lat="28.458826" lon="83.857897">
      <ele>2342.594368</ele>
    </rtept>
    <rtept lat="28.458806" lon="83.857999">
      <ele>2344.75952</ele>
    </rtept>
    <rtept lat="28.458852" lon="83.858089">
      <ele>2348.89201</ele>
    </rtept>
    <rtept lat="28.458932" lon="83.858148">
      <ele>2349.140459</ele>
    </rtept>
    <rtept lat="28.459038" lon="83.858136">
      <ele>2351.856444</ele>
    </rtept>
    <rtept lat="28.459124" lon="83.858096">
      <ele>2350.885811</ele>
    </rtept>
    <rtept lat="28.459201" lon="83.858153">
      <ele>2352.373485</ele>
    </rtept>
    <rtept lat="28.459286" lon="83.85819">
      <ele>2354.262131</ele>
    </rtept>
    <rtept lat="28.459319" lon="83.858293">
      <ele>2358.150925</ele>
    </rtept>
    <rtept lat="28.459399" lon="83.858342">
      <ele>2359.697566</ele>
    </rtept>
    <rtept lat="28.459475" lon="83.858404">
      <ele>2364.244443</ele>
    </rtept>
    <rtept lat="28.459571" lon="83.85839">
      <ele>2367.18187</ele>
    </rtept>
    <rtept lat="28.459532" lon="83.858502">
      <ele>2368.814199</ele>
    </rtept>
    <rtept lat="28.459591" lon="83.858582">
      <ele>2370.549476</ele>
    </rtept>
    <rtept lat="28.459687" lon="83.858579">
      <ele>2369.69243</ele>
    </rtept>
    <rtept lat="28.459629" lon="83.858662">
      <ele>2373.587801</ele>
    </rtept>
    <rtept lat="28.459625" lon="83.858765">
      <ele>2375.942257</ele>
    </rtept>
    <rtept lat="28.459701" lon="83.858823">
      <ele>2378.813738</ele>
    </rtept>
    <rtept lat="28.4598" lon="83.85886">
      <ele>2381.072804</ele>
    </rtept>
    <rtept lat="28.459872" lon="83.858929">
      <ele>2382.013565</ele>
    </rtept>
    <rtept lat="28.459944" lon="83.85899">
      <ele>2382.111751</ele>
    </rtept>
    <rtept lat="28.459999" lon="83.859071">
      <ele>2382.473504</ele>
    </rtept>
    <rtept lat="28.460038" lon="83.859166">
      <ele>2383.975532</ele>
    </rtept>
    <rtept lat="28.460101" lon="83.859244">
      <ele>2385.753545</ele>
    </rtept>
    <rtept lat="28.460167" lon="83.859332">
      <ele>2388.546284</ele>
    </rtept>
    <rtept lat="28.460228" lon="83.859415">
      <ele>2388.881617</ele>
    </rtept>
    <rtept lat="28.460283" lon="83.859507">
      <ele>2390.135125</ele>
    </rtept>
    <rtept lat="28.460329" lon="83.859603">
      <ele>2392.201208</ele>
    </rtept>
    <rtept lat="28.460403" lon="83.859673">
      <ele>2392.602278</ele>
    </rtept>
    <rtept lat="28.46048" lon="83.859732">
      <ele>2393.655222</ele>
    </rtept>
    <rtept lat="28.460542" lon="83.859817">
      <ele>2394.364009</ele>
    </rtept>
    <rtept lat="28.460612" lon="83.859882">
      <ele>2393.985555</ele>
    </rtept>
    <rtept lat="28.460701" lon="83.859908">
      <ele>2396.778186</ele>
    </rtept>
    <rtept lat="28.460781" lon="83.859984">
      <ele>2396.546698</ele>
    </rtept>
    <rtept lat="28.460862" lon="83.860036">
      <ele>2398.19881</ele>
    </rtept>
    <rtept lat="28.460942" lon="83.860095">
      <ele>2400.251226</ele>
    </rtept>
    <rtept lat="28.461007" lon="83.860176">
      <ele>2401.651991</ele>
    </rtept>
    <rtept lat="28.461082" lon="83.860244">
      <ele>2401.806237</ele>
    </rtept>
    <rtept lat="28.461158" lon="83.860302">
      <ele>2401.732847</ele>
    </rtept>
    <rtept lat="28.461212" lon="83.860386">
      <ele>2403.243864</ele>
    </rtept>
    <rtept lat="28.461246" lon="83.860485">
      <ele>2402.540365</ele>
    </rtept>
    <rtept lat="28.46133" lon="83.86054">
      <ele>2402.655922</ele>
    </rtept>
    <rtept lat="28.461384" lon="83.860629">
      <ele>2402.057047</ele>
    </rtept>
    <rtept lat="28.461455" lon="83.8607">
      <ele>2402.883456</ele>
    </rtept>
    <rtept lat="28.461538" lon="83.860747">
      <ele>2404.976717</ele>
    </rtept>
    <rtept lat="28.461621" lon="83.860795">
      <ele>2406.533956</ele>
    </rtept>
    <rtept lat="28.4617" lon="83.860854">
      <ele>2410.813832</ele>
    </rtept>
    <rtept lat="28.461792" lon="83.860883">
      <ele>2415.407029</ele>
    </rtept>
    <rtept lat="28.461875" lon="83.860839">
      <ele>2417.336202</ele>
    </rtept>
    <rtept lat="28.461955" lon="83.8609">
      <ele>2416.13653</ele>
    </rtept>
    <rtept lat="28.462048" lon="83.860917">
      <ele>2418.203003</ele>
    </rtept>
    <rtept lat="28.462139" lon="83.860882">
      <ele>2421.736902</ele>
    </rtept>
    <rtept lat="28.462212" lon="83.86095">
      <ele>2425.702018</ele>
    </rtept>
    <rtept lat="28.462303" lon="83.860977">
      <ele>2425.16724</ele>
    </rtept>
    <rtept lat="28.462371" lon="83.861053">
      <ele>2426.107244</ele>
    </rtept>
    <rtept lat="28.462465" lon="83.861068">
      <ele>2427.104324</ele>
    </rtept>
    <rtept lat="28.462556" lon="83.861086">
      <ele>2427.81525</ele>
    </rtept>
    <rtept lat="28.462646" lon="83.861071">
      <ele>2429.012036</ele>
    </rtept>
    <rtept lat="28.46274" lon="83.861041">
      <ele>2430.038093</ele>
    </rtept>
    <rtept lat="28.462824" lon="83.861081">
      <ele>2431.922512</ele>
    </rtept>
    <rtept lat="28.462912" lon="83.861045">
      <ele>2433.079143</ele>
    </rtept>
    <rtept lat="28.462997" lon="83.861095">
      <ele>2430.410391</ele>
    </rtept>
    <rtept lat="28.463085" lon="83.861139">
      <ele>2428.841808</ele>
    </rtept>
    <rtept lat="28.463171" lon="83.86118">
      <ele>2431.569494</ele>
    </rtept>
    <rtept lat="28.463258" lon="83.861151">
      <ele>2430.581614</ele>
    </rtept>
    <rtept lat="28.463349" lon="83.861134">
      <ele>2428.434918</ele>
    </rtept>
    <rtept lat="28.463445" lon="83.861156">
      <ele>2428.732518</ele>
    </rtept>
    <rtept lat="28.46346" lon="83.861261">
      <ele>2429.184031</ele>
    </rtept>
    <rtept lat="28.463538" lon="83.861324">
      <ele>2431.171355</ele>
    </rtept>
    <rtept lat="28.463617" lon="83.861388">
      <ele>2431.179589</ele>
    </rtept>
    <rtept lat="28.463714" lon="83.861408">
      <ele>2434.555978</ele>
    </rtept>
    <rtept lat="28.463789" lon="83.861466">
      <ele>2436.97307</ele>
    </rtept>
    <rtept lat="28.463887" lon="83.861463">
      <ele>2441.2535</ele>
    </rtept>
    <rtept lat="28.463935" lon="83.861574">
      <ele>2451.262286</ele>
    </rtept>
    <rtept lat="28.463878" lon="83.861661">
      <ele>2451.931834</ele>
    </rtept>
    <rtept lat="28.463811" lon="83.861738">
      <ele>2449.631528</ele>
    </rtept>
    <rtept lat="28.46389" lon="83.861789">
      <ele>2449.229719</ele>
    </rtept>
    <rtept lat="28.463811" lon="83.861846">
      <ele>2450.957695</ele>
    </rtept>
    <rtept lat="28.463817" lon="83.861954">
      <ele>2450.887489</ele>
    </rtept>
    <rtept lat="28.46382" lon="83.862059">
      <ele>2452.098701</ele>
    </rtept>
    <rtept lat="28.463883" lon="83.862145">
      <ele>2454.99694</ele>
    </rtept>
    <rtept lat="28.463977" lon="83.862179">
      <ele>2459.73648</ele>
    </rtept>
    <rtept lat="28.464065" lon="83.862206">
      <ele>2464.629305</ele>
    </rtept>
    <rtept lat="28.464132" lon="83.86229">
      <ele>2465.73967</ele>
    </rtept>
    <rtept lat="28.464211" lon="83.862348">
      <ele>2465.272406</ele>
    </rtept>
    <rtept lat="28.464296" lon="83.862407">
      <ele>2466.351554</ele>
    </rtept>
    <rtept lat="28.464388" lon="83.862436">
      <ele>2466.394874</ele>
    </rtept>
    <rtept lat="28.464461" lon="83.862513">
      <ele>2465.821963</ele>
    </rtept>
    <rtept lat="28.464554" lon="83.862514">
      <ele>2466.64038</ele>
    </rtept>
    <rtept lat="28.464652" lon="83.862511">
      <ele>2466.703022</ele>
    </rtept>
    <rtept lat="28.464748" lon="83.862514">
      <ele>2465.092057</ele>
    </rtept>
    <rtept lat="28.464809" lon="83.862589">
      <ele>2468.452857</ele>
    </rtept>
    <rtept lat="28.464896" lon="83.862615">
      <ele>2469.285041</ele>
    </rtept>
    <rtept lat="28.464985" lon="83.862672">
      <ele>2469.773248</ele>
    </rtept>
    <rtept lat="28.465076" lon="83.862723">
      <ele>2469.73511</ele>
    </rtept>
    <rtept lat="28.46514" lon="83.862795">
      <ele>2476.845886</ele>
    </rtept>
    <rtept lat="28.465204" lon="83.862869">
      <ele>2486.125742</ele>
    </rtept>
    <rtept lat="28.46528" lon="83.862933">
      <ele>2487.516229</ele>
    </rtept>
    <rtept lat="28.465342" lon="83.863017">
      <ele>2487.025236</ele>
    </rtept>
    <rtept lat="28.465368" lon="83.86312">
      <ele>2487.370311</ele>
    </rtept>
    <rtept lat="28.465403" lon="83.863215">
      <ele>2486.196456</ele>
    </rtept>
    <rtept lat="28.465465" lon="83.863288">
      <ele>2485.329851</ele>
    </rtept>
    <rtept lat="28.465519" lon="83.863383">
      <ele>2485.703924</ele>
    </rtept>
    <rtept lat="28.465596" lon="83.863438">
      <ele>2488.333479</ele>
    </rtept>
    <rtept lat="28.46553" lon="83.863511">
      <ele>2487.099341</ele>
    </rtept>
    <rtept lat="28.465464" lon="83.863584">
      <ele>2484.05109</ele>
    </rtept>
    <rtept lat="28.46546" lon="83.863698">
      <ele>2481.871431</ele>
    </rtept>
    <rtept lat="28.465479" lon="83.863815">
      <ele>2479.468824</ele>
    </rtept>
    <rtept lat="28.465535" lon="83.863897">
      <ele>2471.94171</ele>
    </rtept>
    <rtept lat="28.465595" lon="83.863975">
      <ele>2466.214612</ele>
    </rtept>
    <rtept lat="28.465628" lon="83.864077">
      <ele>2462.889033</ele>
    </rtept>
    <rtept lat="28.465656" lon="83.864178">
      <ele>2459.589518</ele>
    </rtept>
    <rtept lat="28.465718" lon="83.864259">
      <ele>2456.179203</ele>
    </rtept>
    <rtept lat="28.465738" lon="83.864366">
      <ele>2455.142827</ele>
    </rtept>
    <rtept lat="28.465816" lon="83.864452">
      <ele>2455.672212</ele>
    </rtept>
    <rtept lat="28.465903" lon="83.864496">
      <ele>2459.280855</ele>
    </rtept>
    <rtept lat="28.465856" lon="83.864586">
      <ele>2459.331736</ele>
    </rtept>
    <rtept lat="28.465903" lon="83.864674">
      <ele>2455.721124</ele>
    </rtept>
    <rtept lat="28.465947" lon="83.864767">
      <ele>2454.673871</ele>
    </rtept>
    <rtept lat="28.465982" lon="83.864867">
      <ele>2452.146252</ele>
    </rtept>
    <rtept lat="28.466049" lon="83.864943">
      <ele>2450.521868</ele>
    </rtept>
    <rtept lat="28.466145" lon="83.864996">
      <ele>2455.794415</ele>
    </rtept>
    <rtept lat="28.4662" lon="83.865081">
      <ele>2463.587974</ele>
    </rtept>
    <rtept lat="28.466286" lon="83.86512">
      <ele>2462.280647</ele>
    </rtept>
    <rtept lat="28.466354" lon="83.865197">
      <ele>2462.437375</ele>
    </rtept>
    <rtept lat="28.466425" lon="83.865267">
      <ele>2463.154534</ele>
    </rtept>
    <rtept lat="28.4665" lon="83.86534">
      <ele>2462.081231</ele>
    </rtept>
    <rtept lat="28.466567" lon="83.865415">
      <ele>2463.215167</ele>
    </rtept>
    <rtept lat="28.466628" lon="83.865493">
      <ele>2462.773728</ele>
    </rtept>
    <rtept lat="28.46672" lon="83.86551">
      <ele>2464.74179</ele>
    </rtept>
    <rtept lat="28.466812" lon="83.865534">
      <ele>2467.250528</ele>
    </rtept>
    <rtept lat="28.46689" lon="83.865595">
      <ele>2471.978549</ele>
    </rtept>
    <rtept lat="28.466952" lon="83.86567">
      <ele>2471.623695</ele>
    </rtept>
    <rtept lat="28.467007" lon="83.865762">
      <ele>2471.651075</ele>
    </rtept>
    <rtept lat="28.467062" lon="83.865844">
      <ele>2471.216668</ele>
    </rtept>
    <rtept lat="28.467136" lon="83.865918">
      <ele>2470.552909</ele>
    </rtept>
    <rtept lat="28.467189" lon="83.866011">
      <ele>2472.808097</ele>
    </rtept>
    <rtept lat="28.467245" lon="83.866102">
      <ele>2473.873543</ele>
    </rtept>
    <rtept lat="28.46731" lon="83.866187">
      <ele>2475.154994</ele>
    </rtept>
    <rtept lat="28.467385" lon="83.866247">
      <ele>2477.847462</ele>
    </rtept>
    <rtept lat="28.467463" lon="83.866302">
      <ele>2479.237926</ele>
    </rtept>
    <rtept lat="28.467544" lon="83.866352">
      <ele>2481.371757</ele>
    </rtept>
    <rtept lat="28.467607" lon="83.866433">
      <ele>2482.507946</ele>
    </rtept>
    <rtept lat="28.467676" lon="83.866503">
      <ele>2482.959548</ele>
    </rtept>
    <rtept lat="28.467757" lon="83.866565">
      <ele>2483.044733</ele>
    </rtept>
    <rtept lat="28.467844" lon="83.866601">
      <ele>2482.920573</ele>
    </rtept>
    <rtept lat="28.467928" lon="83.866646">
      <ele>2483.964914</ele>
    </rtept>
    <rtept lat="28.467998" lon="83.866721">
      <ele>2486.442596</ele>
    </rtept>
    <rtept lat="28.468043" lon="83.866817">
      <ele>2486.307973</ele>
    </rtept>
    <rtept lat="28.468024" lon="83.866921">
      <ele>2484.832242</ele>
    </rtept>
    <rtept lat="28.468063" lon="83.86702">
      <ele>2480.720123</ele>
    </rtept>
    <rtept lat="28.468128" lon="83.867094">
      <ele>2478.391523</ele>
    </rtept>
    <rtept lat="28.468155" lon="83.867198">
      <ele>2476.745312</ele>
    </rtept>
    <rtept lat="28.468186" lon="83.867295">
      <ele>2474.001666</ele>
    </rtept>
    <rtept lat="28.468227" lon="83.867393">
      <ele>2472.247005</ele>
    </rtept>
    <rtept lat="28.46828" lon="83.867479">
      <ele>2471.283108</ele>
    </rtept>
    <rtept lat="28.468361" lon="83.867542">
      <ele>2470.04682</ele>
    </rtept>
    <rtept lat="28.468435" lon="83.867612">
      <ele>2468.3759</ele>
    </rtept>
    <rtept lat="28.4685" lon="83.867692">
      <ele>2467.745676</ele>
    </rtept>
    <rtept lat="28.468576" lon="83.867761">
      <ele>2471.087489</ele>
    </rtept>
    <rtept lat="28.468666" lon="83.867791">
      <ele>2475.646942</ele>
    </rtept>
    <rtept lat="28.468739" lon="83.867854">
      <ele>2483.471571</ele>
    </rtept>
    <rtept lat="28.468829" lon="83.867867">
      <ele>2486.225777</ele>
    </rtept>
    <rtept lat="28.468808" lon="83.867764">
      <ele>2491.216613</ele>
    </rtept>
    <rtept lat="28.468772" lon="83.867858">
      <ele>2486.342994</ele>
    </rtept>
    <rtept lat="28.468807" lon="83.867953">
      <ele>2482.930506</ele>
    </rtept>
    <rtept lat="28.468869" lon="83.868034">
      <ele>2482.520067</ele>
    </rtept>
    <rtept lat="28.468918" lon="83.868128">
      <ele>2483.404585</ele>
    </rtept>
    <rtept lat="28.46899" lon="83.868191">
      <ele>2487.051156</ele>
    </rtept>
    <rtept lat="28.469079" lon="83.868202">
      <ele>2490.872548</ele>
    </rtept>
    <rtept lat="28.469168" lon="83.86817">
      <ele>2497.057578</ele>
    </rtept>
    <rtept lat="28.469253" lon="83.868206">
      <ele>2499.091455</ele>
    </rtept>
    <rtept lat="28.469351" lon="83.8682">
      <ele>2502.556198</ele>
    </rtept>
    <rtept lat="28.469439" lon="83.868241">
      <ele>2501.936859</ele>
    </rtept>
    <rtept lat="28.469503" lon="83.868314">
      <ele>2502.691551</ele>
    </rtept>
    <rtept lat="28.469522" lon="83.868424">
      <ele>2503.1255</ele>
    </rtept>
    <rtept lat="28.469434" lon="83.868456">
      <ele>2501.595055</ele>
    </rtept>
    <rtept lat="28.469368" lon="83.868536">
      <ele>2498.059169</ele>
    </rtept>
    <rtept lat="28.469337" lon="83.86864">
      <ele>2494.147906</ele>
    </rtept>
    <rtept lat="28.469383" lon="83.868741">
      <ele>2494.006469</ele>
    </rtept>
    <rtept lat="28.469405" lon="83.868857">
      <ele>2494.141396</ele>
    </rtept>
    <rtept lat="28.469411" lon="83.86896">
      <ele>2495.031691</ele>
    </rtept>
    <rtept lat="28.469443" lon="83.869062">
      <ele>2495.315099</ele>
    </rtept>
    <rtept lat="28.469506" lon="83.869143">
      <ele>2496.398052</ele>
    </rtept>
    <rtept lat="28.469546" lon="83.869242">
      <ele>2499.46789</ele>
    </rtept>
    <rtept lat="28.46959" lon="83.869336">
      <ele>2500.161744</ele>
    </rtept>
    <rtept lat="28.469665" lon="83.869396">
      <ele>2500.391665</ele>
    </rtept>
    <rtept lat="28.469703" lon="83.869495">
      <ele>2501.166877</ele>
    </rtept>
    <rtept lat="28.469728" lon="83.869601">
      <ele>2500.940591</ele>
    </rtept>
    <rtept lat="28.469779" lon="83.869688">
      <ele>2500.583451</ele>
    </rtept>
    <rtept lat="28.469806" lon="83.869788">
      <ele>2501.765085</ele>
    </rtept>
    <rtept lat="28.469876" lon="83.869855">
      <ele>2498.536863</ele>
    </rtept>
    <rtept lat="28.469874" lon="83.869959">
      <ele>2497.21184</ele>
    </rtept>
    <rtept lat="28.46993" lon="83.870045">
      <ele>2496.368713</ele>
    </rtept>
    <rtept lat="28.469965" lon="83.870145">
      <ele>2498.129065</ele>
    </rtept>
    <rtept lat="28.470011" lon="83.870241">
      <ele>2497.353132</ele>
    </rtept>
    <rtept lat="28.470035" lon="83.870348">
      <ele>2497.811277</ele>
    </rtept>
    <rtept lat="28.470087" lon="83.870439">
      <ele>2499.315422</ele>
    </rtept>
    <rtept lat="28.470172" lon="83.8705">
      <ele>2503.263985</ele>
    </rtept>
    <rtept lat="28.470265" lon="83.870524">
      <ele>2508.706805</ele>
    </rtept>
    <rtept lat="28.470328" lon="83.870604">
      <ele>2511.041938</ele>
    </rtept>
    <rtept lat="28.470403" lon="83.870677">
      <ele>2511.254574</ele>
    </rtept>
    <rtept lat="28.470477" lon="83.870737">
      <ele>2513.823244</ele>
    </rtept>
    <rtept lat="28.470526" lon="83.870823">
      <ele>2514.376777</ele>
    </rtept>
    <rtept lat="28.470561" lon="83.870921">
      <ele>2513.512115</ele>
    </rtept>
    <rtept lat="28.470606" lon="83.871022">
      <ele>2515.870696</ele>
    </rtept>
    <rtept lat="28.470609" lon="83.871125">
      <ele>2516.537697</ele>
    </rtept>
    <rtept lat="28.470654" lon="83.871215">
      <ele>2517.067073</ele>
    </rtept>
    <rtept lat="28.470725" lon="83.871289">
      <ele>2519.787396</ele>
    </rtept>
    <rtept lat="28.470769" lon="83.871387">
      <ele>2519.816904</ele>
    </rtept>
    <rtept lat="28.47083" lon="83.871464">
      <ele>2516.102714</ele>
    </rtept>
    <rtept lat="28.470878" lon="83.871561">
      <ele>2516.566928</ele>
    </rtept>
    <rtept lat="28.470925" lon="83.871656">
      <ele>2517.461631</ele>
    </rtept>
    <rtept lat="28.471008" lon="83.871717">
      <ele>2517.957538</ele>
    </rtept>
    <rtept lat="28.471053" lon="83.871815">
      <ele>2518.0567</ele>
    </rtept>
    <rtept lat="28.471097" lon="83.871909">
      <ele>2518.718062</ele>
    </rtept>
    <rtept lat="28.471194" lon="83.871903">
      <ele>2519.545973</ele>
    </rtept>
    <rtept lat="28.471256" lon="83.871987">
      <ele>2521.136656</ele>
    </rtept>
    <rtept lat="28.471334" lon="83.872055">
      <ele>2521.739838</ele>
    </rtept>
    <rtept lat="28.471407" lon="83.872123">
      <ele>2524.133096</ele>
    </rtept>
    <rtept lat="28.471503" lon="83.87212">
      <ele>2524.952552</ele>
    </rtept>
    <rtept lat="28.471586" lon="83.87217">
      <ele>2526.596867</ele>
    </rtept>
    <rtept lat="28.471629" lon="83.872269">
      <ele>2526.469863</ele>
    </rtept>
    <rtept lat="28.471698" lon="83.872336">
      <ele>2528.565591</ele>
    </rtept>
    <rtept lat="28.471758" lon="83.872417">
      <ele>2532.096138</ele>
    </rtept>
    <rtept lat="28.471824" lon="83.872493">
      <ele>2532.144343</ele>
    </rtept>
    <rtept lat="28.471908" lon="83.872531">
      <ele>2530.927955</ele>
    </rtept>
    <rtept lat="28.471986" lon="83.87259">
      <ele>2529.412022</ele>
    </rtept>
    <rtept lat="28.472071" lon="83.87263">
      <ele>2530.270871</ele>
    </rtept>
    <rtept lat="28.472161" lon="83.872663">
      <ele>2531.832017</ele>
    </rtept>
    <rtept lat="28.472215" lon="83.872749">
      <ele>2532.702738</ele>
    </rtept>
    <rtept lat="28.472294" lon="83.872806">
      <ele>2532.462252</ele>
    </rtept>
    <rtept lat="28.472377" lon="83.872864">
      <ele>2530.984013</ele>
    </rtept>
    <rtept lat="28.472456" lon="83.872924">
      <ele>2527.249483</ele>
    </rtept>
    <rtept lat="28.472545" lon="83.872953">
      <ele>2524.584923</ele>
    </rtept>
    <rtept lat="28.472578" lon="83.873057">
      <ele>2520.932612</ele>
    </rtept>
    <rtept lat="28.472621" lon="83.873151">
      <ele>2520.850132</ele>
    </rtept>
    <rtept lat="28.472628" lon="83.873256">
      <ele>2525.439698</ele>
    </rtept>
    <rtept lat="28.47272" lon="83.873292">
      <ele>2527.803411</ele>
    </rtept>
    <rtept lat="28.472816" lon="83.873274">
      <ele>2531.409038</ele>
    </rtept>
    <rtept lat="28.472794" lon="83.873375">
      <ele>2537.837402</ele>
    </rtept>
    <rtept lat="28.472876" lon="83.873442">
      <ele>2536.718522</ele>
    </rtept>
    <rtept lat="28.472971" lon="83.873454">
      <ele>2538.023028</ele>
    </rtept>
    <rtept lat="28.473036" lon="83.873529">
      <ele>2541.682452</ele>
    </rtept>
    <rtept lat="28.473103" lon="83.873605">
      <ele>2544.208316</ele>
    </rtept>
    <rtept lat="28.473165" lon="83.873688">
      <ele>2545.294318</ele>
    </rtept>
    <rtept lat="28.473225" lon="83.873769">
      <ele>2545.036234</ele>
    </rtept>
    <rtept lat="28.473281" lon="83.873851">
      <ele>2546.591666</ele>
    </rtept>
    <rtept lat="28.473279" lon="83.873954">
      <ele>2548.134009</ele>
    </rtept>
    <rtept lat="28.473297" lon="83.874055">
      <ele>2545.383276</ele>
    </rtept>
    <rtept lat="28.473312" lon="83.874165">
      <ele>2544.926478</ele>
    </rtept>
    <rtept lat="28.473307" lon="83.874269">
      <ele>2547.568489</ele>
    </rtept>
    <rtept lat="28.47332" lon="83.874373">
      <ele>2547.235563</ele>
    </rtept>
    <rtept lat="28.473328" lon="83.87448">
      <ele>2547.441446</ele>
    </rtept>
    <rtept lat="28.473344" lon="83.874592">
      <ele>2547.710067</ele>
    </rtept>
    <rtept lat="28.473386" lon="83.874683">
      <ele>2550.047798</ele>
    </rtept>
    <rtept lat="28.47339" lon="83.874788">
      <ele>2550.919617</ele>
    </rtept>
    <rtept lat="28.473379" lon="83.874891">
      <ele>2550.88302</ele>
    </rtept>
    <rtept lat="28.473491" lon="83.874929">
      <ele>2546.274725</ele>
    </rtept>
    <rtept lat="28.473462" lon="83.875027">
      <ele>2552.217426</ele>
    </rtept>
    <rtept lat="28.473553" lon="83.875053">
      <ele>2553.403176</ele>
    </rtept>
    <rtept lat="28.473544" lon="83.875163">
      <ele>2555.734232</ele>
    </rtept>
    <rtept lat="28.473629" lon="83.875232">
      <ele>2558.408885</ele>
    </rtept>
    <rtept lat="28.473619" lon="83.875352">
      <ele>2565.519926</ele>
    </rtept>
    <rtept lat="28.473625" lon="83.875455">
      <ele>2566.537109</ele>
    </rtept>
    <rtept lat="28.473666" lon="83.875554">
      <ele>2567.579216</ele>
    </rtept>
    <rtept lat="28.473693" lon="83.875657">
      <ele>2569.671005</ele>
    </rtept>
    <rtept lat="28.473748" lon="83.875739">
      <ele>2573.138254</ele>
    </rtept>
    <rtept lat="28.473809" lon="83.875825">
      <ele>2575.274805</ele>
    </rtept>
    <rtept lat="28.473878" lon="83.875892">
      <ele>2578.649867</ele>
    </rtept>
    <rtept lat="28.473906" lon="83.875997">
      <ele>2581.724249</ele>
    </rtept>
    <rtept lat="28.473947" lon="83.876098">
      <ele>2582.847355</ele>
    </rtept>
    <rtept lat="28.474032" lon="83.876197">
      <ele>2588.252229</ele>
    </rtept>
    <rtept lat="28.474016" lon="83.876299">
      <ele>2587.943142</ele>
    </rtept>
    <rtept lat="28.474095" lon="83.876368">
      <ele>2586.297486</ele>
    </rtept>
    <rtept lat="28.474147" lon="83.876456">
      <ele>2584.702194</ele>
    </rtept>
    <rtept lat="28.474185" lon="83.876558">
      <ele>2585.036904</ele>
    </rtept>
    <rtept lat="28.474233" lon="83.876675">
      <ele>2585.930386</ele>
    </rtept>
    <rtept lat="28.47429" lon="83.876759">
      <ele>2588.276206</ele>
    </rtept>
    <rtept lat="28.474372" lon="83.876801">
      <ele>2591.253489</ele>
    </rtept>
    <rtept lat="28.474433" lon="83.876877">
      <ele>2594.135179</ele>
    </rtept>
    <rtept lat="28.474527" lon="83.876913">
      <ele>2597.269578</ele>
    </rtept>
    <rtept lat="28.474578" lon="83.877004">
      <ele>2602.260405</ele>
    </rtept>
    <rtept lat="28.474643" lon="83.877082">
      <ele>2604.019357</ele>
    </rtept>
    <rtept lat="28.474716" lon="83.877144">
      <ele>2605.230238</ele>
    </rtept>
    <rtept lat="28.474773" lon="83.877229">
      <ele>2604.902597</ele>
    </rtept>
    <rtept lat="28.474848" lon="83.877295">
      <ele>2603.7981</ele>
    </rtept>
    <rtept lat="28.474904" lon="83.877375">
      <ele>2604.566986</ele>
    </rtept>
    <rtept lat="28.474996" lon="83.877421">
      <ele>2603.722616</ele>
    </rtept>
    <rtept lat="28.475086" lon="83.877444">
      <ele>2603.796533</ele>
    </rtept>
    <rtept lat="28.475167" lon="83.87749">
      <ele>2604.076404</ele>
    </rtept>
    <rtept lat="28.475251" lon="83.87754">
      <ele>2604.5151</ele>
    </rtept>
    <rtept lat="28.47527" lon="83.877641">
      <ele>2606.935555</ele>
    </rtept>
    <rtept lat="28.475202" lon="83.877711">
      <ele>2602.090811</ele>
    </rtept>
    <rtept lat="28.475186" lon="83.87782">
      <ele>2598.336448</ele>
    </rtept>
    <rtept lat="28.475205" lon="83.877924">
      <ele>2597.567208</ele>
    </rtept>
    <rtept lat="28.475231" lon="83.878029">
      <ele>2596.907035</ele>
    </rtept>
    <rtept lat="28.475231" lon="83.878132">
      <ele>2597.70936</ele>
    </rtept>
    <rtept lat="28.475304" lon="83.878193">
      <ele>2600.60618</ele>
    </rtept>
    <rtept lat="28.475353" lon="83.878282">
      <ele>2600.200817</ele>
    </rtept>
    <rtept lat="28.475451" lon="83.878285">
      <ele>2602.180459</ele>
    </rtept>
    <rtept lat="28.475541" lon="83.878301">
      <ele>2608.459161</ele>
    </rtept>
    <rtept lat="28.475612" lon="83.878379">
      <ele>2610.423239</ele>
    </rtept>
    <rtept lat="28.475653" lon="83.878481">
      <ele>2611.952938</ele>
    </rtept>
    <rtept lat="28.475727" lon="83.878544">
      <ele>2611.772902</ele>
    </rtept>
    <rtept lat="28.475772" lon="83.878632">
      <ele>2610.935919</ele>
    </rtept>
    <rtept lat="28.475861" lon="83.878665">
      <ele>2609.246121</ele>
    </rtept>
    <rtept lat="28.47593" lon="83.878733">
      <ele>2608.361512</ele>
    </rtept>
    <rtept lat="28.47602" lon="83.87876">
      <ele>2609.689675</ele>
    </rtept>
    <rtept lat="28.476107" lon="83.878727">
      <ele>2614.810095</ele>
    </rtept>
    <rtept lat="28.476192" lon="83.878775">
      <ele>2616.622817</ele>
    </rtept>
    <rtept lat="28.476268" lon="83.878833">
      <ele>2614.972915</ele>
    </rtept>
    <rtept lat="28.476338" lon="83.878908">
      <ele>2622.73014</ele>
    </rtept>
    <rtept lat="28.476284" lon="83.878995">
      <ele>2622.651539</ele>
    </rtept>
    <rtept lat="28.476354" lon="83.879062">
      <ele>2622.481287</ele>
    </rtept>
    <rtept lat="28.476422" lon="83.879132">
      <ele>2623.332195</ele>
    </rtept>
    <rtept lat="28.476514" lon="83.879143">
      <ele>2625.067399</ele>
    </rtept>
    <rtept lat="28.476533" lon="83.879248">
      <ele>2625.204364</ele>
    </rtept>
    <rtept lat="28.476562" lon="83.879351">
      <ele>2626.244162</ele>
    </rtept>
    <rtept lat="28.476587" lon="83.879455">
      <ele>2626.856786</ele>
    </rtept>
    <rtept lat="28.476633" lon="83.879554">
      <ele>2624.289728</ele>
    </rtept>
    <rtept lat="28.476678" lon="83.879647">
      <ele>2624.186536</ele>
    </rtept>
    <rtept lat="28.476745" lon="83.879719">
      <ele>2625.478369</ele>
    </rtept>
    <rtept lat="28.476804" lon="83.879801">
      <ele>2628.076292</ele>
    </rtept>
    <rtept lat="28.476859" lon="83.879894">
      <ele>2629.701559</ele>
    </rtept>
    <rtept lat="28.476923" lon="83.879976">
      <ele>2629.689824</ele>
    </rtept>
    <rtept lat="28.477015" lon="83.879997">
      <ele>2630.903353</ele>
    </rtept>
    <rtept lat="28.477034" lon="83.880102">
      <ele>2631.846279</ele>
    </rtept>
    <rtept lat="28.477073" lon="83.880197">
      <ele>2635.626771</ele>
    </rtept>
    <rtept lat="28.47709" lon="83.880299">
      <ele>2643.066118</ele>
    </rtept>
    <rtept lat="28.477135" lon="83.880389">
      <ele>2645.538254</ele>
    </rtept>
    <rtept lat="28.477115" lon="83.8805">
      <ele>2645.448143</ele>
    </rtept>
    <rtept lat="28.477151" lon="83.88061">
      <ele>2644.781489</ele>
    </rtept>
    <rtept lat="28.477205" lon="83.880694">
      <ele>2645.798854</ele>
    </rtept>
    <rtept lat="28.477243" lon="83.880796">
      <ele>2647.377976</ele>
    </rtept>
    <rtept lat="28.477288" lon="83.880891">
      <ele>2648.883817</ele>
    </rtept>
    <rtept lat="28.477265" lon="83.880995">
      <ele>2648.437459</ele>
    </rtept>
    <rtept lat="28.477333" lon="83.881066">
      <ele>2650.585157</ele>
    </rtept>
    <rtept lat="28.477367" lon="83.881177">
      <ele>2653.086059</ele>
    </rtept>
    <rtept lat="28.477425" lon="83.881256">
      <ele>2657.381839</ele>
    </rtept>
    <rtept lat="28.477469" lon="83.881348">
      <ele>2661.290402</ele>
    </rtept>
    <rtept lat="28.477484" lon="83.88145">
      <ele>2659.163863</ele>
    </rtept>
    <rtept lat="28.477518" lon="83.881547">
      <ele>2660.590745</ele>
    </rtept>
    <rtept lat="28.477541" lon="83.881654">
      <ele>2662.76314</ele>
    </rtept>
    <rtept lat="28.477578" lon="83.88175">
      <ele>2663.580582</ele>
    </rtept>
    <rtept lat="28.477571" lon="83.881859">
      <ele>2666.31888</ele>
    </rtept>
    <rtept lat="28.477629" lon="83.881937">
      <ele>2669.107581</ele>
    </rtept>
    <rtept lat="28.477612" lon="83.882051">
      <ele>2669.832604</ele>
    </rtept>
    <rtept lat="28.4776" lon="83.882162">
      <ele>2671.169102</ele>
    </rtept>
    <rtept lat="28.477633" lon="83.882261">
      <ele>2671.552126</ele>
    </rtept>
    <rtept lat="28.477703" lon="83.882326">
      <ele>2672.726117</ele>
    </rtept>
    <rtept lat="28.477737" lon="83.882422">
      <ele>2672.299157</ele>
    </rtept>
    <rtept lat="28.477773" lon="83.882517">
      <ele>2669.95139</ele>
    </rtept>
    <rtept lat="28.477801" lon="83.882624">
      <ele>2667.895184</ele>
    </rtept>
    <rtept lat="28.477786" lon="83.882748">
      <ele>2666.784635</ele>
    </rtept>
    <rtept lat="28.477819" lon="83.882846">
      <ele>2667.427733</ele>
    </rtept>
    <rtept lat="28.477853" lon="83.882941">
      <ele>2669.274617</ele>
    </rtept>
    <rtept lat="28.477887" lon="83.883039">
      <ele>2671.189582</ele>
    </rtept>
    <rtept lat="28.477926" lon="83.883137">
      <ele>2672.480531</ele>
    </rtept>
    <rtept lat="28.477937" lon="83.88324">
      <ele>2674.724478</ele>
    </rtept>
    <rtept lat="28.477969" lon="83.883338">
      <ele>2678.00402</ele>
    </rtept>
    <rtept lat="28.47802" lon="83.883431">
      <ele>2679.609144</ele>
    </rtept>
    <rtept lat="28.478079" lon="83.883519">
      <ele>2680.638123</ele>
    </rtept>
    <rtept lat="28.478062" lon="83.883626">
      <ele>2681.248376</ele>
    </rtept>
    <rtept lat="28.478098" lon="83.883726">
      <ele>2682.518647</ele>
    </rtept>
    <rtept lat="28.478131" lon="83.883825">
      <ele>2684.963207</ele>
    </rtept>
    <rtept lat="28.478172" lon="83.883927">
      <ele>2686.734218</ele>
    </rtept>
    <rtept lat="28.478205" lon="83.884024">
      <ele>2687.806429</ele>
    </rtept>
    <rtept lat="28.478253" lon="83.88411">
      <ele>2691.15492</ele>
    </rtept>
    <rtept lat="28.478325" lon="83.884178">
      <ele>2695.567004</ele>
    </rtept>
    <rtept lat="28.478382" lon="83.88426">
      <ele>2698.183112</ele>
    </rtept>
    <rtept lat="28.478412" lon="83.88436">
      <ele>2700.247169</ele>
    </rtept>
    <rtept lat="28.478443" lon="83.884461">
      <ele>2701.326204</ele>
    </rtept>
    <rtept lat="28.478512" lon="83.884532">
      <ele>2702.643279</ele>
    </rtept>
    <rtept lat="28.478571" lon="83.884611">
      <ele>2703.922108</ele>
    </rtept>
    <rtept lat="28.478625" lon="83.884709">
      <ele>2702.197685</ele>
    </rtept>
    <rtept lat="28.478684" lon="83.884798">
      <ele>2701.40636</ele>
    </rtept>
    <rtept lat="28.478739" lon="83.884892">
      <ele>2701.566851</ele>
    </rtept>
    <rtept lat="28.478788" lon="83.884978">
      <ele>2701.137149</ele>
    </rtept>
    <rtept lat="28.478835" lon="83.885068">
      <ele>2699.926285</ele>
    </rtept>
    <rtept lat="28.478841" lon="83.885178">
      <ele>2700.180068</ele>
    </rtept>
    <rtept lat="28.478894" lon="83.885268">
      <ele>2697.883606</ele>
    </rtept>
    <rtept lat="28.478797" lon="83.885344">
      <ele>2709.999806</ele>
    </rtept>
    <rtept lat="28.478818" lon="83.885233">
      <ele>2717.532913</ele>
    </rtept>
    <rtept lat="28.478944" lon="83.885237">
      <ele>2702.631892</ele>
    </rtept>
    <rtept lat="28.478826" lon="83.885307">
      <ele>2710.697182</ele>
    </rtept>
    <rtept lat="28.478865" lon="83.8852">
      <ele>2700.853684</ele>
    </rtept>
    <rtept lat="28.478826" lon="83.885295">
      <ele>2689.694332</ele>
    </rtept>
    <rtept lat="28.478914" lon="83.885212">
      <ele>2691.452262</ele>
    </rtept>
    <rtept lat="28.47888" lon="83.885328">
      <ele>2696.66262</ele>
    </rtept>
    <rtept lat="28.478927" lon="83.885239">
      <ele>2697.574597</ele>
    </rtept>
    <rtept lat="28.478991" lon="83.885316">
      <ele>2702.606735</ele>
    </rtept>
    <rtept lat="28.4789" lon="83.885371">
      <ele>2702.744954</ele>
    </rtept>
    <rtept lat="28.47899" lon="83.885344">
      <ele>2704.301584</ele>
    </rtept>
    <rtept lat="28.479042" lon="83.885252">
      <ele>2706.084896</ele>
    </rtept>
    <rtept lat="28.478987" lon="83.885159">
      <ele>2708.243502</ele>
    </rtept>
    <rtept lat="28.479022" lon="83.885065">
      <ele>2708.77983</ele>
    </rtept>
    <rtept lat="28.479045" lon="83.884955">
      <ele>2708.331723</ele>
    </rtept>
    <rtept lat="28.47908" lon="83.884848">
      <ele>2710.649014</ele>
    </rtept>
    <rtept lat="28.479169" lon="83.884867">
      <ele>2714.645289</ele>
    </rtept>
    <rtept lat="28.479255" lon="83.884904">
      <ele>2720.594206</ele>
    </rtept>
    <rtept lat="28.479297" lon="83.884999">
      <ele>2723.074235</ele>
    </rtept>
    <rtept lat="28.479389" lon="83.884969">
      <ele>2725.143614</ele>
    </rtept>
    <rtept lat="28.479478" lon="83.884926">
      <ele>2731.414987</ele>
    </rtept>
    <rtept lat="28.479556" lon="83.884861">
      <ele>2735.379077</ele>
    </rtept>
    <rtept lat="28.479634" lon="83.884924">
      <ele>2745.850956</ele>
    </rtept>
    <rtept lat="28.479718" lon="83.884972">
      <ele>2752.219409</ele>
    </rtept>
    <rtept lat="28.479812" lon="83.885006">
      <ele>2763.120879</ele>
    </rtept>
    <rtept lat="28.479807" lon="83.885109">
      <ele>2766.599335</ele>
    </rtept>
    <rtept lat="28.479792" lon="83.88522">
      <ele>2766.986183</ele>
    </rtept>
    <rtept lat="28.479874" lon="83.88527">
      <ele>2765.312661</ele>
    </rtept>
    <rtept lat="28.479965" lon="83.885288">
      <ele>2766.215183</ele>
    </rtept>
    <rtept lat="28.480064" lon="83.885303">
      <ele>2767.704583</ele>
    </rtept>
    <rtept lat="28.480081" lon="83.885412">
      <ele>2767.445588</ele>
    </rtept>
    <rtept lat="28.480172" lon="83.885422">
      <ele>2768.295532</ele>
    </rtept>
    <rtept lat="28.480265" lon="83.885419">
      <ele>2772.622205</ele>
    </rtept>
    <rtept lat="28.480335" lon="83.885491">
      <ele>2779.60381</ele>
    </rtept>
    <rtept lat="28.480402" lon="83.885564">
      <ele>2780.861376</ele>
    </rtept>
    <rtept lat="28.480476" lon="83.885625">
      <ele>2778.208982</ele>
    </rtept>
    <rtept lat="28.48057" lon="83.885657">
      <ele>2777.847185</ele>
    </rtept>
    <rtept lat="28.480696" lon="83.885623">
      <ele>2779.856442</ele>
    </rtept>
    <rtept lat="28.480785" lon="83.885663">
      <ele>2787.739158</ele>
    </rtept>
    <rtept lat="28.480881" lon="83.885641">
      <ele>2792.542006</ele>
    </rtept>
    <rtept lat="28.480971" lon="83.88567">
      <ele>2798.601959</ele>
    </rtept>
    <rtept lat="28.481058" lon="83.885638">
      <ele>2806.508282</ele>
    </rtept>
    <rtept lat="28.481149" lon="83.885637">
      <ele>2810.349491</ele>
    </rtept>
    <rtept lat="28.481237" lon="83.885684">
      <ele>2815.667655</ele>
    </rtept>
    <rtept lat="28.481258" lon="83.885787">
      <ele>2816.25196</ele>
    </rtept>
    <rtept lat="28.48132" lon="83.885876">
      <ele>2813.314107</ele>
    </rtept>
    <rtept lat="28.481399" lon="83.885932">
      <ele>2811.597177</ele>
    </rtept>
    <rtept lat="28.481448" lon="83.88602">
      <ele>2808.526697</ele>
    </rtept>
    <rtept lat="28.481544" lon="83.886026">
      <ele>2811.444498</ele>
    </rtept>
    <rtept lat="28.481631" lon="83.885974">
      <ele>2815.021237</ele>
    </rtept>
    <rtept lat="28.481675" lon="83.885877">
      <ele>2825.041958</ele>
    </rtept>
    <rtept lat="28.48173" lon="83.885788">
      <ele>2831.123029</ele>
    </rtept>
    <rtept lat="28.48179" lon="83.885711">
      <ele>2832.136056</ele>
    </rtept>
    <rtept lat="28.481881" lon="83.885704">
      <ele>2832.222827</ele>
    </rtept>
    <rtept lat="28.481897" lon="83.885805">
      <ele>2832.549072</ele>
    </rtept>
    <rtept lat="28.481934" lon="83.88591">
      <ele>2833.888437</ele>
    </rtept>
    <rtept lat="28.482016" lon="83.885966">
      <ele>2833.419477</ele>
    </rtept>
    <rtept lat="28.482037" lon="83.886069">
      <ele>2834.150613</ele>
    </rtept>
    <rtept lat="28.482128" lon="83.886064">
      <ele>2832.783341</ele>
    </rtept>
    <rtept lat="28.482211" lon="83.886011">
      <ele>2832.07566</ele>
    </rtept>
    <rtept lat="28.482303" lon="83.88607">
      <ele>2828.786455</ele>
    </rtept>
    <rtept lat="28.482353" lon="83.886156">
      <ele>2828.457119</ele>
    </rtept>
    <rtept lat="28.482388" lon="83.886257">
      <ele>2835.226023</ele>
    </rtept>
    <rtept lat="28.482407" lon="83.886364">
      <ele>2838.116228</ele>
    </rtept>
    <rtept lat="28.482408" lon="83.886466">
      <ele>2838.485509</ele>
    </rtept>
    <rtept lat="28.482498" lon="83.886479">
      <ele>2835.473201</ele>
    </rtept>
    <rtept lat="28.482586" lon="83.886448">
      <ele>2838.4185</ele>
    </rtept>
    <rtept lat="28.482672" lon="83.886478">
      <ele>2840.093271</ele>
    </rtept>
    <rtept lat="28.482765" lon="83.886455">
      <ele>2840.55348</ele>
    </rtept>
    <rtept lat="28.482863" lon="83.886492">
      <ele>2842.327916</ele>
    </rtept>
    <rtept lat="28.482931" lon="83.88656">
      <ele>2842.954481</ele>
    </rtept>
    <rtept lat="28.483022" lon="83.886568">
      <ele>2843.368726</ele>
    </rtept>
    <rtept lat="28.483117" lon="83.886612">
      <ele>2845.100888</ele>
    </rtept>
    <rtept lat="28.483213" lon="83.886625">
      <ele>2847.129114</ele>
    </rtept>
    <rtept lat="28.483274" lon="83.886701">
      <ele>2846.157534</ele>
    </rtept>
    <rtept lat="28.483337" lon="83.886785">
      <ele>2843.752067</ele>
    </rtept>
    <rtept lat="28.483389" lon="83.886869">
      <ele>2844.11353</ele>
    </rtept>
    <rtept lat="28.483457" lon="83.886942">
      <ele>2841.834108</ele>
    </rtept>
    <rtept lat="28.483503" lon="83.887043">
      <ele>2840.9142</ele>
    </rtept>
    <rtept lat="28.483544" lon="83.887135">
      <ele>2839.386042</ele>
    </rtept>
    <rtept lat="28.483595" lon="83.887222">
      <ele>2836.5529</ele>
    </rtept>
    <rtept lat="28.483649" lon="83.887305">
      <ele>2829.724727</ele>
    </rtept>
    <rtept lat="28.48375" lon="83.887286">
      <ele>2831.750332</ele>
    </rtept>
    <rtept lat="28.483805" lon="83.887368">
      <ele>2836.324643</ele>
    </rtept>
    <rtept lat="28.483827" lon="83.887468">
      <ele>2838.57405</ele>
    </rtept>
    <rtept lat="28.483905" lon="83.887526">
      <ele>2839.802739</ele>
    </rtept>
    <rtept lat="28.483992" lon="83.887556">
      <ele>2839.29386</ele>
    </rtept>
    <rtept lat="28.484062" lon="83.887626">
      <ele>2842.963131</ele>
    </rtept>
    <rtept lat="28.484097" lon="83.887729">
      <ele>2845.185329</ele>
    </rtept>
    <rtept lat="28.484121" lon="83.887833">
      <ele>2843.599527</ele>
    </rtept>
    <rtept lat="28.484181" lon="83.887917">
      <ele>2842.010942</ele>
    </rtept>
    <rtept lat="28.48424" lon="83.887997">
      <ele>2841.808135</ele>
    </rtept>
    <rtept lat="28.484276" lon="83.888097">
      <ele>2839.794176</ele>
    </rtept>
    <rtept lat="28.484349" lon="83.888158">
      <ele>2840.825701</ele>
    </rtept>
    <rtept lat="28.484391" lon="83.888253">
      <ele>2841.435782</ele>
    </rtept>
    <rtept lat="28.484461" lon="83.888326">
      <ele>2842.373071</ele>
    </rtept>
    <rtept lat="28.484525" lon="83.8884">
      <ele>2845.27855</ele>
    </rtept>
    <rtept lat="28.48457" lon="83.888506">
      <ele>2844.851604</ele>
    </rtept>
  </rte>
  <rte>
    <rtept lat="28.418059" lon="83.818323">
      <ele>2218.554192</ele>
    </rtept>
    <rtept lat="28.418148" lon="83.818299">
      <ele>2213.962833</ele>
    </rtept>
    <rtept lat="28.418231" lon="83.81834">
      <ele>2207.102962</ele>
    </rtept>
    <rtept lat="28.418321" lon="83.81832">
      <ele>2202.142966</ele>
    </rtept>
    <rtept lat="28.418399" lon="83.818258">
      <ele>2199.755185</ele>
    </rtept>
    <rtept lat="28.41846" lon="83.818179">
      <ele>2198.716372</ele>
    </rtept>
    <rtept lat="28.418543" lon="83.818121">
      <ele>2197.337737</ele>
    </rtept>
    <rtept lat="28.418637" lon="83.818107">
      <ele>2194.309618</ele>
    </rtept>
    <rtept lat="28.418723" lon="83.818066">
      <ele>2190.793483</ele>
    </rtept>
    <rtept lat="28.418819" lon="83.818024">
      <ele>2187.929631</ele>
    </rtept>
    <rtept lat="28.418879" lon="83.817945">
      <ele>2185.85453</ele>
    </rtept>
    <rtept lat="28.418971" lon="83.817942">
      <ele>2183.559628</ele>
    </rtept>
    <rtept lat="28.419057" lon="83.817894">
      <ele>2180.576445</ele>
    </rtept>
    <rtept lat="28.419131" lon="83.817831">
      <ele>2179.330961</ele>
    </rtept>
    <rtept lat="28.419219" lon="83.817804">
      <ele>2177.803783</ele>
    </rtept>
    <rtept lat="28.419311" lon="83.817786">
      <ele>2175.152367</ele>
    </rtept>
    <rtept lat="28.419387" lon="83.817729">
      <ele>2173.861229</ele>
    </rtept>
    <rtept lat="28.419483" lon="83.81771">
      <ele>2170.179187</ele>
    </rtept>
    <rtept lat="28.419575" lon="83.817687">
      <ele>2168.501456</ele>
    </rtept>
    <rtept lat="28.41966" lon="83.81765">
      <ele>2166.390869</ele>
    </rtept>
    <rtept lat="28.419749" lon="83.817616">
      <ele>2163.032789</ele>
    </rtept>
    <rtept lat="28.419844" lon="83.817621">
      <ele>2160.850731</ele>
    </rtept>
    <rtept lat="28.419935" lon="83.817609">
      <ele>2158.861987</ele>
    </rtept>
    <rtept lat="28.420015" lon="83.817658">
      <ele>2158.439419</ele>
    </rtept>
    <rtept lat="28.42011" lon="83.817664">
      <ele>2154.97841</ele>
    </rtept>
    <rtept lat="28.420199" lon="83.817638">
      <ele>2150.541347</ele>
    </rtept>
    <rtept lat="28.420293" lon="83.817625">
      <ele>2148.742666</ele>
    </rtept>
    <rtept lat="28.420389" lon="83.817611">
      <ele>2148.436012</ele>
    </rtept>
    <rtept lat="28.420479" lon="83.817592">
      <ele>2148.324597</ele>
    </rtept>
    <rtept lat="28.420578" lon="83.817575">
      <ele>2145.945285</ele>
    </rtept>
    <rtept lat="28.420661" lon="83.817523">
      <ele>2143.8852</ele>
    </rtept>
    <rtept lat="28.420748" lon="83.817493">
      <ele>2140.856333</ele>
    </rtept>
    <rtept lat="28.420821" lon="83.817565">
      <ele>2135.905007</ele>
    </rtept>
    <rtept lat="28.420866" lon="83.817659">
      <ele>2131.506425</ele>
    </rtept>
    <rtept lat="28.42095" lon="83.817615">
      <ele>2129.673379</ele>
    </rtept>
    <rtept lat="28.420976" lon="83.817513">
      <ele>2126.856203</ele>
    </rtept>
    <rtept lat="28.42101" lon="83.817415">
      <ele>2124.050872</ele>
    </rtept>
    <rtept lat="28.4211" lon="83.817389">
      <ele>2114.159395</ele>
    </rtept>
    <rtept lat="28.421188" lon="83.817356">
      <ele>2112.600542</ele>
    </rtept>
    <rtept lat="28.421265" lon="83.81729">
      <ele>2109.408175</ele>
    </rtept>
    <rtept lat="28.421347" lon="83.817243">
      <ele>2104.894524</ele>
    </rtept>
    <rtept lat="28.421434" lon="83.817203">
      <ele>2099.746254</ele>
    </rtept>
    <rtept lat="28.421521" lon="83.817169">
      <ele>2097.324319</ele>
    </rtept>
    <rtept lat="28.421609" lon="83.81714">
      <ele>2093.934648</ele>
    </rtept>
    <rtept lat="28.421684" lon="83.81708">
      <ele>2088.999966</ele>
    </rtept>
    <rtept lat="28.421778" lon="83.817058">
      <ele>2090.437259</ele>
    </rtept>
    <rtept lat="28.421865" lon="83.817109">
      <ele>2089.388245</ele>
    </rtept>
    <rtept lat="28.421944" lon="83.817173">
      <ele>2084.643779</ele>
    </rtept>
    <rtept lat="28.422003" lon="83.817252">
      <ele>2078.591131</ele>
    </rtept>
    <rtept lat="28.422066" lon="83.81733">
      <ele>2071.427693</ele>
    </rtept>
    <rtept lat="28.422145" lon="83.817386">
      <ele>2068.665938</ele>
    </rtept>
    <rtept lat="28.422231" lon="83.817429">
      <ele>2064.406175</ele>
    </rtept>
    <rtept lat="28.422319" lon="83.817469">
      <ele>2062.82788</ele>
    </rtept>
    <rtept lat="28.422405" lon="83.8175">
      <ele>2059.488899</ele>
    </rtept>
    <rtept lat="28.422489" lon="83.817545">
      <ele>2057.192535</ele>
    </rtept>
    <rtept lat="28.422564" lon="83.817603">
      <ele>2054.791529</ele>
    </rtept>
    <rtept lat="28.42264" lon="83.817664">
      <ele>2049.635577</ele>
    </rtept>
    <rtept lat="28.422724" lon="83.81771">
      <ele>2046.288668</ele>
    </rtept>
    <rtept lat="28.422815" lon="83.817728">
      <ele>2041.63989</ele>
    </rtept>
    <rtept lat="28.42291" lon="83.817721">
      <ele>2037.067583</ele>
    </rtept>
    <rtept lat="28.423" lon="83.817727">
      <ele>2034.143828</ele>
    </rtept>
    <rtept lat="28.423094" lon="83.817733">
      <ele>2029.703299</ele>
    </rtept>
    <rtept lat="28.423185" lon="83.817765">
      <ele>2024.464734</ele>
    </rtept>
    <rtept lat="28.423273" lon="83.817729">
      <ele>2021.393723</ele>
    </rtept>
    <rtept lat="28.423361" lon="83.817703">
      <ele>2020.849748</ele>
    </rtept>
    <rtept lat="28.423433" lon="83.817776">
      <ele>2022.562615</ele>
    </rtept>
    <rtept lat="28.423518" lon="83.817855">
      <ele>2021.507369</ele>
    </rtept>
    <rtept lat="28.423602" lon="83.817977">
      <ele>2018.247067</ele>
    </rtept>
    <rtept lat="28.423695" lon="83.817998">
      <ele>2018.015282</ele>
    </rtept>
    <rtept lat="28.423786" lon="83.818026">
      <ele>2018.942892</ele>
    </rtept>
    <rtept lat="28.423875" lon="83.818052">
      <ele>2016.709749</ele>
    </rtept>
    <rtept lat="28.423921" lon="83.818145">
      <ele>2016.057654</ele>
    </rtept>
    <rtept lat="28.424005" lon="83.818191">
      <ele>2013.942014</ele>
    </rtept>
    <rtept lat="28.424106" lon="83.818202">
      <ele>2012.30994</ele>
    </rtept>
    <rtept lat="28.424196" lon="83.818188">
      <ele>2011.974875</ele>
    </rtept>
    <rtept lat="28.424284" lon="83.818165">
      <ele>2010.745369</ele>
    </rtept>
    <rtept lat="28.424376" lon="83.818163">
      <ele>2009.994001</ele>
    </rtept>
    <rtept lat="28.424459" lon="83.818223">
      <ele>2008.651491</ele>
    </rtept>
    <rtept lat="28.424512" lon="83.81831">
      <ele>2006.239417</ele>
    </rtept>
    <rtept lat="28.424591" lon="83.818375">
      <ele>2002.418668</ele>
    </rtept>
    <rtept lat="28.424647" lon="83.818457">
      <ele>1999.693032</ele>
    </rtept>
    <rtept lat="28.42467" lon="83.818567">
      <ele>1997.921075</ele>
    </rtept>
    <rtept lat="28.424735" lon="83.818638">
      <ele>1991.183127</ele>
    </rtept>
    <rtept lat="28.424819" lon="83.818683">
      <ele>1988.044456</ele>
    </rtept>
    <rtept lat="28.424919" lon="83.818691">
      <ele>1985.817989</ele>
    </rtept>
    <rtept lat="28.42501" lon="83.818701">
      <ele>1984.883271</ele>
    </rtept>
    <rtept lat="28.425059" lon="83.818792">
      <ele>1982.208677</ele>
    </rtept>
    <rtept lat="28.425137" lon="83.818848">
      <ele>1980.287044</ele>
    </rtept>
    <rtept lat="28.425225" lon="83.818879">
      <ele>1977.820008</ele>
    </rtept>
    <rtept lat="28.425316" lon="83.818926">
      <ele>1972.324488</ele>
    </rtept>
    <rtept lat="28.425402" lon="83.818968">
      <ele>1970.561078</ele>
    </rtept>
    <rtept lat="28.425482" lon="83.81902">
      <ele>1969.674657</ele>
    </rtept>
    <rtept lat="28.425549" lon="83.819097">
      <ele>1967.943959</ele>
    </rtept>
    <rtept lat="28.425632" lon="83.819144">
      <ele>1967.572715</ele>
    </rtept>
    <rtept lat="28.425704" lon="83.819209">
      <ele>1967.48251</ele>
    </rtept>
    <rtept lat="28.425802" lon="83.819193">
      <ele>1966.389031</ele>
    </rtept>
    <rtept lat="28.425883" lon="83.819133">
      <ele>1966.695013</ele>
    </rtept>
    <rtept lat="28.425973" lon="83.819107">
      <ele>1968.181783</ele>
    </rtept>
    <rtept lat="28.42604" lon="83.819183">
      <ele>1967.190752</ele>
    </rtept>
    <rtept lat="28.426105" lon="83.819265">
      <ele>1965.934472</ele>
    </rtept>
    <rtept lat="28.426204" lon="83.819281">
      <ele>1965.209712</ele>
    </rtept>
    <rtept lat="28.426287" lon="83.819328">
      <ele>1964.545347</ele>
    </rtept>
    <rtept lat="28.426343" lon="83.819411">
      <ele>1964.437229</ele>
    </rtept>
    <rtept lat="28.426411" lon="83.819481">
      <ele>1963.936088</ele>
    </rtept>
    <rtept lat="28.426457" lon="83.819574">
      <ele>1964.259407</ele>
    </rtept>
    <rtept lat="28.426549" lon="83.819533">
      <ele>1962.48634</ele>
    </rtept>
    <rtept lat="28.426624" lon="83.819599">
      <ele>1961.916876</ele>
    </rtept>
    <rtept lat="28.426663" lon="83.819697">
      <ele>1961.425922</ele>
    </rtept>
    <rtept lat="28.426719" lon="83.819795">
      <ele>1959.579362</ele>
    </rtept>
    <rtept lat="28.42679" lon="83.819864">
      <ele>1957.130003</ele>
    </rtept>
    <rtept lat="28.426794" lon="83.819967">
      <ele>1949.156506</ele>
    </rtept>
    <rtept lat="28.426861" lon="83.82004">
      <ele>1946.758655</ele>
    </rtept>
    <rtept lat="28.426924" lon="83.820119">
      <ele>1943.983255</ele>
    </rtept>
    <rtept lat="28.426984" lon="83.820199">
      <ele>1941.878531</ele>
    </rtept>
    <rtept lat="28.427059" lon="83.820269">
      <ele>1940.098794</ele>
    </rtept>
    <rtept lat="28.427151" lon="83.820318">
      <ele>1939.058201</ele>
    </rtept>
    <rtept lat="28.427231" lon="83.820381">
      <ele>1939.971885</ele>
    </rtept>
    <rtept lat="28.427311" lon="83.820439">
      <ele>1940.837792</ele>
    </rtept>
    <rtept lat="28.427348" lon="83.820534">
      <ele>1941.929942</ele>
    </rtept>
    <rtept lat="28.4274" lon="83.820622">
      <ele>1941.429462</ele>
    </rtept>
    <rtept lat="28.427402" lon="83.820727">
      <ele>1932.533444</ele>
    </rtept>
    <rtept lat="28.427391" lon="83.82083">
      <ele>1926.212657</ele>
    </rtept>
    <rtept lat="28.427489" lon="83.820822">
      <ele>1921.957271</ele>
    </rtept>
    <rtept lat="28.427579" lon="83.820843">
      <ele>1917.315802</ele>
    </rtept>
    <rtept lat="28.427567" lon="83.820945">
      <ele>1914.651582</ele>
    </rtept>
    <rtept lat="28.427571" lon="83.821048">
      <ele>1909.34132</ele>
    </rtept>
    <rtept lat="28.427656" lon="83.821088">
      <ele>1901.633813</ele>
    </rtept>
    <rtept lat="28.427696" lon="83.821181">
      <ele>1900.188343</ele>
    </rtept>
    <rtept lat="28.427786" lon="83.821134">
      <ele>1899.591252</ele>
    </rtept>
    <rtept lat="28.427849" lon="83.821059">
      <ele>1898.64348</ele>
    </rtept>
    <rtept lat="28.427858" lon="83.821172">
      <ele>1897.338007</ele>
    </rtept>
    <rtept lat="28.427909" lon="83.821258">
      <ele>1893.901085</ele>
    </rtept>
    <rtept lat="28.427949" lon="83.821362">
      <ele>1891.751832</ele>
    </rtept>
    <rtept lat="28.427997" lon="83.821451">
      <ele>1888.981778</ele>
    </rtept>
    <rtept lat="28.42806" lon="83.821531">
      <ele>1886.866644</ele>
    </rtept>
    <rtept lat="28.428113" lon="83.821624">
      <ele>1883.863737</ele>
    </rtept>
    <rtept lat="28.428164" lon="83.821717">
      <ele>1881.981978</ele>
    </rtept>
    <rtept lat="28.428215" lon="83.821806">
      <ele>1882.054472</ele>
    </rtept>
    <rtept lat="28.428162" lon="83.821899">
      <ele>1880.557005</ele>
    </rtept>
    <rtept lat="28.428175" lon="83.822001">
      <ele>1879.567487</ele>
    </rtept>
    <rtept lat="28.42818" lon="83.822114">
      <ele>1880.336226</ele>
    </rtept>
    <rtept lat="28.428159" lon="83.822223">
      <ele>1882.297869</ele>
    </rtept>
    <rtept lat="28.428181" lon="83.822327">
      <ele>1886.927545</ele>
    </rtept>
    <rtept lat="28.428235" lon="83.822412">
      <ele>1891.458173</ele>
    </rtept>
    <rtept lat="28.428283" lon="83.8225">
      <ele>1897.078747</ele>
    </rtept>
    <rtept lat="28.428302" lon="83.822603">
      <ele>1901.880697</ele>
    </rtept>
    <rtept lat="28.428335" lon="83.822698">
      <ele>1904.967403</ele>
    </rtept>
    <rtept lat="28.428383" lon="83.822785">
      <ele>1907.630174</ele>
    </rtept>
    <rtept lat="28.428347" lon="83.822882">
      <ele>1911.205496</ele>
    </rtept>
    <rtept lat="28.428279" lon="83.822954">
      <ele>1913.704128</ele>
    </rtept>
    <rtept lat="28.428219" lon="83.82303">
      <ele>1915.471074</ele>
    </rtept>
    <rtept lat="28.42818" lon="83.823124">
      <ele>1917.440839</ele>
    </rtept>
    <rtept lat="28.428136" lon="83.823215">
      <ele>1920.906759</ele>
    </rtept>
    <rtept lat="28.428163" lon="83.823312">
      <ele>1923.794062</ele>
    </rtept>
    <rtept lat="28.428133" lon="83.823415">
      <ele>1929.599615</ele>
    </rtept>
    <rtept lat="28.428129" lon="83.823517">
      <ele>1937.329996</ele>
    </rtept>
    <rtept lat="28.428212" lon="83.823573">
      <ele>1941.968095</ele>
    </rtept>
    <rtept lat="28.428287" lon="83.823632">
      <ele>1945.551085</ele>
    </rtept>
    <rtept lat="28.428208" lon="83.823687">
      <ele>1947.818836</ele>
    </rtept>
    <rtept lat="28.428155" lon="83.823774">
      <ele>1949.340965</ele>
    </rtept>
    <rtept lat="28.428246" lon="83.82381">
      <ele>1950.507736</ele>
    </rtept>
    <rtept lat="28.428259" lon="83.823917">
      <ele>1958.676389</ele>
    </rtept>
    <rtept lat="28.428308" lon="83.824018">
      <ele>1959.521936</ele>
    </rtept>
    <rtept lat="28.428377" lon="83.823952">
      <ele>1962.36575</ele>
    </rtept>
    <rtept lat="28.428363" lon="83.82406">
      <ele>1978.401491</ele>
    </rtept>
    <rtept lat="28.428354" lon="83.824162">
      <ele>1982.437188</ele>
    </rtept>
    <rtept lat="28.428368" lon="83.824264">
      <ele>1985.869793</ele>
    </rtept>
    <rtept lat="28.428298" lon="83.824333">
      <ele>1987.136053</ele>
    </rtept>
    <rtept lat="28.428237" lon="83.824414">
      <ele>1985.375698</ele>
    </rtept>
    <rtept lat="28.428144" lon="83.824423">
      <ele>1984.513801</ele>
    </rtept>
    <rtept lat="28.428071" lon="83.824494">
      <ele>1982.674669</ele>
    </rtept>
    <rtept lat="28.428056" lon="83.824597">
      <ele>1981.969713</ele>
    </rtept>
    <rtept lat="28.428072" lon="83.824701">
      <ele>1986.093024</ele>
    </rtept>
    <rtept lat="28.428102" lon="83.824799">
      <ele>1992.135931</ele>
    </rtept>
    <rtept lat="28.428082" lon="83.8249">
      <ele>1994.541077</ele>
    </rtept>
    <rtept lat="28.428079" lon="83.825008">
      <ele>1997.416224</ele>
    </rtept>
    <rtept lat="28.428099" lon="83.825115">
      <ele>2000.595917</ele>
    </rtept>
    <rtept lat="28.4281" lon="83.825222">
      <ele>2003.539856</ele>
    </rtept>
    <rtept lat="28.428106" lon="83.825325">
      <ele>2004.295017</ele>
    </rtept>
    <rtept lat="28.428124" lon="83.825426">
      <ele>2006.343893</ele>
    </rtept>
    <rtept lat="28.428153" lon="83.825522">
      <ele>2008.540683</ele>
    </rtept>
    <rtept lat="28.428162" lon="83.825632">
      <ele>2009.581142</ele>
    </rtept>
    <rtept lat="28.428185" lon="83.825736">
      <ele>2011.140312</ele>
    </rtept>
    <rtept lat="28.428223" lon="83.825837">
      <ele>2014.00023</ele>
    </rtept>
    <rtept lat="28.428215" lon="83.825941">
      <ele>2013.647858</ele>
    </rtept>
    <rtept lat="28.42827" lon="83.826025">
      <ele>2015.891697</ele>
    </rtept>
    <rtept lat="28.428292" lon="83.826132">
      <ele>2018.01273</ele>
    </rtept>
    <rtept lat="28.42829" lon="83.826242">
      <ele>2018.165365</ele>
    </rtept>
    <rtept lat="28.428281" lon="83.82635">
      <ele>2015.397492</ele>
    </rtept>
    <rtept lat="28.428343" lon="83.826425">
      <ele>2011.190859</ele>
    </rtept>
    <rtept lat="28.428439" lon="83.826424">
      <ele>2012.904879</ele>
    </rtept>
    <rtept lat="28.428534" lon="83.826387">
      <ele>2013.798589</ele>
    </rtept>
    <rtept lat="28.428618" lon="83.826338">
      <ele>2015.622339</ele>
    </rtept>
    <rtept lat="28.428711" lon="83.826353">
      <ele>2016.094307</ele>
    </rtept>
    <rtept lat="28.428773" lon="83.826429">
      <ele>2015.17543</ele>
    </rtept>
    <rtept lat="28.428837" lon="83.826504">
      <ele>2014.715298</ele>
    </rtept>
    <rtept lat="28.428913" lon="83.826565">
      <ele>2017.136458</ele>
    </rtept>
    <rtept lat="28.428946" lon="83.826669">
      <ele>2017.113596</ele>
    </rtept>
    <rtept lat="28.42897" lon="83.826772">
      <ele>2018.359032</ele>
    </rtept>
    <rtept lat="28.429015" lon="83.826862">
      <ele>2018.434259</ele>
    </rtept>
    <rtept lat="28.429092" lon="83.826915">
      <ele>2018.399308</ele>
    </rtept>
    <rtept lat="28.429119" lon="83.827017">
      <ele>2025.062038</ele>
    </rtept>
    <rtept lat="28.429137" lon="83.827117">
      <ele>2029.652244</ele>
    </rtept>
    <rtept lat="28.429151" lon="83.827226">
      <ele>2031.875741</ele>
    </rtept>
    <rtept lat="28.429147" lon="83.82733">
      <ele>2032.529634</ele>
    </rtept>
    <rtept lat="28.429115" lon="83.827429">
      <ele>2031.940648</ele>
    </rtept>
    <rtept lat="28.429102" lon="83.827532">
      <ele>2032.548521</ele>
    </rtept>
    <rtept lat="28.429072" lon="83.827631">
      <ele>2032.68261</ele>
    </rtept>
    <rtept lat="28.429019" lon="83.827723">
      <ele>2033.01836</ele>
    </rtept>
    <rtept lat="28.428956" lon="83.827804">
      <ele>2033.844516</ele>
    </rtept>
    <rtept lat="28.428868" lon="83.827858">
      <ele>2033.137425</ele>
    </rtept>
    <rtept lat="28.4288" lon="83.827937">
      <ele>2032.774135</ele>
    </rtept>
    <rtept lat="28.42875" lon="83.828026">
      <ele>2032.721102</ele>
    </rtept>
    <rtept lat="28.428688" lon="83.828106">
      <ele>2034.317818</ele>
    </rtept>
    <rtept lat="28.428621" lon="83.828182">
      <ele>2036.629211</ele>
    </rtept>
    <rtept lat="28.428569" lon="83.82827">
      <ele>2039.179502</ele>
    </rtept>
    <rtept lat="28.428515" lon="83.828358">
      <ele>2041.753988</ele>
    </rtept>
    <rtept lat="28.428452" lon="83.82844">
      <ele>2043.18332</ele>
    </rtept>
    <rtept lat="28.428413" lon="83.828535">
      <ele>2045.44969</ele>
    </rtept>
    <rtept lat="28.428396" lon="83.82864">
      <ele>2049.012105</ele>
    </rtept>
    <rtept lat="28.428329" lon="83.828713">
      <ele>2056.426714</ele>
    </rtept>
    <rtept lat="28.428422" lon="83.828734">
      <ele>2060.675185</ele>
    </rtept>
    <rtept lat="28.428376" lon="83.828825">
      <ele>2061.631802</ele>
    </rtept>
    <rtept lat="28.428312" lon="83.828912">
      <ele>2065.878027</ele>
    </rtept>
    <rtept lat="28.428237" lon="83.828976">
      <ele>2064.925661</ele>
    </rtept>
    <rtept lat="28.428204" lon="83.829078">
      <ele>2062.767273</ele>
    </rtept>
    <rtept lat="28.428193" lon="83.829186">
      <ele>2062.065849</ele>
    </rtept>
    <rtept lat="28.428185" lon="83.829291">
      <ele>2065.391681</ele>
    </rtept>
    <rtept lat="28.428133" lon="83.829377">
      <ele>2066.13425</ele>
    </rtept>
    <rtept lat="28.428089" lon="83.829475">
      <ele>2067.688132</ele>
    </rtept>
    <rtept lat="28.42806" lon="83.829576">
      <ele>2068.742863</ele>
    </rtept>
    <rtept lat="28.428032" lon="83.829674">
      <ele>2067.335396</ele>
    </rtept>
    <rtept lat="28.428046" lon="83.829774">
      <ele>2068.907863</ele>
    </rtept>
    <rtept lat="28.427996" lon="83.829866">
      <ele>2072.408182</ele>
    </rtept>
    <rtept lat="28.427959" lon="83.829966">
      <ele>2072.391025</ele>
    </rtept>
    <rtept lat="28.427967" lon="83.830073">
      <ele>2074.40902</ele>
    </rtept>
    <rtept lat="28.428043" lon="83.830133">
      <ele>2082.260126</ele>
    </rtept>
    <rtept lat="28.428122" lon="83.830184">
      <ele>2085.412328</ele>
    </rtept>
    <rtept lat="28.428214" lon="83.830189">
      <ele>2086.379996</ele>
    </rtept>
    <rtept lat="28.428305" lon="83.830227">
      <ele>2086.698647</ele>
    </rtept>
    <rtept lat="28.428398" lon="83.830262">
      <ele>2085.945274</ele>
    </rtept>
    <rtept lat="28.428489" lon="83.830259">
      <ele>2086.460944</ele>
    </rtept>
    <rtept lat="28.428577" lon="83.830293">
      <ele>2091.07514</ele>
    </rtept>
    <rtept lat="28.42865" lon="83.830358">
      <ele>2095.096492</ele>
    </rtept>
    <rtept lat="28.428743" lon="83.830361">
      <ele>2100.869024</ele>
    </rtept>
    <rtept lat="28.428788" lon="83.830451">
      <ele>2102.39254</ele>
    </rtept>
    <rtept lat="28.428864" lon="83.830509">
      <ele>2102.365714</ele>
    </rtept>
    <rtept lat="28.428949" lon="83.83055">
      <ele>2104.160577</ele>
    </rtept>
    <rtept lat="28.429043" lon="83.83056">
      <ele>2108.442732</ele>
    </rtept>
    <rtept lat="28.429138" lon="83.83055">
      <ele>2110.586312</ele>
    </rtept>
    <rtept lat="28.429225" lon="83.830585">
      <ele>2113.961824</ele>
    </rtept>
    <rtept lat="28.4293" lon="83.830652">
      <ele>2115.26623</ele>
    </rtept>
    <rtept lat="28.429376" lon="83.830711">
      <ele>2116.590644</ele>
    </rtept>
    <rtept lat="28.429457" lon="83.830757">
      <ele>2117.828204</ele>
    </rtept>
    <rtept lat="28.42954" lon="83.830803">
      <ele>2120.06624</ele>
    </rtept>
    <rtept lat="28.429624" lon="83.830845">
      <ele>2123.227322</ele>
    </rtept>
    <rtept lat="28.429709" lon="83.830884">
      <ele>2124.668649</ele>
    </rtept>
    <rtept lat="28.429799" lon="83.830896">
      <ele>2124.634481</ele>
    </rtept>
    <rtept lat="28.429887" lon="83.830924">
      <ele>2126.917682</ele>
    </rtept>
    <rtept lat="28.429977" lon="83.83094">
      <ele>2128.553839</ele>
    </rtept>
    <rtept lat="28.430053" lon="83.830883">
      <ele>2132.725032</ele>
    </rtept>
    <rtept lat="28.430106" lon="83.830976">
      <ele>2132.985342</ele>
    </rtept>
    <rtept lat="28.430148" lon="83.831075">
      <ele>2132.630804</ele>
    </rtept>
    <rtept lat="28.430215" lon="83.831151">
      <ele>2131.799865</ele>
    </rtept>
    <rtept lat="28.430307" lon="83.831199">
      <ele>2133.217743</ele>
    </rtept>
    <rtept lat="28.43038" lon="83.83126">
      <ele>2134.825674</ele>
    </rtept>
    <rtept lat="28.430445" lon="83.831339">
      <ele>2135.238713</ele>
    </rtept>
    <rtept lat="28.430509" lon="83.831411">
      <ele>2137.603054</ele>
    </rtept>
    <rtept lat="28.430579" lon="83.83148">
      <ele>2143.867526</ele>
    </rtept>
    <rtept lat="28.430644" lon="83.83156">
      <ele>2144.924877</ele>
    </rtept>
    <rtept lat="28.430712" lon="83.831635">
      <ele>2147.266739</ele>
    </rtept>
    <rtept lat="28.430788" lon="83.831702">
      <ele>2147.505286</ele>
    </rtept>
    <rtept lat="28.430856" lon="83.831776">
      <ele>2147.209489</ele>
    </rtept>
    <rtept lat="28.430924" lon="83.831843">
      <ele>2150.44008</ele>
    </rtept>
    <rtept lat="28.431001" lon="83.831899">
      <ele>2154.881333</ele>
    </rtept>
    <rtept lat="28.431081" lon="83.831951">
      <ele>2158.504719</ele>
    </rtept>
    <rtept lat="28.431135" lon="83.83204">
      <ele>2161.739745</ele>
    </rtept>
    <rtept lat="28.431205" lon="83.832121">
      <ele>2163.18611</ele>
    </rtept>
    <rtept lat="28.431278" lon="83.832192">
      <ele>2163.796434</ele>
    </rtept>
    <rtept lat="28.431358" lon="83.832241">
      <ele>2163.37993</ele>
    </rtept>
    <rtept lat="28.431406" lon="83.832328">
      <ele>2163.796853</ele>
    </rtept>
    <rtept lat="28.431486" lon="83.832386">
      <ele>2164.203204</ele>
    </rtept>
    <rtept lat="28.43157" lon="83.832446">
      <ele>2166.10897</ele>
    </rtept>
    <rtept lat="28.431639" lon="83.832512">
      <ele>2167.888987</ele>
    </rtept>
    <rtept lat="28.431721" lon="83.832563">
      <ele>2169.495282</ele>
    </rtept>
    <rtept lat="28.431812" lon="83.832606">
      <ele>2170.299329</ele>
    </rtept>
    <rtept lat="28.431847" lon="83.832703">
      <ele>2177.370806</ele>
    </rtept>
    <rtept lat="28.43187" lon="83.832803">
      <ele>2177.388784</ele>
    </rtept>
    <rtept lat="28.431903" lon="83.832908">
      <ele>2181.115895</ele>
    </rtept>
    <rtept lat="28.431972" lon="83.83298">
      <ele>2184.331919</ele>
    </rtept>
    <rtept lat="28.431987" lon="83.833085">
      <ele>2184.435201</ele>
    </rtept>
    <rtept lat="28.432023" lon="83.833187">
      <ele>2185.086477</ele>
    </rtept>
    <rtept lat="28.432084" lon="83.83327">
      <ele>2188.635288</ele>
    </rtept>
    <rtept lat="28.432127" lon="83.833369">
      <ele>2189.59603</ele>
    </rtept>
    <rtept lat="28.432155" lon="83.83347">
      <ele>2190.348699</ele>
    </rtept>
    <rtept lat="28.432186" lon="83.833567">
      <ele>2190.83903</ele>
    </rtept>
    <rtept lat="28.432214" lon="83.83367">
      <ele>2193.584546</ele>
    </rtept>
    <rtept lat="28.432255" lon="83.833765">
      <ele>2195.469327</ele>
    </rtept>
    <rtept lat="28.432284" lon="83.833863">
      <ele>2194.778591</ele>
    </rtept>
    <rtept lat="28.432309" lon="83.833971">
      <ele>2193.315984</ele>
    </rtept>
    <rtept lat="28.432321" lon="83.834074">
      <ele>2193.918775</ele>
    </rtept>
    <rtept lat="28.43235" lon="83.834175">
      <ele>2195.508817</ele>
    </rtept>
    <rtept lat="28.432377" lon="83.834278">
      <ele>2196.258298</ele>
    </rtept>
    <rtept lat="28.432348" lon="83.834375">
      <ele>2197.790739</ele>
    </rtept>
    <rtept lat="28.432345" lon="83.834486">
      <ele>2198.251948</ele>
    </rtept>
    <rtept lat="28.432349" lon="83.83459">
      <ele>2199.418226</ele>
    </rtept>
    <rtept lat="28.432391" lon="83.834683">
      <ele>2200.257026</ele>
    </rtept>
    <rtept lat="28.432447" lon="83.834764">
      <ele>2208.227648</ele>
    </rtept>
    <rtept lat="28.432518" lon="83.834834">
      <ele>2208.94004</ele>
    </rtept>
    <rtept lat="28.432542" lon="83.834933">
      <ele>2210.239362</ele>
    </rtept>
    <rtept lat="28.43259" lon="83.834845">
      <ele>2209.782734</ele>
    </rtept>
    <rtept lat="28.432603" lon="83.83474">
      <ele>2211.861823</ele>
    </rtept>
    <rtept lat="28.432571" lon="83.834635">
      <ele>2216.6002</ele>
    </rtept>
    <rtept lat="28.432635" lon="83.834717">
      <ele>2220.987328</ele>
    </rtept>
    <rtept lat="28.432686" lon="83.834809">
      <ele>2222.454114</ele>
    </rtept>
    <rtept lat="28.432756" lon="83.834881">
      <ele>2222.937098</ele>
    </rtept>
    <rtept lat="28.432835" lon="83.834934">
      <ele>2223.451872</ele>
    </rtept>
    <rtept lat="28.432872" lon="83.835029">
      <ele>2225.650208</ele>
    </rtept>
    <rtept lat="28.432927" lon="83.835114">
      <ele>2227.388139</ele>
    </rtept>
    <rtept lat="28.432977" lon="83.835201">
      <ele>2229.60954</ele>
    </rtept>
    <rtept lat="28.43304" lon="83.835277">
      <ele>2232.016419</ele>
    </rtept>
    <rtept lat="28.433118" lon="83.835333">
      <ele>2234.285444</ele>
    </rtept>
    <rtept lat="28.433172" lon="83.835419">
      <ele>2238.387388</ele>
    </rtept>
    <rtept lat="28.433235" lon="83.835495">
      <ele>2243.291779</ele>
    </rtept>
    <rtept lat="28.433253" lon="83.835598">
      <ele>2244.618133</ele>
    </rtept>
    <rtept lat="28.433262" lon="83.835701">
      <ele>2245.926484</ele>
    </rtept>
    <rtept lat="28.433353" lon="83.835695">
      <ele>2251.794445</ele>
    </rtept>
    <rtept lat="28.433401" lon="83.835783">
      <ele>2256.122552</ele>
    </rtept>
    <rtept lat="28.433472" lon="83.835848">
      <ele>2259.953293</ele>
    </rtept>
    <rtept lat="28.433548" lon="83.83591">
      <ele>2264.121427</ele>
    </rtept>
    <rtept lat="28.433627" lon="83.835962">
      <ele>2263.888037</ele>
    </rtept>
    <rtept lat="28.433673" lon="83.836061">
      <ele>2270.157758</ele>
    </rtept>
    <rtept lat="28.433713" lon="83.836155">
      <ele>2275.36635</ele>
    </rtept>
    <rtept lat="28.433785" lon="83.836219">
      <ele>2280.868742</ele>
    </rtept>
    <rtept lat="28.433826" lon="83.836313">
      <ele>2284.403683</ele>
    </rtept>
    <rtept lat="28.4339" lon="83.836382">
      <ele>2295.231147</ele>
    </rtept>
    <rtept lat="28.433949" lon="83.836473">
      <ele>2299.963681</ele>
    </rtept>
    <rtept lat="28.434007" lon="83.836561">
      <ele>2302.811263</ele>
    </rtept>
    <rtept lat="28.434065" lon="83.836644">
      <ele>2306.176232</ele>
    </rtept>
    <rtept lat="28.434083" lon="83.836744">
      <ele>2311.06239</ele>
    </rtept>
    <rtept lat="28.434075" lon="83.836848">
      <ele>2310.916821</ele>
    </rtept>
    <rtept lat="28.434093" lon="83.83695">
      <ele>2310.582303</ele>
    </rtept>
    <rtept lat="28.434129" lon="83.837047">
      <ele>2307.761465</ele>
    </rtept>
    <rtept lat="28.434193" lon="83.837121">
      <ele>2309.450515</ele>
    </rtept>
    <rtept lat="28.43427" lon="83.837174">
      <ele>2310.614851</ele>
    </rtept>
    <rtept lat="28.434328" lon="83.837254">
      <ele>2312.668365</ele>
    </rtept>
    <rtept lat="28.434383" lon="83.837341">
      <ele>2314.894346</ele>
    </rtept>
    <rtept lat="28.434421" lon="83.837436">
      <ele>2317.349225</ele>
    </rtept>
    <rtept lat="28.434463" lon="83.837529">
      <ele>2318.030262</ele>
    </rtept>
    <rtept lat="28.434494" lon="83.83763">
      <ele>2320.663542</ele>
    </rtept>
    <rtept lat="28.4345" lon="83.837741">
      <ele>2324.356572</ele>
    </rtept>
    <rtept lat="28.434519" lon="83.837843">
      <ele>2326.945157</ele>
    </rtept>
    <rtept lat="28.434534" lon="83.837952">
      <ele>2330.711768</ele>
    </rtept>
    <rtept lat="28.43454" lon="83.838056">
      <ele>2330.457091</ele>
    </rtept>
    <rtept lat="28.434569" lon="83.838154">
      <ele>2330.468752</ele>
    </rtept>
    <rtept lat="28.434632" lon="83.838227">
      <ele>2335.835222</ele>
    </rtept>
    <rtept lat="28.434663" lon="83.838323">
      <ele>2345.071419</ele>
    </rtept>
    <rtept lat="28.434751" lon="83.838359">
      <ele>2345.670436</ele>
    </rtept>
    <rtept lat="28.434842" lon="83.838392">
      <ele>2345.013802</ele>
    </rtept>
    <rtept lat="28.434935" lon="83.838384">
      <ele>2343.296194</ele>
    </rtept>
    <rtept lat="28.435024" lon="83.838407">
      <ele>2347.477313</ele>
    </rtept>
    <rtept lat="28.435111" lon="83.838446">
      <ele>2343.787955</ele>
    </rtept>
    <rtept lat="28.435203" lon="83.838419">
      <ele>2343.76625</ele>
    </rtept>
    <rtept lat="28.435288" lon="83.838463">
      <ele>2342.969804</ele>
    </rtept>
    <rtept lat="28.435379" lon="83.838457">
      <ele>2342.104917</ele>
    </rtept>
    <rtept lat="28.435456" lon="83.838405">
      <ele>2343.038807</ele>
    </rtept>
    <rtept lat="28.435563" lon="83.83842">
      <ele>2342.894306</ele>
    </rtept>
    <rtept lat="28.435667" lon="83.838428">
      <ele>2343.997963</ele>
    </rtept>
    <rtept lat="28.435767" lon="83.838413">
      <ele>2343.36738</ele>
    </rtept>
    <rtept lat="28.435874" lon="83.838429">
      <ele>2347.135494</ele>
    </rtept>
    <rtept lat="28.435963" lon="83.838472">
      <ele>2348.056935</ele>
    </rtept>
    <rtept lat="28.436059" lon="83.838459">
      <ele>2349.831081</ele>
    </rtept>
    <rtept lat="28.436149" lon="83.838488">
      <ele>2350.534747</ele>
    </rtept>
    <rtept lat="28.436235" lon="83.838526">
      <ele>2351.228684</ele>
    </rtept>
    <rtept lat="28.436328" lon="83.83852">
      <ele>2352.300397</ele>
    </rtept>
    <rtept lat="28.43641" lon="83.838575">
      <ele>2351.873475</ele>
    </rtept>
    <rtept lat="28.436475" lon="83.838663">
      <ele>2352.124264</ele>
    </rtept>
    <rtept lat="28.436559" lon="83.838741">
      <ele>2351.61457</ele>
    </rtept>
    <rtept lat="28.436614" lon="83.83883">
      <ele>2350.184777</ele>
    </rtept>
    <rtept lat="28.436688" lon="83.838897">
      <ele>2349.718104</ele>
    </rtept>
    <rtept lat="28.436769" lon="83.838978">
      <ele>2350.107359</ele>
    </rtept>
    <rtept lat="28.436839" lon="83.839055">
      <ele>2350.17631</ele>
    </rtept>
    <rtept lat="28.436931" lon="83.839108">
      <ele>2351.093138</ele>
    </rtept>
    <rtept lat="28.437024" lon="83.839127">
      <ele>2351.373963</ele>
    </rtept>
    <rtept lat="28.437119" lon="83.839137">
      <ele>2352.613907</ele>
    </rtept>
    <rtept lat="28.437194" lon="83.8392">
      <ele>2354.633184</ele>
    </rtept>
    <rtept lat="28.437254" lon="83.839283">
      <ele>2357.436402</ele>
    </rtept>
    <rtept lat="28.437345" lon="83.8393">
      <ele>2359.659269</ele>
    </rtept>
    <rtept lat="28.437406" lon="83.839375">
      <ele>2360.498403</ele>
    </rtept>
    <rtept lat="28.437451" lon="83.839478">
      <ele>2361.658573</ele>
    </rtept>
    <rtept lat="28.43751" lon="83.839567">
      <ele>2360.412542</ele>
    </rtept>
    <rtept lat="28.437559" lon="83.839661">
      <ele>2359.837911</ele>
    </rtept>
    <rtept lat="28.437609" lon="83.839766">
      <ele>2357.201433</ele>
    </rtept>
    <rtept lat="28.437685" lon="83.83984">
      <ele>2355.950652</ele>
    </rtept>
    <rtept lat="28.437757" lon="83.839911">
      <ele>2355.689323</ele>
    </rtept>
    <rtept lat="28.437794" lon="83.840014">
      <ele>2355.411969</ele>
    </rtept>
    <rtept lat="28.437877" lon="83.840055">
      <ele>2352.962257</ele>
    </rtept>
    <rtept lat="28.437946" lon="83.840136">
      <ele>2353.41583</ele>
    </rtept>
    <rtept lat="28.438031" lon="83.840193">
      <ele>2352.85545</ele>
    </rtept>
    <rtept lat="28.438172" lon="83.840264">
      <ele>2354.943893</ele>
    </rtept>
    <rtept lat="28.438226" lon="83.8404">
      <ele>2359.620856</ele>
    </rtept>
    <rtept lat="28.438245" lon="83.840506">
      <ele>2360.572447</ele>
    </rtept>
    <rtept lat="28.438324" lon="83.840566">
      <ele>2360.370583</ele>
    </rtept>
    <rtept lat="28.438417" lon="83.840581">
      <ele>2363.414018</ele>
    </rtept>
    <rtept lat="28.438505" lon="83.840604">
      <ele>2364.14893</ele>
    </rtept>
    <rtept lat="28.438574" lon="83.84067">
      <ele>2363.822368</ele>
    </rtept>
    <rtept lat="28.438667" lon="83.840715">
      <ele>2362.301667</ele>
    </rtept>
    <rtept lat="28.438742" lon="83.840786">
      <ele>2364.044999</ele>
    </rtept>
    <rtept lat="28.438818" lon="83.840844">
      <ele>2364.248882</ele>
    </rtept>
    <rtept lat="28.43886" lon="83.84094">
      <ele>2364.591295</ele>
    </rtept>
    <rtept lat="28.438947" lon="83.840995">
      <ele>2365.679272</ele>
    </rtept>
    <rtept lat="28.438984" lon="83.841093">
      <ele>2366.887736</ele>
    </rtept>
    <rtept lat="28.439131" lon="83.841231">
      <ele>2364.814269</ele>
    </rtept>
    <rtept lat="28.439162" lon="83.841328">
      <ele>2366.221924</ele>
    </rtept>
    <rtept lat="28.439245" lon="83.841391">
      <ele>2367.226861</ele>
    </rtept>
    <rtept lat="28.439313" lon="83.84147">
      <ele>2368.121418</ele>
    </rtept>
    <rtept lat="28.439383" lon="83.841535">
      <ele>2370.92238</ele>
    </rtept>
    <rtept lat="28.439457" lon="83.841619">
      <ele>2372.482463</ele>
    </rtept>
    <rtept lat="28.439515" lon="83.841699">
      <ele>2369.264896</ele>
    </rtept>
    <rtept lat="28.439601" lon="83.84174">
      <ele>2370.242328</ele>
    </rtept>
    <rtept lat="28.439685" lon="83.841781">
      <ele>2372.030027</ele>
    </rtept>
    <rtept lat="28.439746" lon="83.841867">
      <ele>2373.123459</ele>
    </rtept>
    <rtept lat="28.439806" lon="83.841945">
      <ele>2371.546792</ele>
    </rtept>
    <rtept lat="28.439894" lon="83.84198">
      <ele>2368.343333</ele>
    </rtept>
    <rtept lat="28.439955" lon="83.842073">
      <ele>2365.976441</ele>
    </rtept>
    <rtept lat="28.439999" lon="83.84217">
      <ele>2365.391237</ele>
    </rtept>
    <rtept lat="28.440083" lon="83.842216">
      <ele>2366.557137</ele>
    </rtept>
    <rtept lat="28.440164" lon="83.842281">
      <ele>2364.620829</ele>
    </rtept>
    <rtept lat="28.440236" lon="83.842347">
      <ele>2361.436539</ele>
    </rtept>
    <rtept lat="28.440333" lon="83.842389">
      <ele>2360.117282</ele>
    </rtept>
    <rtept lat="28.440425" lon="83.84241">
      <ele>2361.905109</ele>
    </rtept>
    <rtept lat="28.440519" lon="83.842437">
      <ele>2363.984496</ele>
    </rtept>
    <rtept lat="28.440607" lon="83.842411">
      <ele>2364.819715</ele>
    </rtept>
    <rtept lat="28.440711" lon="83.842399">
      <ele>2373.114733</ele>
    </rtept>
    <rtept lat="28.440809" lon="83.842423">
      <ele>2378.63021</ele>
    </rtept>
    <rtept lat="28.440897" lon="83.842388">
      <ele>2382.730564</ele>
    </rtept>
    <rtept lat="28.440825" lon="83.842462">
      <ele>2377.315866</ele>
    </rtept>
    <rtept lat="28.44083" lon="83.842564">
      <ele>2376.013306</ele>
    </rtept>
    <rtept lat="28.440812" lon="83.842666">
      <ele>2368.280524</ele>
    </rtept>
    <rtept lat="28.440903" lon="83.842702">
      <ele>2368.681041</ele>
    </rtept>
    <rtept lat="28.440995" lon="83.842704">
      <ele>2367.860635</ele>
    </rtept>
    <rtept lat="28.441051" lon="83.842785">
      <ele>2369.786051</ele>
    </rtept>
    <rtept lat="28.4411" lon="83.842871">
      <ele>2374.14268</ele>
    </rtept>
    <rtept lat="28.441181" lon="83.84293">
      <ele>2375.204462</ele>
    </rtept>
    <rtept lat="28.44121" lon="83.843038">
      <ele>2378.508808</ele>
    </rtept>
    <rtept lat="28.441298" lon="83.843071">
      <ele>2378.218668</ele>
    </rtept>
    <rtept lat="28.441388" lon="83.843093">
      <ele>2380.495672</ele>
    </rtept>
    <rtept lat="28.441433" lon="83.843189">
      <ele>2381.307079</ele>
    </rtept>
    <rtept lat="28.441487" lon="83.843273">
      <ele>2380.969755</ele>
    </rtept>
    <rtept lat="28.441569" lon="83.843317">
      <ele>2383.901155</ele>
    </rtept>
    <rtept lat="28.44157" lon="83.84342">
      <ele>2386.782152</ele>
    </rtept>
    <rtept lat="28.441643" lon="83.843486">
      <ele>2386.159892</ele>
    </rtept>
    <rtept lat="28.441706" lon="83.843567">
      <ele>2389.101093</ele>
    </rtept>
    <rtept lat="28.441751" lon="83.843663">
      <ele>2389.150006</ele>
    </rtept>
    <rtept lat="28.441813" lon="83.84374">
      <ele>2389.966005</ele>
    </rtept>
    <rtept lat="28.441892" lon="83.843799">
      <ele>2393.119234</ele>
    </rtept>
    <rtept lat="28.441964" lon="83.843863">
      <ele>2397.560558</ele>
    </rtept>
    <rtept lat="28.44205" lon="83.843909">
      <ele>2402.137927</ele>
    </rtept>
    <rtept lat="28.442087" lon="83.844006">
      <ele>2403.360032</ele>
    </rtept>
    <rtept lat="28.442173" lon="83.844053">
      <ele>2403.257262</ele>
    </rtept>
    <rtept lat="28.442246" lon="83.844113">
      <ele>2405.564737</ele>
    </rtept>
    <rtept lat="28.442334" lon="83.844143">
      <ele>2406.592797</ele>
    </rtept>
    <rtept lat="28.442406" lon="83.844208">
      <ele>2407.736392</ele>
    </rtept>
    <rtept lat="28.442469" lon="83.844281">
      <ele>2408.674081</ele>
    </rtept>
    <rtept lat="28.442562" lon="83.844249">
      <ele>2409.789191</ele>
    </rtept>
    <rtept lat="28.442646" lon="83.844189">
      <ele>2409.624498</ele>
    </rtept>
    <rtept lat="28.442698" lon="83.844281">
      <ele>2413.468107</ele>
    </rtept>
    <rtept lat="28.442895" lon="83.844222">
      <ele>2415.531329</ele>
    </rtept>
    <rtept lat="28.442988" lon="83.8442">
      <ele>2423.85887</ele>
    </rtept>
    <rtept lat="28.443091" lon="83.844204">
      <ele>2428.663603</ele>
    </rtept>
    <rtept lat="28.443187" lon="83.844188">
      <ele>2428.587721</ele>
    </rtept>
    <rtept lat="28.443287" lon="83.844224">
      <ele>2428.497267</ele>
    </rtept>
    <rtept lat="28.443321" lon="83.844331">
      <ele>2428.517783</ele>
    </rtept>
    <rtept lat="28.443393" lon="83.844399">
      <ele>2425.305972</ele>
    </rtept>
    <rtept lat="28.443355" lon="83.844306">
      <ele>2426.368148</ele>
    </rtept>
    <rtept lat="28.443443" lon="83.84433">
      <ele>2428.982372</ele>
    </rtept>
    <rtept lat="28.44351" lon="83.844401">
      <ele>2431.060318</ele>
    </rtept>
    <rtept lat="28.443559" lon="83.844493">
      <ele>2428.693529</ele>
    </rtept>
    <rtept lat="28.44365" lon="83.844519">
      <ele>2429.097142</ele>
    </rtept>
    <rtept lat="28.443714" lon="83.844601">
      <ele>2428.353246</ele>
    </rtept>
    <rtept lat="28.443793" lon="83.844651">
      <ele>2427.917838</ele>
    </rtept>
    <rtept lat="28.443861" lon="83.844727">
      <ele>2427.143446</ele>
    </rtept>
    <rtept lat="28.443924" lon="83.84481">
      <ele>2428.145928</ele>
    </rtept>
    <rtept lat="28.444017" lon="83.844831">
      <ele>2428.40442</ele>
    </rtept>
    <rtept lat="28.444086" lon="83.844909">
      <ele>2429.401981</ele>
    </rtept>
    <rtept lat="28.444163" lon="83.844967">
      <ele>2430.199134</ele>
    </rtept>
    <rtept lat="28.444249" lon="83.845012">
      <ele>2431.797816</ele>
    </rtept>
    <rtept lat="28.44434" lon="83.845031">
      <ele>2433.848849</ele>
    </rtept>
    <rtept lat="28.444393" lon="83.845115">
      <ele>2436.093718</ele>
    </rtept>
    <rtept lat="28.444475" lon="83.845162">
      <ele>2435.8422</ele>
    </rtept>
    <rtept lat="28.444559" lon="83.845231">
      <ele>2436.310702</ele>
    </rtept>
    <rtept lat="28.444623" lon="83.845304">
      <ele>2438.699972</ele>
    </rtept>
    <rtept lat="28.44465" lon="83.845406">
      <ele>2438.649375</ele>
    </rtept>
    <rtept lat="28.444683" lon="83.845511">
      <ele>2435.321883</ele>
    </rtept>
    <rtept lat="28.444753" lon="83.84558">
      <ele>2431.922787</ele>
    </rtept>
    <rtept lat="28.44482" lon="83.845648">
      <ele>2428.459029</ele>
    </rtept>
    <rtept lat="28.44491" lon="83.845635">
      <ele>2426.724873</ele>
    </rtept>
    <rtept lat="28.444992" lon="83.845582">
      <ele>2429.713587</ele>
    </rtept>
    <rtept lat="28.445081" lon="83.845549">
      <ele>2429.833593</ele>
    </rtept>
    <rtept lat="28.445169" lon="83.845523">
      <ele>2432.664007</ele>
    </rtept>
    <rtept lat="28.445262" lon="83.84552">
      <ele>2432.109832</ele>
    </rtept>
    <rtept lat="28.445351" lon="83.845484">
      <ele>2431.988561</ele>
    </rtept>
    <rtept lat="28.445416" lon="83.845562">
      <ele>2432.785296</ele>
    </rtept>
    <rtept lat="28.445507" lon="83.845559">
      <ele>2432.347604</ele>
    </rtept>
    <rtept lat="28.445603" lon="83.845543">
      <ele>2433.256414</ele>
    </rtept>
    <rtept lat="28.445692" lon="83.845562">
      <ele>2433.882987</ele>
    </rtept>
    <rtept lat="28.445782" lon="83.845522">
      <ele>2435.47343</ele>
    </rtept>
    <rtept lat="28.445852" lon="83.845593">
      <ele>2438.939643</ele>
    </rtept>
    <rtept lat="28.445937" lon="83.845635">
      <ele>2442.035016</ele>
    </rtept>
    <rtept lat="28.446012" lon="83.845704">
      <ele>2443.779389</ele>
    </rtept>
    <rtept lat="28.446096" lon="83.845745">
      <ele>2440.892698</ele>
    </rtept>
    <rtept lat="28.446187" lon="83.845761">
      <ele>2439.611995</ele>
    </rtept>
    <rtept lat="28.446252" lon="83.845837">
      <ele>2435.538204</ele>
    </rtept>
    <rtept lat="28.446342" lon="83.845859">
      <ele>2431.811042</ele>
    </rtept>
    <rtept lat="28.44643" lon="83.845829">
      <ele>2430.381696</ele>
    </rtept>
    <rtept lat="28.446524" lon="83.845812">
      <ele>2431.990552</ele>
    </rtept>
    <rtept lat="28.446613" lon="83.845786">
      <ele>2431.469222</ele>
    </rtept>
    <rtept lat="28.446692" lon="83.845846">
      <ele>2433.80244</ele>
    </rtept>
    <rtept lat="28.446782" lon="83.845816">
      <ele>2430.389599</ele>
    </rtept>
    <rtept lat="28.446865" lon="83.845861">
      <ele>2430.539999</ele>
    </rtept>
    <rtept lat="28.446965" lon="83.84585">
      <ele>2432.044044</ele>
    </rtept>
    <rtept lat="28.447048" lon="83.845905">
      <ele>2432.392479</ele>
    </rtept>
    <rtept lat="28.44713" lon="83.845856">
      <ele>2431.871449</ele>
    </rtept>
    <rtept lat="28.447204" lon="83.845794">
      <ele>2432.527176</ele>
    </rtept>
    <rtept lat="28.44727" lon="83.84588">
      <ele>2433.402501</ele>
    </rtept>
    <rtept lat="28.447359" lon="83.845861">
      <ele>2432.410902</ele>
    </rtept>
    <rtept lat="28.44743" lon="83.845783">
      <ele>2435.11412</ele>
    </rtept>
    <rtept lat="28.447524" lon="83.845781">
      <ele>2435.236755</ele>
    </rtept>
    <rtept lat="28.44761" lon="83.845744">
      <ele>2436.162701</ele>
    </rtept>
    <rtept lat="28.447699" lon="83.845708">
      <ele>2440.111334</ele>
    </rtept>
    <rtept lat="28.44779" lon="83.845733">
      <ele>2444.142001</ele>
    </rtept>
    <rtept lat="28.447854" lon="83.845822">
      <ele>2444.8793</ele>
    </rtept>
    <rtept lat="28.44794" lon="83.845788">
      <ele>2443.650692</ele>
    </rtept>
    <rtept lat="28.44803" lon="83.845778">
      <ele>2443.929216</ele>
    </rtept>
    <rtept lat="28.448123" lon="83.845804">
      <ele>2446.394741</ele>
    </rtept>
    <rtept lat="28.4482" lon="83.845859">
      <ele>2448.337659</ele>
    </rtept>
    <rtept lat="28.448295" lon="83.845852">
      <ele>2448.406304</ele>
    </rtept>
    <rtept lat="28.448379" lon="83.845896">
      <ele>2448.821235</ele>
    </rtept>
    <rtept lat="28.448469" lon="83.845939">
      <ele>2449.546026</ele>
    </rtept>
    <rtept lat="28.448556" lon="83.845983">
      <ele>2448.979417</ele>
    </rtept>
    <rtept lat="28.448646" lon="83.845995">
      <ele>2451.261657</ele>
    </rtept>
    <rtept lat="28.44874" lon="83.84604">
      <ele>2450.897073</ele>
    </rtept>
    <rtept lat="28.448834" lon="83.84606">
      <ele>2451.624056</ele>
    </rtept>
    <rtept lat="28.448921" lon="83.846094">
      <ele>2452.406616</ele>
    </rtept>
    <rtept lat="28.449016" lon="83.846101">
      <ele>2455.499602</ele>
    </rtept>
    <rtept lat="28.449059" lon="83.846006">
      <ele>2456.999598</ele>
    </rtept>
    <rtept lat="28.449137" lon="83.846059">
      <ele>2463.034402</ele>
    </rtept>
    <rtept lat="28.449213" lon="83.846115">
      <ele>2466.979758</ele>
    </rtept>
    <rtept lat="28.449282" lon="83.846184">
      <ele>2467.526864</ele>
    </rtept>
    <rtept lat="28.449313" lon="83.84628">
      <ele>2465.885254</ele>
    </rtept>
    <rtept lat="28.449367" lon="83.846373">
      <ele>2462.941503</ele>
    </rtept>
    <rtept lat="28.44942" lon="83.846463">
      <ele>2460.848255</ele>
    </rtept>
    <rtept lat="28.449476" lon="83.846544">
      <ele>2459.401978</ele>
    </rtept>
    <rtept lat="28.449494" lon="83.846645">
      <ele>2458.054952</ele>
    </rtept>
    <rtept lat="28.449552" lon="83.846737">
      <ele>2455.141056</ele>
    </rtept>
    <rtept lat="28.449602" lon="83.846828">
      <ele>2454.2099</ele>
    </rtept>
    <rtept lat="28.449622" lon="83.846928">
      <ele>2454.591993</ele>
    </rtept>
    <rtept lat="28.449633" lon="83.847031">
      <ele>2454.829172</ele>
    </rtept>
    <rtept lat="28.449666" lon="83.847133">
      <ele>2454.276027</ele>
    </rtept>
    <rtept lat="28.449694" lon="83.847232">
      <ele>2453.95336</ele>
    </rtept>
    <rtept lat="28.449765" lon="83.847302">
      <ele>2454.021278</ele>
    </rtept>
    <rtept lat="28.449834" lon="83.847371">
      <ele>2454.61133</ele>
    </rtept>
    <rtept lat="28.44992" lon="83.847411">
      <ele>2454.926693</ele>
    </rtept>
    <rtept lat="28.449976" lon="83.847495">
      <ele>2458.330395</ele>
    </rtept>
    <rtept lat="28.450039" lon="83.847584">
      <ele>2461.036331</ele>
    </rtept>
    <rtept lat="28.450099" lon="83.847668">
      <ele>2462.590198</ele>
    </rtept>
    <rtept lat="28.450188" lon="83.847698">
      <ele>2462.861583</ele>
    </rtept>
    <rtept lat="28.45026" lon="83.847763">
      <ele>2463.556</ele>
    </rtept>
    <rtept lat="28.450337" lon="83.847831">
      <ele>2463.191641</ele>
    </rtept>
    <rtept lat="28.450429" lon="83.847813">
      <ele>2462.648019</ele>
    </rtept>
    <rtept lat="28.450401" lon="83.847915">
      <ele>2463.889165</ele>
    </rtept>
    <rtept lat="28.450373" lon="83.848015">
      <ele>2458.697466</ele>
    </rtept>
    <rtept lat="28.450387" lon="83.848118">
      <ele>2457.635889</ele>
    </rtept>
    <rtept lat="28.450414" lon="83.848219">
      <ele>2457.478647</ele>
    </rtept>
    <rtept lat="28.450421" lon="83.848327">
      <ele>2457.393741</ele>
    </rtept>
    <rtept lat="28.450448" lon="83.848429">
      <ele>2457.458828</ele>
    </rtept>
    <rtept lat="28.450501" lon="83.848517">
      <ele>2460.027208</ele>
    </rtept>
    <rtept lat="28.450498" lon="83.848629">
      <ele>2460.175975</ele>
    </rtept>
    <rtept lat="28.450508" lon="83.848731">
      <ele>2460.962738</ele>
    </rtept>
    <rtept lat="28.45053" lon="83.848835">
      <ele>2464.105335</ele>
    </rtept>
    <rtept lat="28.450529" lon="83.848938">
      <ele>2465.359141</ele>
    </rtept>
    <rtept lat="28.450536" lon="83.849043">
      <ele>2464.300551</ele>
    </rtept>
    <rtept lat="28.450522" lon="83.849147">
      <ele>2463.485248</ele>
    </rtept>
    <rtept lat="28.450529" lon="83.84925">
      <ele>2464.505662</ele>
    </rtept>
    <rtept lat="28.450549" lon="83.849357">
      <ele>2465.172903</ele>
    </rtept>
    <rtept lat="28.450539" lon="83.849464">
      <ele>2465.281786</ele>
    </rtept>
    <rtept lat="28.450548" lon="83.84957">
      <ele>2463.537543</ele>
    </rtept>
    <rtept lat="28.450597" lon="83.849666">
      <ele>2461.005576</ele>
    </rtept>
    <rtept lat="28.450625" lon="83.849767">
      <ele>2458.66174</ele>
    </rtept>
    <rtept lat="28.450641" lon="83.849871">
      <ele>2456.978958</ele>
    </rtept>
    <rtept lat="28.450677" lon="83.849969">
      <ele>2454.633604</ele>
    </rtept>
    <rtept lat="28.450753" lon="83.850031">
      <ele>2446.657139</ele>
    </rtept>
    <rtept lat="28.450811" lon="83.850113">
      <ele>2445.916894</ele>
    </rtept>
    <rtept lat="28.450865" lon="83.850201">
      <ele>2447.333074</ele>
    </rtept>
    <rtept lat="28.450928" lon="83.850127">
      <ele>2450.534433</ele>
    </rtept>
    <rtept lat="28.45086" lon="83.850045">
      <ele>2451.106014</ele>
    </rtept>
    <rtept lat="28.450733" lon="83.849937">
      <ele>2448.382292</ele>
    </rtept>
    <rtept lat="28.450727" lon="83.850047">
      <ele>2444.938862</ele>
    </rtept>
    <rtept lat="28.450871" lon="83.850184">
      <ele>2442.664179</ele>
    </rtept>
    <rtept lat="28.450925" lon="83.850272">
      <ele>2444.243019</ele>
    </rtept>
    <rtept lat="28.450969" lon="83.850364">
      <ele>2443.929935</ele>
    </rtept>
    <rtept lat="28.451018" lon="83.850456">
      <ele>2442.073051</ele>
    </rtept>
    <rtept lat="28.451104" lon="83.850489">
      <ele>2438.747953</ele>
    </rtept>
    <rtept lat="28.451196" lon="83.850499">
      <ele>2437.168443</ele>
    </rtept>
    <rtept lat="28.451286" lon="83.850471">
      <ele>2435.542815</ele>
    </rtept>
    <rtept lat="28.451379" lon="83.850441">
      <ele>2435.159777</ele>
    </rtept>
    <rtept lat="28.451456" lon="83.850381">
      <ele>2435.754639</ele>
    </rtept>
    <rtept lat="28.451499" lon="83.850291">
      <ele>2436.515808</ele>
    </rtept>
    <rtept lat="28.451579" lon="83.850218">
      <ele>2437.351639</ele>
    </rtept>
    <rtept lat="28.451652" lon="83.850155">
      <ele>2436.649358</ele>
    </rtept>
    <rtept lat="28.451735" lon="83.850098">
      <ele>2436.913178</ele>
    </rtept>
    <rtept lat="28.451823" lon="83.850056">
      <ele>2435.813313</ele>
    </rtept>
    <rtept lat="28.451917" lon="83.850064">
      <ele>2433.897373</ele>
    </rtept>
    <rtept lat="28.45201" lon="83.85009">
      <ele>2433.133737</ele>
    </rtept>
    <rtept lat="28.452097" lon="83.850123">
      <ele>2432.633712</ele>
    </rtept>
    <rtept lat="28.452134" lon="83.850232">
      <ele>2433.140005</ele>
    </rtept>
    <rtept lat="28.452189" lon="83.850324">
      <ele>2430.440136</ele>
    </rtept>
    <rtept lat="28.452245" lon="83.850406">
      <ele>2428.961801</ele>
    </rtept>
    <rtept lat="28.452299" lon="83.850491">
      <ele>2426.724042</ele>
    </rtept>
    <rtept lat="28.452368" lon="83.850559">
      <ele>2424.617599</ele>
    </rtept>
    <rtept lat="28.452425" lon="83.850652">
      <ele>2422.993162</ele>
    </rtept>
    <rtept lat="28.452501" lon="83.850714">
      <ele>2424.926161</ele>
    </rtept>
    <rtept lat="28.452564" lon="83.850804">
      <ele>2425.187391</ele>
    </rtept>
    <rtept lat="28.452653" lon="83.850857">
      <ele>2425.771762</ele>
    </rtept>
    <rtept lat="28.452727" lon="83.850918">
      <ele>2427.378858</ele>
    </rtept>
    <rtept lat="28.452777" lon="83.851009">
      <ele>2430.231263</ele>
    </rtept>
    <rtept lat="28.452832" lon="83.851091">
      <ele>2431.47231</ele>
    </rtept>
    <rtept lat="28.452882" lon="83.851183">
      <ele>2430.244775</ele>
    </rtept>
    <rtept lat="28.452929" lon="83.851273">
      <ele>2424.088017</ele>
    </rtept>
    <rtept lat="28.453001" lon="83.851344">
      <ele>2423.149962</ele>
    </rtept>
    <rtept lat="28.453073" lon="83.851409">
      <ele>2423.321473</ele>
    </rtept>
    <rtept lat="28.453148" lon="83.851469">
      <ele>2424.014507</ele>
    </rtept>
    <rtept lat="28.453205" lon="83.851551">
      <ele>2422.847956</ele>
    </rtept>
    <rtept lat="28.453251" lon="83.851642">
      <ele>2424.064636</ele>
    </rtept>
    <rtept lat="28.45331" lon="83.851736">
      <ele>2425.656021</ele>
    </rtept>
    <rtept lat="28.453371" lon="83.851812">
      <ele>2426.261515</ele>
    </rtept>
    <rtept lat="28.453444" lon="83.851873">
      <ele>2426.377723</ele>
    </rtept>
    <rtept lat="28.453466" lon="83.851972">
      <ele>2426.037721</ele>
    </rtept>
    <rtept lat="28.453509" lon="83.852069">
      <ele>2418.515523</ele>
    </rtept>
    <rtept lat="28.45349" lon="83.85217">
      <ele>2413.189903</ele>
    </rtept>
    <rtept lat="28.453541" lon="83.852255">
      <ele>2406.751163</ele>
    </rtept>
    <rtept lat="28.453565" lon="83.852355">
      <ele>2400.055047</ele>
    </rtept>
    <rtept lat="28.45359" lon="83.852463">
      <ele>2396.38681</ele>
    </rtept>
    <rtept lat="28.453632" lon="83.852558">
      <ele>2388.947726</ele>
    </rtept>
    <rtept lat="28.453668" lon="83.852652">
      <ele>2378.772376</ele>
    </rtept>
    <rtept lat="28.453713" lon="83.852745">
      <ele>2383.167926</ele>
    </rtept>
    <rtept lat="28.453773" lon="83.852827">
      <ele>2379.195404</ele>
    </rtept>
    <rtept lat="28.453782" lon="83.852931">
      <ele>2377.655637</ele>
    </rtept>
    <rtept lat="28.453825" lon="83.853021">
      <ele>2375.949783</ele>
    </rtept>
    <rtept lat="28.453862" lon="83.853114">
      <ele>2373.911678</ele>
    </rtept>
    <rtept lat="28.453889" lon="83.853217">
      <ele>2372.053341</ele>
    </rtept>
    <rtept lat="28.453933" lon="83.853312">
      <ele>2370.006625</ele>
    </rtept>
    <rtept lat="28.453947" lon="83.853417">
      <ele>2367.147686</ele>
    </rtept>
    <rtept lat="28.453974" lon="83.853519">
      <ele>2362.411012</ele>
    </rtept>
    <rtept lat="28.453988" lon="83.853621">
      <ele>2358.029934</ele>
    </rtept>
    <rtept lat="28.454026" lon="83.853714">
      <ele>2353.948098</ele>
    </rtept>
    <rtept lat="28.454069" lon="83.853806">
      <ele>2349.67347</ele>
    </rtept>
    <rtept lat="28.454114" lon="83.853902">
      <ele>2346.692153</ele>
    </rtept>
    <rtept lat="28.454177" lon="83.853978">
      <ele>2344.535549</ele>
    </rtept>
    <rtept lat="28.45421" lon="83.854075">
      <ele>2342.08913</ele>
    </rtept>
    <rtept lat="28.454245" lon="83.854173">
      <ele>2338.881136</ele>
    </rtept>
    <rtept lat="28.454239" lon="83.854285">
      <ele>2333.88913</ele>
    </rtept>
    <rtept lat="28.454298" lon="83.85437">
      <ele>2333.03893</ele>
    </rtept>
    <rtept lat="28.454353" lon="83.854453">
      <ele>2331.516676</ele>
    </rtept>
    <rtept lat="28.454404" lon="83.854546">
      <ele>2334.144234</ele>
    </rtept>
    <rtept lat="28.45445" lon="83.854636">
      <ele>2333.634229</ele>
    </rtept>
    <rtept lat="28.454515" lon="83.854708">
      <ele>2333.906228</ele>
    </rtept>
    <rtept lat="28.454581" lon="83.854788">
      <ele>2333.406181</ele>
    </rtept>
    <rtept lat="28.45462" lon="83.854883">
      <ele>2332.001642</ele>
    </rtept>
    <rtept lat="28.454673" lon="83.85497">
      <ele>2330.715729</ele>
    </rtept>
    <rtept lat="28.454731" lon="83.855049">
      <ele>2324.668132</ele>
    </rtept>
    <rtept lat="28.454779" lon="83.855138">
      <ele>2319.734002</ele>
    </rtept>
    <rtept lat="28.454847" lon="83.855216">
      <ele>2311.428958</ele>
    </rtept>
    <rtept lat="28.454891" lon="83.855314">
      <ele>2310.38935</ele>
    </rtept>
    <rtept lat="28.454972" lon="83.85536">
      <ele>2306.384382</ele>
    </rtept>
    <rtept lat="28.455056" lon="83.855411">
      <ele>2304.731749</ele>
    </rtept>
    <rtept lat="28.455139" lon="83.855468">
      <ele>2302.771617</ele>
    </rtept>
    <rtept lat="28.455213" lon="83.855533">
      <ele>2303.238381</ele>
    </rtept>
    <rtept lat="28.455298" lon="83.8556">
      <ele>2306.345968</ele>
    </rtept>
    <rtept lat="28.455379" lon="83.855645">
      <ele>2308.526691</ele>
    </rtept>
    <rtept lat="28.455466" lon="83.85568">
      <ele>2312.287974</ele>
    </rtept>
    <rtept lat="28.455545" lon="83.855737">
      <ele>2311.09689</ele>
    </rtept>
    <rtept lat="28.455635" lon="83.855776">
      <ele>2308.769348</ele>
    </rtept>
    <rtept lat="28.45569" lon="83.855857">
      <ele>2306.676963</ele>
    </rtept>
    <rtept lat="28.455754" lon="83.855929">
      <ele>2305.110339</ele>
    </rtept>
    <rtept lat="28.455782" lon="83.856028">
      <ele>2304.213072</ele>
    </rtept>
    <rtept lat="28.455853" lon="83.856093">
      <ele>2301.247131</ele>
    </rtept>
    <rtept lat="28.455903" lon="83.856179">
      <ele>2301.681134</ele>
    </rtept>
    <rtept lat="28.455948" lon="83.856271">
      <ele>2300.23669</ele>
    </rtept>
    <rtept lat="28.456033" lon="83.856309">
      <ele>2298.209404</ele>
    </rtept>
    <rtept lat="28.456126" lon="83.856337">
      <ele>2298.947592</ele>
    </rtept>
    <rtept lat="28.45621" lon="83.856375">
      <ele>2300.343557</ele>
    </rtept>
    <rtept lat="28.456302" lon="83.856398">
      <ele>2301.106209</ele>
    </rtept>
    <rtept lat="28.456385" lon="83.85644">
      <ele>2301.804683</ele>
    </rtept>
    <rtept lat="28.456434" lon="83.856525">
      <ele>2302.389601</ele>
    </rtept>
    <rtept lat="28.456505" lon="83.856592">
      <ele>2303.682159</ele>
    </rtept>
    <rtept lat="28.456597" lon="83.856587">
      <ele>2304.338975</ele>
    </rtept>
    <rtept lat="28.456686" lon="83.856616">
      <ele>2303.696583</ele>
    </rtept>
    <rtept lat="28.456753" lon="83.856693">
      <ele>2304.622258</ele>
    </rtept>
    <rtept lat="28.456788" lon="83.856795">
      <ele>2306.416487</ele>
    </rtept>
    <rtept lat="28.456746" lon="83.85692">
      <ele>2307.428145</ele>
    </rtept>
    <rtept lat="28.456817" lon="83.856841">
      <ele>2307.879382</ele>
    </rtept>
  </rte>
  <rte>
    <rtept lat="28.371693" lon="83.72776">
      <ele>2291.247384</ele>
    </rtept>
    <rtept lat="28.371785" lon="83.727747">
      <ele>2291.581782</ele>
    </rtept>
    <rtept lat="28.371874" lon="83.727697">
      <ele>2291.778753</ele>
    </rtept>
    <rtept lat="28.371954" lon="83.727626">
      <ele>2289.002318</ele>
    </rtept>
    <rtept lat="28.37201" lon="83.727531">
      <ele>2289.136011</ele>
    </rtept>
    <rtept lat="28.372023" lon="83.727426">
      <ele>2291.449116</ele>
    </rtept>
    <rtept lat="28.372051" lon="83.727318">
      <ele>2292.634217</ele>
    </rtept>
    <rtept lat="28.372072" lon="83.727213">
      <ele>2295.897604</ele>
    </rtept>
    <rtept lat="28.372106" lon="83.727115">
      <ele>2296.762355</ele>
    </rtept>
    <rtept lat="28.372119" lon="83.727013">
      <ele>2298.18839</ele>
    </rtept>
    <rtept lat="28.372166" lon="83.726914">
      <ele>2299.812564</ele>
    </rtept>
    <rtept lat="28.372201" lon="83.726815">
      <ele>2299.801044</ele>
    </rtept>
    <rtept lat="28.372267" lon="83.726727">
      <ele>2300.306866</ele>
    </rtept>
    <rtept lat="28.372305" lon="83.726627">
      <ele>2300.207922</ele>
    </rtept>
    <rtept lat="28.37237" lon="83.726545">
      <ele>2301.438552</ele>
    </rtept>
    <rtept lat="28.372374" lon="83.726438">
      <ele>2302.511045</ele>
    </rtept>
    <rtept lat="28.372413" lon="83.726339">
      <ele>2304.348862</ele>
    </rtept>
    <rtept lat="28.372433" lon="83.726234">
      <ele>2305.663712</ele>
    </rtept>
    <rtept lat="28.372475" lon="83.72614">
      <ele>2307.377562</ele>
    </rtept>
    <rtept lat="28.372543" lon="83.726058">
      <ele>2309.829464</ele>
    </rtept>
    <rtept lat="28.372594" lon="83.725972">
      <ele>2312.477686</ele>
    </rtept>
    <rtept lat="28.372683" lon="83.725948">
      <ele>2313.244283</ele>
    </rtept>
    <rtept lat="28.37276" lon="83.725891">
      <ele>2312.905241</ele>
    </rtept>
    <rtept lat="28.372841" lon="83.72582">
      <ele>2312.090278</ele>
    </rtept>
    <rtept lat="28.372916" lon="83.725743">
      <ele>2313.016486</ele>
    </rtept>
    <rtept lat="28.372969" lon="83.725655">
      <ele>2312.560818</ele>
    </rtept>
    <rtept lat="28.373054" lon="83.725615">
      <ele>2315.255902</ele>
    </rtept>
    <rtept lat="28.373142" lon="83.725581">
      <ele>2313.912842</ele>
    </rtept>
    <rtept lat="28.373218" lon="83.725523">
      <ele>2313.93124</ele>
    </rtept>
    <rtept lat="28.373301" lon="83.725478">
      <ele>2313.17107</ele>
    </rtept>
    <rtept lat="28.373323" lon="83.725371">
      <ele>2313.940633</ele>
    </rtept>
    <rtept lat="28.373352" lon="83.72527">
      <ele>2315.821944</ele>
    </rtept>
    <rtept lat="28.373396" lon="83.725175">
      <ele>2320.103634</ele>
    </rtept>
    <rtept lat="28.373464" lon="83.725108">
      <ele>2321.543933</ele>
    </rtept>
    <rtept lat="28.373537" lon="83.725033">
      <ele>2321.973892</ele>
    </rtept>
    <rtept lat="28.373638" lon="83.724992">
      <ele>2321.783796</ele>
    </rtept>
    <rtept lat="28.373734" lon="83.724977">
      <ele>2321.48907</ele>
    </rtept>
    <rtept lat="28.373769" lon="83.724882">
      <ele>2320.394397</ele>
    </rtept>
    <rtept lat="28.373794" lon="83.724748">
      <ele>2322.599243</ele>
    </rtept>
    <rtept lat="28.3739" lon="83.724471">
      <ele>2329.100202</ele>
    </rtept>
    <rtept lat="28.37383" lon="83.724435">
      <ele>2330.89057</ele>
    </rtept>
    <rtept lat="28.373821" lon="83.724334">
      <ele>2336.257282</ele>
    </rtept>
    <rtept lat="28.373856" lon="83.724232">
      <ele>2337.475298</ele>
    </rtept>
    <rtept lat="28.373866" lon="83.724128">
      <ele>2339.131741</ele>
    </rtept>
    <rtept lat="28.373945" lon="83.724034">
      <ele>2339.843673</ele>
    </rtept>
    <rtept lat="28.374045" lon="83.724028">
      <ele>2336.316577</ele>
    </rtept>
    <rtept lat="28.374066" lon="83.723926">
      <ele>2334.454221</ele>
    </rtept>
    <rtept lat="28.374066" lon="83.723824">
      <ele>2334.139928</ele>
    </rtept>
    <rtept lat="28.374023" lon="83.723732">
      <ele>2335.305997</ele>
    </rtept>
    <rtept lat="28.37405" lon="83.723631">
      <ele>2337.868618</ele>
    </rtept>
    <rtept lat="28.374104" lon="83.723537">
      <ele>2337.127646</ele>
    </rtept>
    <rtept lat="28.374165" lon="83.723461">
      <ele>2336.138031</ele>
    </rtept>
    <rtept lat="28.374233" lon="83.723371">
      <ele>2336.693526</ele>
    </rtept>
    <rtept lat="28.374294" lon="83.72328">
      <ele>2339.075888</ele>
    </rtept>
    <rtept lat="28.374365" lon="83.723201">
      <ele>2340.558329</ele>
    </rtept>
    <rtept lat="28.374442" lon="83.723148">
      <ele>2339.826531</ele>
    </rtept>
    <rtept lat="28.374484" lon="83.723056">
      <ele>2340.095141</ele>
    </rtept>
    <rtept lat="28.374537" lon="83.722963">
      <ele>2341.236421</ele>
    </rtept>
    <rtept lat="28.374591" lon="83.722882">
      <ele>2345.065017</ele>
    </rtept>
    <rtept lat="28.374621" lon="83.722775">
      <ele>2349.167728</ele>
    </rtept>
    <rtept lat="28.374699" lon="83.72271">
      <ele>2349.640006</ele>
    </rtept>
    <rtept lat="28.374738" lon="83.722611">
      <ele>2350.730026</ele>
    </rtept>
    <rtept lat="28.374782" lon="83.722515">
      <ele>2351.330352</ele>
    </rtept>
    <rtept lat="28.374787" lon="83.722403">
      <ele>2353.33914</ele>
    </rtept>
    <rtept lat="28.374867" lon="83.722344">
      <ele>2353.147441</ele>
    </rtept>
    <rtept lat="28.374959" lon="83.722359">
      <ele>2357.65853</ele>
    </rtept>
    <rtept lat="28.375035" lon="83.722273">
      <ele>2358.898784</ele>
    </rtept>
    <rtept lat="28.37512" lon="83.722221">
      <ele>2357.578453</ele>
    </rtept>
    <rtept lat="28.375132" lon="83.722114">
      <ele>2359.812649</ele>
    </rtept>
    <rtept lat="28.375222" lon="83.722068">
      <ele>2360.055696</ele>
    </rtept>
    <rtept lat="28.37535" lon="83.721926">
      <ele>2364.495877</ele>
    </rtept>
    <rtept lat="28.375409" lon="83.721844">
      <ele>2364.93122</ele>
    </rtept>
    <rtept lat="28.375492" lon="83.721796">
      <ele>2367.146718</ele>
    </rtept>
    <rtept lat="28.375514" lon="83.721695">
      <ele>2372.419304</ele>
    </rtept>
    <rtept lat="28.375557" lon="83.721603">
      <ele>2375.191046</ele>
    </rtept>
    <rtept lat="28.375628" lon="83.721526">
      <ele>2377.292847</ele>
    </rtept>
    <rtept lat="28.375701" lon="83.721465">
      <ele>2379.743276</ele>
    </rtept>
    <rtept lat="28.375763" lon="83.721381">
      <ele>2380.891924</ele>
    </rtept>
    <rtept lat="28.375767" lon="83.721274">
      <ele>2384.060632</ele>
    </rtept>
    <rtept lat="28.375721" lon="83.721177">
      <ele>2391.846204</ele>
    </rtept>
    <rtept lat="28.375721" lon="83.721061">
      <ele>2396.302357</ele>
    </rtept>
    <rtept lat="28.375774" lon="83.720971">
      <ele>2400.666474</ele>
    </rtept>
    <rtept lat="28.375815" lon="83.720869">
      <ele>2401.937493</ele>
    </rtept>
    <rtept lat="28.375788" lon="83.720767">
      <ele>2401.437848</ele>
    </rtept>
    <rtept lat="28.375855" lon="83.720691">
      <ele>2401.421101</ele>
    </rtept>
    <rtept lat="28.375888" lon="83.72059">
      <ele>2402.198643</ele>
    </rtept>
    <rtept lat="28.375883" lon="83.720484">
      <ele>2404.488056</ele>
    </rtept>
    <rtept lat="28.375917" lon="83.720388">
      <ele>2405.014909</ele>
    </rtept>
    <rtept lat="28.375934" lon="83.720286">
      <ele>2405.914237</ele>
    </rtept>
    <rtept lat="28.37592" lon="83.720184">
      <ele>2406.367074</ele>
    </rtept>
    <rtept lat="28.375873" lon="83.720094">
      <ele>2405.405366</ele>
    </rtept>
    <rtept lat="28.375821" lon="83.720006">
      <ele>2404.554979</ele>
    </rtept>
    <rtept lat="28.375851" lon="83.719906">
      <ele>2404.299945</ele>
    </rtept>
    <rtept lat="28.375866" lon="83.719801">
      <ele>2404.30324</ele>
    </rtept>
    <rtept lat="28.375859" lon="83.719696">
      <ele>2404.288101</ele>
    </rtept>
    <rtept lat="28.375836" lon="83.719598">
      <ele>2403.854996</ele>
    </rtept>
    <rtept lat="28.37588" lon="83.719507">
      <ele>2404.56135</ele>
    </rtept>
    <rtept lat="28.375922" lon="83.719399">
      <ele>2405.089672</ele>
    </rtept>
    <rtept lat="28.37578" lon="83.719179">
      <ele>2413.904058</ele>
    </rtept>
    <rtept lat="28.375745" lon="83.719082">
      <ele>2420.275854</ele>
    </rtept>
    <rtept lat="28.375773" lon="83.71898">
      <ele>2418.865369</ele>
    </rtept>
    <rtept lat="28.375789" lon="83.71887">
      <ele>2418.505353</ele>
    </rtept>
    <rtept lat="28.375827" lon="83.71877">
      <ele>2417.227969</ele>
    </rtept>
    <rtept lat="28.375869" lon="83.71867">
      <ele>2414.662153</ele>
    </rtept>
    <rtept lat="28.375801" lon="83.7186">
      <ele>2418.329694</ele>
    </rtept>
    <rtept lat="28.375781" lon="83.718487">
      <ele>2419.005222</ele>
    </rtept>
    <rtept lat="28.375818" lon="83.718391">
      <ele>2418.794662</ele>
    </rtept>
    <rtept lat="28.375903" lon="83.718342">
      <ele>2417.564715</ele>
    </rtept>
    <rtept lat="28.375925" lon="83.718229">
      <ele>2416.32836</ele>
    </rtept>
    <rtept lat="28.375956" lon="83.718132">
      <ele>2417.726923</ele>
    </rtept>
    <rtept lat="28.375973" lon="83.717919">
      <ele>2417.938274</ele>
    </rtept>
    <rtept lat="28.375904" lon="83.717842">
      <ele>2417.965353</ele>
    </rtept>
    <rtept lat="28.375849" lon="83.717753">
      <ele>2420.556018</ele>
    </rtept>
    <rtept lat="28.375899" lon="83.717664">
      <ele>2422.135786</ele>
    </rtept>
    <rtept lat="28.375899" lon="83.71756">
      <ele>2425.536701</ele>
    </rtept>
    <rtept lat="28.375813" lon="83.717504">
      <ele>2427.165726</ele>
    </rtept>
    <rtept lat="28.3758" lon="83.717607">
      <ele>2430.14366</ele>
    </rtept>
    <rtept lat="28.375855" lon="83.717693">
      <ele>2425.431716</ele>
    </rtept>
    <rtept lat="28.375944" lon="83.717637">
      <ele>2425.881029</ele>
    </rtept>
    <rtept lat="28.376052" lon="83.717535">
      <ele>2428.731799</ele>
    </rtept>
    <rtept lat="28.376133" lon="83.717485">
      <ele>2429.192394</ele>
    </rtept>
    <rtept lat="28.376227" lon="83.717464">
      <ele>2431.560323</ele>
    </rtept>
    <rtept lat="28.376314" lon="83.717432">
      <ele>2435.195993</ele>
    </rtept>
    <rtept lat="28.376405" lon="83.717465">
      <ele>2438.933558</ele>
    </rtept>
    <rtept lat="28.376491" lon="83.717408">
      <ele>2440.226482</ele>
    </rtept>
    <rtept lat="28.376573" lon="83.717351">
      <ele>2441.989332</ele>
    </rtept>
    <rtept lat="28.376658" lon="83.717398">
      <ele>2442.669827</ele>
    </rtept>
    <rtept lat="28.376751" lon="83.717422">
      <ele>2442.887827</ele>
    </rtept>
    <rtept lat="28.376843" lon="83.717427">
      <ele>2443.944428</ele>
    </rtept>
    <rtept lat="28.37694" lon="83.717434">
      <ele>2447.803235</ele>
    </rtept>
    <rtept lat="28.377033" lon="83.717449">
      <ele>2448.915443</ele>
    </rtept>
    <rtept lat="28.377113" lon="83.717504">
      <ele>2447.519404</ele>
    </rtept>
    <rtept lat="28.377206" lon="83.717544">
      <ele>2447.043621</ele>
    </rtept>
    <rtept lat="28.377297" lon="83.717527">
      <ele>2449.766289</ele>
    </rtept>
    <rtept lat="28.377375" lon="83.71747">
      <ele>2449.604372</ele>
    </rtept>
    <rtept lat="28.377471" lon="83.71748">
      <ele>2449.07612</ele>
    </rtept>
    <rtept lat="28.377542" lon="83.717416">
      <ele>2448.16184</ele>
    </rtept>
    <rtept lat="28.377605" lon="83.717341">
      <ele>2447.984225</ele>
    </rtept>
    <rtept lat="28.377687" lon="83.717289">
      <ele>2447.777131</ele>
    </rtept>
    <rtept lat="28.377767" lon="83.717242">
      <ele>2446.956556</ele>
    </rtept>
    <rtept lat="28.377853" lon="83.717194">
      <ele>2445.169691</ele>
    </rtept>
    <rtept lat="28.377926" lon="83.717125">
      <ele>2441.787322</ele>
    </rtept>
    <rtept lat="28.377997" lon="83.717056">
      <ele>2439.535148</ele>
    </rtept>
    <rtept lat="28.378022" lon="83.716951">
      <ele>2438.427107</ele>
    </rtept>
    <rtept lat="28.378078" lon="83.71687">
      <ele>2436.943547</ele>
    </rtept>
    <rtept lat="28.378098" lon="83.716767">
      <ele>2438.267206</ele>
    </rtept>
    <rtept lat="28.378185" lon="83.716731">
      <ele>2435.998037</ele>
    </rtept>
    <rtept lat="28.378226" lon="83.716623">
      <ele>2436.70368</ele>
    </rtept>
    <rtept lat="28.378263" lon="83.716527">
      <ele>2438.748456</ele>
    </rtept>
    <rtept lat="28.378253" lon="83.716424">
      <ele>2440.029745</ele>
    </rtept>
    <rtept lat="28.37834" lon="83.716384">
      <ele>2440.195392</ele>
    </rtept>
    <rtept lat="28.37841" lon="83.716311">
      <ele>2440.296915</ele>
    </rtept>
    <rtept lat="28.378482" lon="83.716244">
      <ele>2443.082531</ele>
    </rtept>
    <rtept lat="28.378566" lon="83.716182">
      <ele>2444.527908</ele>
    </rtept>
    <rtept lat="28.37862" lon="83.716099">
      <ele>2446.349795</ele>
    </rtept>
    <rtept lat="28.378672" lon="83.715995">
      <ele>2448.464681</ele>
    </rtept>
    <rtept lat="28.378718" lon="83.715905">
      <ele>2448.918558</ele>
    </rtept>
    <rtept lat="28.378812" lon="83.715869">
      <ele>2447.085509</ele>
    </rtept>
    <rtept lat="28.378865" lon="83.715783">
      <ele>2445.573362</ele>
    </rtept>
    <rtept lat="28.378918" lon="83.715696">
      <ele>2443.297763</ele>
    </rtept>
    <rtept lat="28.378938" lon="83.715594">
      <ele>2444.53716</ele>
    </rtept>
    <rtept lat="28.378944" lon="83.715486">
      <ele>2449.744394</ele>
    </rtept>
    <rtept lat="28.378902" lon="83.715392">
      <ele>2452.3923</ele>
    </rtept>
    <rtept lat="28.378881" lon="83.715284">
      <ele>2455.2429</ele>
    </rtept>
    <rtept lat="28.378819" lon="83.715205">
      <ele>2453.985883</ele>
    </rtept>
    <rtept lat="28.378766" lon="83.715121">
      <ele>2452.960933</ele>
    </rtept>
    <rtept lat="28.378758" lon="83.715018">
      <ele>2452.499044</ele>
    </rtept>
    <rtept lat="28.378831" lon="83.714952">
      <ele>2454.88208</ele>
    </rtept>
    <rtept lat="28.37892" lon="83.714932">
      <ele>2455.582688</ele>
    </rtept>
    <rtept lat="28.379008" lon="83.714893">
      <ele>2457.450469</ele>
    </rtept>
    <rtept lat="28.379092" lon="83.714848">
      <ele>2459.985551</ele>
    </rtept>
    <rtept lat="28.379172" lon="83.714795">
      <ele>2464.113704</ele>
    </rtept>
    <rtept lat="28.379221" lon="83.714885">
      <ele>2462.159786</ele>
    </rtept>
    <rtept lat="28.379239" lon="83.714777">
      <ele>2461.815843</ele>
    </rtept>
    <rtept lat="28.37931" lon="83.714705">
      <ele>2465.038899</ele>
    </rtept>
    <rtept lat="28.379402" lon="83.714729">
      <ele>2466.159314</ele>
    </rtept>
    <rtept lat="28.379507" lon="83.714693">
      <ele>2466.22247</ele>
    </rtept>
    <rtept lat="28.379584" lon="83.714633">
      <ele>2465.437639</ele>
    </rtept>
    <rtept lat="28.379761" lon="83.714624">
      <ele>2463.860553</ele>
    </rtept>
    <rtept lat="28.379854" lon="83.714644">
      <ele>2463.450414</ele>
    </rtept>
    <rtept lat="28.37988" lon="83.714746">
      <ele>2464.245021</ele>
    </rtept>
    <rtept lat="28.379973" lon="83.714735">
      <ele>2465.680928</ele>
    </rtept>
    <rtept lat="28.380033" lon="83.714814">
      <ele>2468.36645</ele>
    </rtept>
    <rtept lat="28.380122" lon="83.714861">
      <ele>2473.154453</ele>
    </rtept>
    <rtept lat="28.38018" lon="83.71494">
      <ele>2477.73562</ele>
    </rtept>
    <rtept lat="28.380257" lon="83.714882">
      <ele>2481.654501</ele>
    </rtept>
    <rtept lat="28.380283" lon="83.714779">
      <ele>2480.339861</ele>
    </rtept>
    <rtept lat="28.380362" lon="83.714723">
      <ele>2481.033094</ele>
    </rtept>
    <rtept lat="28.38045" lon="83.714677">
      <ele>2479.677106</ele>
    </rtept>
    <rtept lat="28.380533" lon="83.714719">
      <ele>2483.908901</ele>
    </rtept>
    <rtept lat="28.380621" lon="83.714743">
      <ele>2488.442394</ele>
    </rtept>
    <rtept lat="28.380715" lon="83.71474">
      <ele>2490.453542</ele>
    </rtept>
    <rtept lat="28.380811" lon="83.714741">
      <ele>2492.634022</ele>
    </rtept>
    <rtept lat="28.380904" lon="83.714713">
      <ele>2494.480489</ele>
    </rtept>
    <rtept lat="28.380993" lon="83.714684">
      <ele>2496.177471</ele>
    </rtept>
    <rtept lat="28.381091" lon="83.714685">
      <ele>2500.517209</ele>
    </rtept>
    <rtept lat="28.381179" lon="83.714649">
      <ele>2502.721716</ele>
    </rtept>
    <rtept lat="28.38114" lon="83.714557">
      <ele>2502.976807</ele>
    </rtept>
    <rtept lat="28.381089" lon="83.714456">
      <ele>2499.657782</ele>
    </rtept>
    <rtept lat="28.381148" lon="83.714371">
      <ele>2496.328657</ele>
    </rtept>
    <rtept lat="28.381244" lon="83.71435">
      <ele>2498.170496</ele>
    </rtept>
    <rtept lat="28.381323" lon="83.714292">
      <ele>2502.74485</ele>
    </rtept>
    <rtept lat="28.381411" lon="83.714254">
      <ele>2506.797505</ele>
    </rtept>
    <rtept lat="28.381501" lon="83.714243">
      <ele>2508.612659</ele>
    </rtept>
    <rtept lat="28.381598" lon="83.714245">
      <ele>2510.21421</ele>
    </rtept>
    <rtept lat="28.381691" lon="83.714227">
      <ele>2514.508099</ele>
    </rtept>
    <rtept lat="28.381781" lon="83.714239">
      <ele>2514.774228</ele>
    </rtept>
    <rtept lat="28.381851" lon="83.714312">
      <ele>2515.718764</ele>
    </rtept>
    <rtept lat="28.381945" lon="83.714338">
      <ele>2516.673549</ele>
    </rtept>
    <rtept lat="28.382023" lon="83.714278">
      <ele>2517.298686</ele>
    </rtept>
    <rtept lat="28.382115" lon="83.714253">
      <ele>2518.205648</ele>
    </rtept>
    <rtept lat="28.382193" lon="83.714185">
      <ele>2520.499846</ele>
    </rtept>
    <rtept lat="28.382266" lon="83.71412">
      <ele>2519.874718</ele>
    </rtept>
    <rtept lat="28.382356" lon="83.714049">
      <ele>2519.3636</ele>
    </rtept>
    <rtept lat="28.382433" lon="83.713988">
      <ele>2518.127888</ele>
    </rtept>
    <rtept lat="28.38253" lon="83.713963">
      <ele>2518.586057</ele>
    </rtept>
    <rtept lat="28.382619" lon="83.713944">
      <ele>2522.05461</ele>
    </rtept>
    <rtept lat="28.38271" lon="83.71391">
      <ele>2525.091538</ele>
    </rtept>
    <rtept lat="28.382799" lon="83.713892">
      <ele>2527.855453</ele>
    </rtept>
    <rtept lat="28.382893" lon="83.713912">
      <ele>2530.608321</ele>
    </rtept>
    <rtept lat="28.382938" lon="83.71381">
      <ele>2534.019379</ele>
    </rtept>
    <rtept lat="28.382888" lon="83.713715">
      <ele>2535.880205</ele>
    </rtept>
    <rtept lat="28.38282" lon="83.713641">
      <ele>2535.103416</ele>
    </rtept>
    <rtept lat="28.382732" lon="83.713598">
      <ele>2531.793051</ele>
    </rtept>
    <rtept lat="28.382674" lon="83.713519">
      <ele>2528.838752</ele>
    </rtept>
    <rtept lat="28.38275" lon="83.713455">
      <ele>2530.449032</ele>
    </rtept>
    <rtept lat="28.382833" lon="83.713412">
      <ele>2534.937161</ele>
    </rtept>
    <rtept lat="28.382919" lon="83.713371">
      <ele>2539.091631</ele>
    </rtept>
    <rtept lat="28.382995" lon="83.713315">
      <ele>2542.638669</ele>
    </rtept>
    <rtept lat="28.383074" lon="83.713259">
      <ele>2544.177301</ele>
    </rtept>
    <rtept lat="28.383117" lon="83.713163">
      <ele>2547.139362</ele>
    </rtept>
    <rtept lat="28.383111" lon="83.713054">
      <ele>2551.263242</ele>
    </rtept>
    <rtept lat="28.383095" lon="83.712952">
      <ele>2551.014474</ele>
    </rtept>
    <rtept lat="28.383081" lon="83.712845">
      <ele>2547.551719</ele>
    </rtept>
    <rtept lat="28.383048" lon="83.712742">
      <ele>2547.726209</ele>
    </rtept>
    <rtept lat="28.383022" lon="83.712634">
      <ele>2544.144123</ele>
    </rtept>
    <rtept lat="28.383044" lon="83.712528">
      <ele>2542.004183</ele>
    </rtept>
    <rtept lat="28.383088" lon="83.712428">
      <ele>2538.58388</ele>
    </rtept>
    <rtept lat="28.383163" lon="83.712367">
      <ele>2540.94175</ele>
    </rtept>
    <rtept lat="28.383228" lon="83.712295">
      <ele>2543.390451</ele>
    </rtept>
    <rtept lat="28.383276" lon="83.712206">
      <ele>2545.979724</ele>
    </rtept>
    <rtept lat="28.383332" lon="83.712121">
      <ele>2547.070648</ele>
    </rtept>
    <rtept lat="28.383346" lon="83.712007">
      <ele>2543.45683</ele>
    </rtept>
    <rtept lat="28.383379" lon="83.711908">
      <ele>2540.883906</ele>
    </rtept>
    <rtept lat="28.383389" lon="83.711801">
      <ele>2538.202532</ele>
    </rtept>
    <rtept lat="28.38342" lon="83.711705">
      <ele>2537.906072</ele>
    </rtept>
    <rtept lat="28.383463" lon="83.711608">
      <ele>2536.384511</ele>
    </rtept>
    <rtept lat="28.383528" lon="83.711528">
      <ele>2536.147768</ele>
    </rtept>
    <rtept lat="28.383553" lon="83.711425">
      <ele>2534.194598</ele>
    </rtept>
    <rtept lat="28.383558" lon="83.711313">
      <ele>2532.104658</ele>
    </rtept>
    <rtept lat="28.383634" lon="83.711253">
      <ele>2532.364776</ele>
    </rtept>
    <rtept lat="28.383695" lon="83.711173">
      <ele>2530.693657</ele>
    </rtept>
    <rtept lat="28.383782" lon="83.711224">
      <ele>2528.856165</ele>
    </rtept>
    <rtept lat="28.383853" lon="83.711292">
      <ele>2530.043045</ele>
    </rtept>
    <rtept lat="28.383944" lon="83.711296">
      <ele>2531.232173</ele>
    </rtept>
    <rtept lat="28.384049" lon="83.711295">
      <ele>2534.441396</ele>
    </rtept>
    <rtept lat="28.384109" lon="83.71121">
      <ele>2535.456937</ele>
    </rtept>
    <rtept lat="28.384127" lon="83.711108">
      <ele>2534.882454</ele>
    </rtept>
    <rtept lat="28.384079" lon="83.711018">
      <ele>2531.875071</ele>
    </rtept>
    <rtept lat="28.38407" lon="83.710911">
      <ele>2531.618017</ele>
    </rtept>
    <rtept lat="28.384073" lon="83.710802">
      <ele>2531.706419</ele>
    </rtept>
    <rtept lat="28.384043" lon="83.710705">
      <ele>2530.739853</ele>
    </rtept>
    <rtept lat="28.384034" lon="83.710599">
      <ele>2528.425511</ele>
    </rtept>
    <rtept lat="28.384017" lon="83.710498">
      <ele>2526.632921</ele>
    </rtept>
    <rtept lat="28.384089" lon="83.710428">
      <ele>2528.335497</ele>
    </rtept>
    <rtept lat="28.384039" lon="83.710335">
      <ele>2528.776331</ele>
    </rtept>
    <rtept lat="28.384133" lon="83.710338">
      <ele>2529.675724</ele>
    </rtept>
    <rtept lat="28.384223" lon="83.710309">
      <ele>2530.008421</ele>
    </rtept>
    <rtept lat="28.3843" lon="83.710253">
      <ele>2530.661298</ele>
    </rtept>
    <rtept lat="28.38439" lon="83.710282">
      <ele>2530.35251</ele>
    </rtept>
    <rtept lat="28.384483" lon="83.710262">
      <ele>2530.493406</ele>
    </rtept>
    <rtept lat="28.384565" lon="83.710306">
      <ele>2531.044263</ele>
    </rtept>
    <rtept lat="28.384657" lon="83.710298">
      <ele>2533.260949</ele>
    </rtept>
    <rtept lat="28.384749" lon="83.71029">
      <ele>2536.111536</ele>
    </rtept>
    <rtept lat="28.384839" lon="83.71029">
      <ele>2539.622552</ele>
    </rtept>
    <rtept lat="28.384915" lon="83.710219">
      <ele>2538.446861</ele>
    </rtept>
    <rtept lat="28.384976" lon="83.710131">
      <ele>2539.934644</ele>
    </rtept>
    <rtept lat="28.385017" lon="83.710039">
      <ele>2539.490152</ele>
    </rtept>
    <rtept lat="28.385067" lon="83.709953">
      <ele>2540.712496</ele>
    </rtept>
    <rtept lat="28.385148" lon="83.709902">
      <ele>2542.548231</ele>
    </rtept>
    <rtept lat="28.385212" lon="83.709822">
      <ele>2544.988696</ele>
    </rtept>
    <rtept lat="28.385301" lon="83.709791">
      <ele>2547.62422</ele>
    </rtept>
    <rtept lat="28.385375" lon="83.709727">
      <ele>2551.217302</ele>
    </rtept>
    <rtept lat="28.385372" lon="83.709623">
      <ele>2555.566279</ele>
    </rtept>
    <rtept lat="28.385297" lon="83.709553">
      <ele>2556.06605</ele>
    </rtept>
    <rtept lat="28.385296" lon="83.709448">
      <ele>2554.964515</ele>
    </rtept>
    <rtept lat="28.385334" lon="83.709343">
      <ele>2558.266321</ele>
    </rtept>
    <rtept lat="28.385375" lon="83.709248">
      <ele>2559.597774</ele>
    </rtept>
    <rtept lat="28.385447" lon="83.70918">
      <ele>2559.6027</ele>
    </rtept>
    <rtept lat="28.385513" lon="83.709105">
      <ele>2562.590851</ele>
    </rtept>
    <rtept lat="28.385604" lon="83.709095">
      <ele>2564.047375</ele>
    </rtept>
    <rtept lat="28.385697" lon="83.709081">
      <ele>2567.919068</ele>
    </rtept>
    <rtept lat="28.38579" lon="83.709102">
      <ele>2569.944993</ele>
    </rtept>
    <rtept lat="28.385878" lon="83.709065">
      <ele>2571.613088</ele>
    </rtept>
    <rtept lat="28.385958" lon="83.709005">
      <ele>2574.488253</ele>
    </rtept>
    <rtept lat="28.386041" lon="83.708961">
      <ele>2578.774497</ele>
    </rtept>
    <rtept lat="28.386084" lon="83.708853">
      <ele>2581.516381</ele>
    </rtept>
    <rtept lat="28.386144" lon="83.708764">
      <ele>2582.717334</ele>
    </rtept>
    <rtept lat="28.386223" lon="83.708698">
      <ele>2583.085496</ele>
    </rtept>
    <rtept lat="28.386276" lon="83.708614">
      <ele>2591.620437</ele>
    </rtept>
    <rtept lat="28.386303" lon="83.708512">
      <ele>2599.054339</ele>
    </rtept>
    <rtept lat="28.386315" lon="83.708411">
      <ele>2599.258019</ele>
    </rtept>
    <rtept lat="28.386283" lon="83.708311">
      <ele>2595.096605</ele>
    </rtept>
    <rtept lat="28.386322" lon="83.708213">
      <ele>2593.252361</ele>
    </rtept>
    <rtept lat="28.386402" lon="83.708157">
      <ele>2592.243519</ele>
    </rtept>
    <rtept lat="28.386465" lon="83.708084">
      <ele>2600.603902</ele>
    </rtept>
    <rtept lat="28.386538" lon="83.708022">
      <ele>2604.391781</ele>
    </rtept>
    <rtept lat="28.38659" lon="83.707934">
      <ele>2610.803071</ele>
    </rtept>
    <rtept lat="28.38659" lon="83.707828">
      <ele>2611.657608</ele>
    </rtept>
    <rtept lat="28.386678" lon="83.7078">
      <ele>2617.432931</ele>
    </rtept>
    <rtept lat="28.386769" lon="83.707832">
      <ele>2620.286253</ele>
    </rtept>
    <rtept lat="28.386841" lon="83.707912">
      <ele>2624.445297</ele>
    </rtept>
    <rtept lat="28.386935" lon="83.707874">
      <ele>2627.807216</ele>
    </rtept>
    <rtept lat="28.387005" lon="83.707803">
      <ele>2629.648206</ele>
    </rtept>
    <rtept lat="28.387088" lon="83.707762">
      <ele>2629.773679</ele>
    </rtept>
    <rtept lat="28.387179" lon="83.707761">
      <ele>2629.222486</ele>
    </rtept>
    <rtept lat="28.387277" lon="83.707744">
      <ele>2628.352697</ele>
    </rtept>
    <rtept lat="28.387375" lon="83.707776">
      <ele>2630.081433</ele>
    </rtept>
    <rtept lat="28.387463" lon="83.707818">
      <ele>2633.902809</ele>
    </rtept>
    <rtept lat="28.387541" lon="83.707872">
      <ele>2639.154931</ele>
    </rtept>
    <rtept lat="28.38757" lon="83.70777">
      <ele>2641.532138</ele>
    </rtept>
    <rtept lat="28.387568" lon="83.707662">
      <ele>2638.788208</ele>
    </rtept>
    <rtept lat="28.387609" lon="83.707562">
      <ele>2638.378069</ele>
    </rtept>
    <rtept lat="28.387643" lon="83.707464">
      <ele>2637.890714</ele>
    </rtept>
    <rtept lat="28.387655" lon="83.707362">
      <ele>2639.166078</ele>
    </rtept>
    <rtept lat="28.387734" lon="83.707295">
      <ele>2641.803377</ele>
    </rtept>
    <rtept lat="28.387661" lon="83.707206">
      <ele>2641.374524</ele>
    </rtept>
    <rtept lat="28.387747" lon="83.707162">
      <ele>2641.873391</ele>
    </rtept>
    <rtept lat="28.387711" lon="83.707052">
      <ele>2642.039041</ele>
    </rtept>
    <rtept lat="28.387794" lon="83.706999">
      <ele>2639.364128</ele>
    </rtept>
    <rtept lat="28.387818" lon="83.706899">
      <ele>2640.573536</ele>
    </rtept>
    <rtept lat="28.387839" lon="83.706797">
      <ele>2642.056927</ele>
    </rtept>
    <rtept lat="28.387883" lon="83.706698">
      <ele>2643.027334</ele>
    </rtept>
    <rtept lat="28.387883" lon="83.706582">
      <ele>2641.663382</ele>
    </rtept>
    <rtept lat="28.387902" lon="83.70648">
      <ele>2639.625068</ele>
    </rtept>
    <rtept lat="28.387918" lon="83.706378">
      <ele>2636.731919</ele>
    </rtept>
    <rtept lat="28.387997" lon="83.706325">
      <ele>2633.520942</ele>
    </rtept>
    <rtept lat="28.388088" lon="83.706327">
      <ele>2636.682335</ele>
    </rtept>
    <rtept lat="28.388179" lon="83.7063">
      <ele>2640.397805</ele>
    </rtept>
    <rtept lat="28.388267" lon="83.706266">
      <ele>2643.366198</ele>
    </rtept>
    <rtept lat="28.388352" lon="83.706316">
      <ele>2646.093575</ele>
    </rtept>
    <rtept lat="28.388401" lon="83.706411">
      <ele>2649.876905</ele>
    </rtept>
    <rtept lat="28.388474" lon="83.706473">
      <ele>2653.030296</ele>
    </rtept>
    <rtept lat="28.388567" lon="83.706503">
      <ele>2654.131328</ele>
    </rtept>
    <rtept lat="28.388654" lon="83.706463">
      <ele>2662.430428</ele>
    </rtept>
    <rtept lat="28.38873" lon="83.706408">
      <ele>2668.163078</ele>
    </rtept>
    <rtept lat="28.388814" lon="83.706367">
      <ele>2668.515278</ele>
    </rtept>
    <rtept lat="28.388903" lon="83.706316">
      <ele>2669.389521</ele>
    </rtept>
    <rtept lat="28.388959" lon="83.706234">
      <ele>2668.033884</ele>
    </rtept>
    <rtept lat="28.388976" lon="83.706129">
      <ele>2663.678499</ele>
    </rtept>
    <rtept lat="28.389012" lon="83.706027">
      <ele>2659.280031</ele>
    </rtept>
    <rtept lat="28.389094" lon="83.705973">
      <ele>2655.948205</ele>
    </rtept>
    <rtept lat="28.389182" lon="83.705948">
      <ele>2658.258306</ele>
    </rtept>
    <rtept lat="28.389277" lon="83.705922">
      <ele>2660.481118</ele>
    </rtept>
    <rtept lat="28.389368" lon="83.705873">
      <ele>2661.517197</ele>
    </rtept>
    <rtept lat="28.389446" lon="83.705815">
      <ele>2662.496561</ele>
    </rtept>
    <rtept lat="28.389526" lon="83.705766">
      <ele>2662.925378</ele>
    </rtept>
    <rtept lat="28.389578" lon="83.705669">
      <ele>2662.704236</ele>
    </rtept>
    <rtept lat="28.389652" lon="83.705606">
      <ele>2658.059683</ele>
    </rtept>
    <rtept lat="28.389747" lon="83.705586">
      <ele>2655.816795</ele>
    </rtept>
    <rtept lat="28.389834" lon="83.705626">
      <ele>2658.899902</ele>
    </rtept>
    <rtept lat="28.389935" lon="83.705622">
      <ele>2664.000333</ele>
    </rtept>
    <rtept lat="28.390014" lon="83.705557">
      <ele>2666.266103</ele>
    </rtept>
    <rtept lat="28.390058" lon="83.705468">
      <ele>2665.358889</ele>
    </rtept>
    <rtept lat="28.390104" lon="83.705378">
      <ele>2663.515187</ele>
    </rtept>
    <rtept lat="28.390164" lon="83.705299">
      <ele>2661.766408</ele>
    </rtept>
    <rtept lat="28.39026" lon="83.705311">
      <ele>2663.975843</ele>
    </rtept>
    <rtept lat="28.390354" lon="83.705311">
      <ele>2666.667672</ele>
    </rtept>
    <rtept lat="28.39044" lon="83.705278">
      <ele>2669.969248</ele>
    </rtept>
    <rtept lat="28.390532" lon="83.705276">
      <ele>2670.982345</ele>
    </rtept>
    <rtept lat="28.390622" lon="83.705239">
      <ele>2673.184888</ele>
    </rtept>
    <rtept lat="28.390715" lon="83.705234">
      <ele>2674.701877</ele>
    </rtept>
    <rtept lat="28.390808" lon="83.705205">
      <ele>2675.267989</ele>
    </rtept>
    <rtept lat="28.390842" lon="83.705108">
      <ele>2674.338145</ele>
    </rtept>
    <rtept lat="28.390884" lon="83.705016">
      <ele>2672.833682</ele>
    </rtept>
    <rtept lat="28.390962" lon="83.704964">
      <ele>2673.625654</ele>
    </rtept>
    <rtept lat="28.391054" lon="83.704963">
      <ele>2676.168326</ele>
    </rtept>
    <rtept lat="28.391132" lon="83.704905">
      <ele>2679.654205</ele>
    </rtept>
    <rtept lat="28.391218" lon="83.704861">
      <ele>2683.089456</ele>
    </rtept>
    <rtept lat="28.391292" lon="83.704796">
      <ele>2682.735748</ele>
    </rtept>
    <rtept lat="28.391358" lon="83.704724">
      <ele>2683.274795</ele>
    </rtept>
    <rtept lat="28.391435" lon="83.704664">
      <ele>2683.574574</ele>
    </rtept>
    <rtept lat="28.391524" lon="83.704682">
      <ele>2685.019548</ele>
    </rtept>
    <rtept lat="28.391587" lon="83.704601">
      <ele>2687.935421</ele>
    </rtept>
    <rtept lat="28.391672" lon="83.704562">
      <ele>2690.243118</ele>
    </rtept>
    <rtept lat="28.391742" lon="83.704488">
      <ele>2692.143944</ele>
    </rtept>
    <rtept lat="28.391832" lon="83.704465">
      <ele>2694.602952</ele>
    </rtept>
    <rtept lat="28.391926" lon="83.704447">
      <ele>2697.76912</ele>
    </rtept>
    <rtept lat="28.391996" lon="83.704518">
      <ele>2699.79064</ele>
    </rtept>
    <rtept lat="28.392054" lon="83.704601">
      <ele>2703.402222</ele>
    </rtept>
    <rtept lat="28.392142" lon="83.704566">
      <ele>2704.264598</ele>
    </rtept>
    <rtept lat="28.392219" lon="83.704632">
      <ele>2705.71571</ele>
    </rtept>
    <rtept lat="28.392296" lon="83.704566">
      <ele>2705.966386</ele>
    </rtept>
    <rtept lat="28.392394" lon="83.704578">
      <ele>2706.655212</ele>
    </rtept>
    <rtept lat="28.392487" lon="83.704581">
      <ele>2708.128845</ele>
    </rtept>
    <rtept lat="28.392579" lon="83.704553">
      <ele>2710.556801</ele>
    </rtept>
    <rtept lat="28.392673" lon="83.704556">
      <ele>2711.721283</ele>
    </rtept>
    <rtept lat="28.392757" lon="83.704598">
      <ele>2714.209273</ele>
    </rtept>
    <rtept lat="28.392838" lon="83.704551">
      <ele>2714.523245</ele>
    </rtept>
    <rtept lat="28.392935" lon="83.704546">
      <ele>2715.452853</ele>
    </rtept>
    <rtept lat="28.392997" lon="83.704465">
      <ele>2724.082669</ele>
    </rtept>
    <rtept lat="28.39306" lon="83.704391">
      <ele>2730.054443</ele>
    </rtept>
    <rtept lat="28.39312" lon="83.704304">
      <ele>2733.296269</ele>
    </rtept>
    <rtept lat="28.39318" lon="83.704223">
      <ele>2734.260767</ele>
    </rtept>
    <rtept lat="28.39327" lon="83.70422">
      <ele>2734.625995</ele>
    </rtept>
    <rtept lat="28.393369" lon="83.704172">
      <ele>2736.760211</ele>
    </rtept>
    <rtept lat="28.393424" lon="83.70409">
      <ele>2736.494349</ele>
    </rtept>
    <rtept lat="28.393475" lon="83.703991">
      <ele>2735.396405</ele>
    </rtept>
    <rtept lat="28.393519" lon="83.7039">
      <ele>2737.003127</ele>
    </rtept>
    <rtept lat="28.393559" lon="83.703805">
      <ele>2735.732984</ele>
    </rtept>
    <rtept lat="28.393619" lon="83.703714">
      <ele>2733.491147</ele>
    </rtept>
    <rtept lat="28.393679" lon="83.703627">
      <ele>2731.572849</ele>
    </rtept>
    <rtept lat="28.393753" lon="83.703558">
      <ele>2728.510894</ele>
    </rtept>
    <rtept lat="28.393816" lon="83.703477">
      <ele>2726.103648</ele>
    </rtept>
    <rtept lat="28.393907" lon="83.703449">
      <ele>2723.712121</ele>
    </rtept>
    <rtept lat="28.393988" lon="83.703403">
      <ele>2725.734938</ele>
    </rtept>
    <rtept lat="28.394052" lon="83.70333">
      <ele>2728.279277</ele>
    </rtept>
    <rtept lat="28.394141" lon="83.703305">
      <ele>2730.698148</ele>
    </rtept>
    <rtept lat="28.394222" lon="83.70325">
      <ele>2733.385517</ele>
    </rtept>
    <rtept lat="28.394164" lon="83.703171">
      <ele>2732.75403</ele>
    </rtept>
    <rtept lat="28.394145" lon="83.70307">
      <ele>2730.653498</ele>
    </rtept>
    <rtept lat="28.394218" lon="83.703132">
      <ele>2731.728451</ele>
    </rtept>
    <rtept lat="28.394255" lon="83.703035">
      <ele>2734.639495</ele>
    </rtept>
    <rtept lat="28.394334" lon="83.702983">
      <ele>2738.918126</ele>
    </rtept>
    <rtept lat="28.394384" lon="83.702894">
      <ele>2743.529952</ele>
    </rtept>
    <rtept lat="28.394463" lon="83.702846">
      <ele>2748.679179</ele>
    </rtept>
    <rtept lat="28.394461" lon="83.70274">
      <ele>2749.646684</ele>
    </rtept>
    <rtept lat="28.39454" lon="83.70269">
      <ele>2754.075893</ele>
    </rtept>
    <rtept lat="28.394633" lon="83.702672">
      <ele>2758.997213</ele>
    </rtept>
    <rtept lat="28.394723" lon="83.702709">
      <ele>2763.959862</ele>
    </rtept>
    <rtept lat="28.394785" lon="83.702623">
      <ele>2765.793966</ele>
    </rtept>
    <rtept lat="28.394878" lon="83.702654">
      <ele>2768.389576</ele>
    </rtept>
    <rtept lat="28.394967" lon="83.702688">
      <ele>2770.504398</ele>
    </rtept>
    <rtept lat="28.395056" lon="83.702724">
      <ele>2772.573609</ele>
    </rtept>
    <rtept lat="28.395079" lon="83.702624">
      <ele>2772.417341</ele>
    </rtept>
    <rtept lat="28.395167" lon="83.702578">
      <ele>2769.884001</ele>
    </rtept>
    <rtept lat="28.395256" lon="83.702604">
      <ele>2771.41583</ele>
    </rtept>
    <rtept lat="28.395348" lon="83.702568">
      <ele>2772.033757</ele>
    </rtept>
    <rtept lat="28.395429" lon="83.70251">
      <ele>2773.718737</ele>
    </rtept>
    <rtept lat="28.39553" lon="83.702513">
      <ele>2777.859194</ele>
    </rtept>
    <rtept lat="28.395594" lon="83.702428">
      <ele>2780.734007</ele>
    </rtept>
    <rtept lat="28.395671" lon="83.702371">
      <ele>2780.709616</ele>
    </rtept>
    <rtept lat="28.395756" lon="83.702317">
      <ele>2780.986322</ele>
    </rtept>
    <rtept lat="28.395853" lon="83.702289">
      <ele>2780.63561</ele>
    </rtept>
    <rtept lat="28.395948" lon="83.702291">
      <ele>2780.615241</ele>
    </rtept>
    <rtept lat="28.39604" lon="83.702279">
      <ele>2781.74286</ele>
    </rtept>
    <rtept lat="28.396135" lon="83.702288">
      <ele>2784.16696</ele>
    </rtept>
    <rtept lat="28.396236" lon="83.702284">
      <ele>2787.43269</ele>
    </rtept>
    <rtept lat="28.396308" lon="83.702222">
      <ele>2788.760562</ele>
    </rtept>
    <rtept lat="28.396401" lon="83.702226">
      <ele>2791.000681</ele>
    </rtept>
    <rtept lat="28.396479" lon="83.702176">
      <ele>2791.133436</ele>
    </rtept>
    <rtept lat="28.39657" lon="83.702159">
      <ele>2791.621556</ele>
    </rtept>
    <rtept lat="28.396656" lon="83.702125">
      <ele>2792.274885</ele>
    </rtept>
    <rtept lat="28.396735" lon="83.702074">
      <ele>2792.518231</ele>
    </rtept>
    <rtept lat="28.39681" lon="83.702013">
      <ele>2792.611044</ele>
    </rtept>
    <rtept lat="28.396888" lon="83.701951">
      <ele>2792.110613</ele>
    </rtept>
    <rtept lat="28.396959" lon="83.701886">
      <ele>2791.440838</ele>
    </rtept>
    <rtept lat="28.397049" lon="83.701863">
      <ele>2792.622675</ele>
    </rtept>
    <rtept lat="28.397126" lon="83.701805">
      <ele>2791.426933</ele>
    </rtept>
    <rtept lat="28.397217" lon="83.701799">
      <ele>2792.069661</ele>
    </rtept>
    <rtept lat="28.397314" lon="83.701771">
      <ele>2792.84394</ele>
    </rtept>
    <rtept lat="28.3974" lon="83.701711">
      <ele>2792.552613</ele>
    </rtept>
    <rtept lat="28.397488" lon="83.701664">
      <ele>2792.40442</ele>
    </rtept>
    <rtept lat="28.397567" lon="83.701605">
      <ele>2792.35842</ele>
    </rtept>
    <rtept lat="28.397638" lon="83.701532">
      <ele>2793.213402</ele>
    </rtept>
    <rtept lat="28.397738" lon="83.701508">
      <ele>2794.343499</ele>
    </rtept>
    <rtept lat="28.397817" lon="83.701439">
      <ele>2794.819325</ele>
    </rtept>
    <rtept lat="28.39787" lon="83.701349">
      <ele>2794.731016</ele>
    </rtept>
    <rtept lat="28.397968" lon="83.701323">
      <ele>2795.586703</ele>
    </rtept>
    <rtept lat="28.39804" lon="83.70125">
      <ele>2795.507426</ele>
    </rtept>
    <rtept lat="28.398122" lon="83.701188">
      <ele>2796.302143</ele>
    </rtept>
    <rtept lat="28.398216" lon="83.701205">
      <ele>2797.583716</ele>
    </rtept>
    <rtept lat="28.39829" lon="83.701147">
      <ele>2799.921424</ele>
    </rtept>
    <rtept lat="28.398377" lon="83.701111">
      <ele>2801.190704</ele>
    </rtept>
    <rtept lat="28.398467" lon="83.701076">
      <ele>2801.869868</ele>
    </rtept>
    <rtept lat="28.398556" lon="83.701053">
      <ele>2802.087303</ele>
    </rtept>
    <rtept lat="28.39865" lon="83.701018">
      <ele>2802.569667</ele>
    </rtept>
    <rtept lat="28.398734" lon="83.700976">
      <ele>2805.345687</ele>
    </rtept>
    <rtept lat="28.398806" lon="83.700914">
      <ele>2807.620129</ele>
    </rtept>
    <rtept lat="28.398849" lon="83.700824">
      <ele>2808.627987</ele>
    </rtept>
    <rtept lat="28.398902" lon="83.700739">
      <ele>2806.119817</ele>
    </rtept>
    <rtept lat="28.398994" lon="83.700712">
      <ele>2807.554233</ele>
    </rtept>
    <rtept lat="28.399079" lon="83.700676">
      <ele>2810.509375</ele>
    </rtept>
    <rtept lat="28.399137" lon="83.700596">
      <ele>2810.728462</ele>
    </rtept>
    <rtept lat="28.399226" lon="83.700582">
      <ele>2810.764681</ele>
    </rtept>
    <rtept lat="28.399316" lon="83.700557">
      <ele>2813.396385</ele>
    </rtept>
    <rtept lat="28.399368" lon="83.700473">
      <ele>2815.036484</ele>
    </rtept>
    <rtept lat="28.399438" lon="83.700406">
      <ele>2814.946508</ele>
    </rtept>
    <rtept lat="28.399518" lon="83.700358">
      <ele>2814.845684</ele>
    </rtept>
    <rtept lat="28.399603" lon="83.700312">
      <ele>2815.387814</ele>
    </rtept>
    <rtept lat="28.399681" lon="83.700253">
      <ele>2815.978039</ele>
    </rtept>
    <rtept lat="28.399753" lon="83.700185">
      <ele>2817.85228</ele>
    </rtept>
    <rtept lat="28.399818" lon="83.700107">
      <ele>2819.117113</ele>
    </rtept>
    <rtept lat="28.399889" lon="83.700043">
      <ele>2821.755281</ele>
    </rtept>
    <rtept lat="28.399925" lon="83.699948">
      <ele>2821.476397</ele>
    </rtept>
    <rtept lat="28.399992" lon="83.699878">
      <ele>2822.865287</ele>
    </rtept>
    <rtept lat="28.400054" lon="83.699799">
      <ele>2824.205288</ele>
    </rtept>
    <rtept lat="28.40009" lon="83.699703">
      <ele>2825.704291</ele>
    </rtept>
    <rtept lat="28.400144" lon="83.699615">
      <ele>2828.09276</ele>
    </rtept>
    <rtept lat="28.400195" lon="83.699527">
      <ele>2831.895037</ele>
    </rtept>
    <rtept lat="28.400281" lon="83.699474">
      <ele>2835.64228</ele>
    </rtept>
    <rtept lat="28.400373" lon="83.699466">
      <ele>2839.279747</ele>
    </rtept>
    <rtept lat="28.400435" lon="83.699389">
      <ele>2842.77565</ele>
    </rtept>
    <rtept lat="28.40052" lon="83.699351">
      <ele>2847.89356</ele>
    </rtept>
    <rtept lat="28.400602" lon="83.699307">
      <ele>2851.346602</ele>
    </rtept>
    <rtept lat="28.400673" lon="83.699371">
      <ele>2852.389795</ele>
    </rtept>
    <rtept lat="28.400725" lon="83.699455">
      <ele>2852.823122</ele>
    </rtept>
    <rtept lat="28.400808" lon="83.699505">
      <ele>2855.80481</ele>
    </rtept>
    <rtept lat="28.400874" lon="83.699579">
      <ele>2857.965086</ele>
    </rtept>
    <rtept lat="28.400936" lon="83.699653">
      <ele>2860.990408</ele>
    </rtept>
    <rtept lat="28.401026" lon="83.699663">
      <ele>2862.559642</ele>
    </rtept>
    <rtept lat="28.401119" lon="83.699692">
      <ele>2863.548265</ele>
    </rtept>
    <rtept lat="28.401195" lon="83.69976">
      <ele>2864.437272</ele>
    </rtept>
    <rtept lat="28.401279" lon="83.699827">
      <ele>2864.313823</ele>
    </rtept>
    <rtept lat="28.401352" lon="83.699889">
      <ele>2864.206857</ele>
    </rtept>
    <rtept lat="28.401441" lon="83.69987">
      <ele>2864.847126</ele>
    </rtept>
    <rtept lat="28.401515" lon="83.699811">
      <ele>2864.802865</ele>
    </rtept>
    <rtept lat="28.401596" lon="83.699859">
      <ele>2864.343455</ele>
    </rtept>
    <rtept lat="28.401642" lon="83.699766">
      <ele>2864.749412</ele>
    </rtept>
    <rtept lat="28.401735" lon="83.699794">
      <ele>2869.872531</ele>
    </rtept>
    <rtept lat="28.401829" lon="83.69978">
      <ele>2872.455386</ele>
    </rtept>
    <rtept lat="28.401923" lon="83.699781">
      <ele>2873.812427</ele>
    </rtept>
    <rtept lat="28.402013" lon="83.699775">
      <ele>2874.735073</ele>
    </rtept>
    <rtept lat="28.402103" lon="83.699765">
      <ele>2874.880245</ele>
    </rtept>
    <rtept lat="28.402198" lon="83.699778">
      <ele>2875.505361</ele>
    </rtept>
    <rtept lat="28.402292" lon="83.69975">
      <ele>2875.291863</ele>
    </rtept>
    <rtept lat="28.402375" lon="83.699703">
      <ele>2875.387953</ele>
    </rtept>
    <rtept lat="28.402461" lon="83.699856">
      <ele>2875.607219</ele>
    </rtept>
    <rtept lat="28.402549" lon="83.699886">
      <ele>2875.686322</ele>
    </rtept>
    <rtept lat="28.402617" lon="83.699816">
      <ele>2874.43318</ele>
    </rtept>
    <rtept lat="28.402672" lon="83.699912">
      <ele>2875.838465</ele>
    </rtept>
    <rtept lat="28.402722" lon="83.700003">
      <ele>2874.267585</ele>
    </rtept>
    <rtept lat="28.402632" lon="83.700297">
      <ele>2875.320053</ele>
    </rtept>
    <rtept lat="28.402706" lon="83.700071">
      <ele>2873.964829</ele>
    </rtept>
  </rte>
  <rte>
    <rtept lat="28.406588" lon="83.776539">
      <ele>2173.169982</ele>
    </rtept>
    <rtept lat="28.406682" lon="83.776534">
      <ele>2171.945584</ele>
    </rtept>
    <rtept lat="28.406772" lon="83.776542">
      <ele>2172.406001</ele>
    </rtept>
    <rtept lat="28.406853" lon="83.776599">
      <ele>2167.665819</ele>
    </rtept>
    <rtept lat="28.406915" lon="83.776676">
      <ele>2164.308751</ele>
    </rtept>
    <rtept lat="28.406938" lon="83.776777">
      <ele>2158.868982</ele>
    </rtept>
    <rtept lat="28.407004" lon="83.77685">
      <ele>2153.33478</ele>
    </rtept>
    <rtept lat="28.407093" lon="83.776811">
      <ele>2151.928496</ele>
    </rtept>
    <rtept lat="28.407187" lon="83.776799">
      <ele>2151.718351</ele>
    </rtept>
    <rtept lat="28.407276" lon="83.776779">
      <ele>2152.039361</ele>
    </rtept>
    <rtept lat="28.407366" lon="83.776748">
      <ele>2149.403229</ele>
    </rtept>
    <rtept lat="28.40746" lon="83.776772">
      <ele>2145.191191</ele>
    </rtept>
    <rtept lat="28.407534" lon="83.776834">
      <ele>2138.051335</ele>
    </rtept>
    <rtept lat="28.407523" lon="83.776942">
      <ele>2133.268162</ele>
    </rtept>
    <rtept lat="28.407516" lon="83.777048">
      <ele>2131.103487</ele>
    </rtept>
    <rtept lat="28.4075" lon="83.777153">
      <ele>2127.76626</ele>
    </rtept>
    <rtept lat="28.407412" lon="83.777204">
      <ele>2128.799326</ele>
    </rtept>
    <rtept lat="28.40733" lon="83.777263">
      <ele>2128.744258</ele>
    </rtept>
    <rtept lat="28.407261" lon="83.777331">
      <ele>2124.119849</ele>
    </rtept>
    <rtept lat="28.407291" lon="83.777428">
      <ele>2119.349471</ele>
    </rtept>
    <rtept lat="28.407363" lon="83.777497">
      <ele>2114.596502</ele>
    </rtept>
    <rtept lat="28.407409" lon="83.777588">
      <ele>2109.143723</ele>
    </rtept>
    <rtept lat="28.407488" lon="83.777642">
      <ele>2105.259774</ele>
    </rtept>
    <rtept lat="28.407577" lon="83.777681">
      <ele>2102.245548</ele>
    </rtept>
    <rtept lat="28.407659" lon="83.777724">
      <ele>2099.653806</ele>
    </rtept>
    <rtept lat="28.407744" lon="83.777762">
      <ele>2099.828045</ele>
    </rtept>
    <rtept lat="28.407782" lon="83.777861">
      <ele>2095.13621</ele>
    </rtept>
    <rtept lat="28.407691" lon="83.77785">
      <ele>2091.795006</ele>
    </rtept>
    <rtept lat="28.407593" lon="83.77787">
      <ele>2089.969099</ele>
    </rtept>
    <rtept lat="28.407676" lon="83.777913">
      <ele>2087.047998</ele>
    </rtept>
    <rtept lat="28.407715" lon="83.778007">
      <ele>2080.876634</ele>
    </rtept>
    <rtept lat="28.407783" lon="83.778078">
      <ele>2075.905421</ele>
    </rtept>
    <rtept lat="28.407878" lon="83.778066">
      <ele>2072.235214</ele>
    </rtept>
    <rtept lat="28.407832" lon="83.778159">
      <ele>2068.075042</ele>
    </rtept>
    <rtept lat="28.4078" lon="83.778257">
      <ele>2061.791545</ele>
    </rtept>
    <rtept lat="28.407818" lon="83.778361">
      <ele>2052.978019</ele>
    </rtept>
    <rtept lat="28.407788" lon="83.778458">
      <ele>2048.139902</ele>
    </rtept>
    <rtept lat="28.407805" lon="83.778561">
      <ele>2040.911962</ele>
    </rtept>
    <rtept lat="28.407778" lon="83.778663">
      <ele>2036.65563</ele>
    </rtept>
    <rtept lat="28.407726" lon="83.778757">
      <ele>2031.056878</ele>
    </rtept>
    <rtept lat="28.407761" lon="83.77885">
      <ele>2025.700022</ele>
    </rtept>
    <rtept lat="28.407811" lon="83.778942">
      <ele>2022.387413</ele>
    </rtept>
    <rtept lat="28.407818" lon="83.779045">
      <ele>2018.567449</ele>
    </rtept>
    <rtept lat="28.407812" lon="83.779151">
      <ele>2016.271267</ele>
    </rtept>
    <rtept lat="28.407828" lon="83.779254">
      <ele>2011.607081</ele>
    </rtept>
    <rtept lat="28.407869" lon="83.779349">
      <ele>2006.133579</ele>
    </rtept>
    <rtept lat="28.407837" lon="83.779448">
      <ele>2002.04168</ele>
    </rtept>
    <rtept lat="28.407819" lon="83.779548">
      <ele>1998.040127</ele>
    </rtept>
    <rtept lat="28.407779" lon="83.779641">
      <ele>1991.723759</ele>
    </rtept>
    <rtept lat="28.407738" lon="83.779735">
      <ele>1985.874165</ele>
    </rtept>
    <rtept lat="28.407686" lon="83.779821">
      <ele>1980.841454</ele>
    </rtept>
    <rtept lat="28.407615" lon="83.779885">
      <ele>1978.378175</ele>
    </rtept>
    <rtept lat="28.407594" lon="83.779987">
      <ele>1973.25371</ele>
    </rtept>
    <rtept lat="28.407653" lon="83.780076">
      <ele>1971.600437</ele>
    </rtept>
    <rtept lat="28.407714" lon="83.780158">
      <ele>1970.329625</ele>
    </rtept>
    <rtept lat="28.407688" lon="83.780264">
      <ele>1967.255867</ele>
    </rtept>
    <rtept lat="28.40768" lon="83.780372">
      <ele>1961.625329</ele>
    </rtept>
    <rtept lat="28.4077" lon="83.780476">
      <ele>1959.181567</ele>
    </rtept>
    <rtept lat="28.407674" lon="83.780574">
      <ele>1957.230792</ele>
    </rtept>
    <rtept lat="28.407646" lon="83.780672">
      <ele>1953.778706</ele>
    </rtept>
    <rtept lat="28.407623" lon="83.780776">
      <ele>1949.29772</ele>
    </rtept>
    <rtept lat="28.407713" lon="83.780802">
      <ele>1944.539028</ele>
    </rtept>
    <rtept lat="28.407802" lon="83.780763">
      <ele>1943.987758</ele>
    </rtept>
    <rtept lat="28.407895" lon="83.780744">
      <ele>1943.489893</ele>
    </rtept>
    <rtept lat="28.407975" lon="83.780687">
      <ele>1941.741613</ele>
    </rtept>
    <rtept lat="28.408058" lon="83.780639">
      <ele>1939.292585</ele>
    </rtept>
    <rtept lat="28.408137" lon="83.780576">
      <ele>1939.356756</ele>
    </rtept>
    <rtept lat="28.40823" lon="83.780535">
      <ele>1941.773745</ele>
    </rtept>
    <rtept lat="28.408318" lon="83.780495">
      <ele>1943.083123</ele>
    </rtept>
    <rtept lat="28.40841" lon="83.780509">
      <ele>1937.623976</ele>
    </rtept>
    <rtept lat="28.408505" lon="83.78051">
      <ele>1931.98513</ele>
    </rtept>
    <rtept lat="28.408599" lon="83.780525">
      <ele>1926.792193</ele>
    </rtept>
    <rtept lat="28.408631" lon="83.780623">
      <ele>1923.517931</ele>
    </rtept>
    <rtept lat="28.408577" lon="83.780708">
      <ele>1924.503151</ele>
    </rtept>
    <rtept lat="28.408659" lon="83.780768">
      <ele>1925.16389</ele>
    </rtept>
    <rtept lat="28.408714" lon="83.780856">
      <ele>1924.815839</ele>
    </rtept>
    <rtept lat="28.40875" lon="83.780958">
      <ele>1927.058306</ele>
    </rtept>
    <rtept lat="28.408832" lon="83.781005">
      <ele>1930.290789</ele>
    </rtept>
    <rtept lat="28.40892" lon="83.780979">
      <ele>1929.452796</ele>
    </rtept>
    <rtept lat="28.409012" lon="83.780948">
      <ele>1932.718044</ele>
    </rtept>
    <rtept lat="28.408959" lon="83.781043">
      <ele>1932.124313</ele>
    </rtept>
    <rtept lat="28.408876" lon="83.781093">
      <ele>1933.986901</ele>
    </rtept>
    <rtept lat="28.408832" lon="83.781189">
      <ele>1935.660282</ele>
    </rtept>
    <rtept lat="28.408905" lon="83.781248">
      <ele>1934.277475</ele>
    </rtept>
    <rtept lat="28.408847" lon="83.781328">
      <ele>1936.342309</ele>
    </rtept>
    <rtept lat="28.408796" lon="83.781414">
      <ele>1939.723298</ele>
    </rtept>
    <rtept lat="28.408775" lon="83.781516">
      <ele>1945.1884</ele>
    </rtept>
    <rtept lat="28.408773" lon="83.781621">
      <ele>1949.019455</ele>
    </rtept>
    <rtept lat="28.408799" lon="83.781721">
      <ele>1957.546392</ele>
    </rtept>
    <rtept lat="28.40876" lon="83.781819">
      <ele>1960.972381</ele>
    </rtept>
    <rtept lat="28.408679" lon="83.781864">
      <ele>1966.872803</ele>
    </rtept>
    <rtept lat="28.408608" lon="83.781928">
      <ele>1975.519121</ele>
    </rtept>
    <rtept lat="28.408647" lon="83.782024">
      <ele>1979.067022</ele>
    </rtept>
    <rtept lat="28.408595" lon="83.782111">
      <ele>1981.230734</ele>
    </rtept>
    <rtept lat="28.408541" lon="83.782197">
      <ele>1985.726374</ele>
    </rtept>
    <rtept lat="28.408463" lon="83.782253">
      <ele>1986.97122</ele>
    </rtept>
    <rtept lat="28.408382" lon="83.782299">
      <ele>1987.65395</ele>
    </rtept>
    <rtept lat="28.408296" lon="83.782339">
      <ele>1987.942232</ele>
    </rtept>
    <rtept lat="28.408243" lon="83.78243">
      <ele>1993.052735</ele>
    </rtept>
    <rtept lat="28.408325" lon="83.782476">
      <ele>1995.404354</ele>
    </rtept>
    <rtept lat="28.408252" lon="83.782536">
      <ele>1995.058331</ele>
    </rtept>
    <rtept lat="28.40822" lon="83.782641">
      <ele>1998.58852</ele>
    </rtept>
    <rtept lat="28.408145" lon="83.782703">
      <ele>2002.770288</ele>
    </rtept>
    <rtept lat="28.408104" lon="83.782805">
      <ele>2010.566493</ele>
    </rtept>
    <rtept lat="28.40804" lon="83.782886">
      <ele>2014.204224</ele>
    </rtept>
    <rtept lat="28.408045" lon="83.782988">
      <ele>2015.097701</ele>
    </rtept>
    <rtept lat="28.408075" lon="83.783085">
      <ele>2017.17543</ele>
    </rtept>
    <rtept lat="28.408082" lon="83.783194">
      <ele>2020.631936</ele>
    </rtept>
    <rtept lat="28.408086" lon="83.783308">
      <ele>2022.537263</ele>
    </rtept>
    <rtept lat="28.408056" lon="83.783407">
      <ele>2021.642536</ele>
    </rtept>
    <rtept lat="28.408035" lon="83.783509">
      <ele>2020.892054</ele>
    </rtept>
    <rtept lat="28.408035" lon="83.783612">
      <ele>2020.79901</ele>
    </rtept>
    <rtept lat="28.40806" lon="83.78372">
      <ele>2020.464397</ele>
    </rtept>
    <rtept lat="28.408027" lon="83.783827">
      <ele>2021.890677</ele>
    </rtept>
    <rtept lat="28.408052" lon="83.783928">
      <ele>2020.41864</ele>
    </rtept>
    <rtept lat="28.408136" lon="83.783975">
      <ele>2021.159074</ele>
    </rtept>
    <rtept lat="28.408224" lon="83.783942">
      <ele>2022.115432</ele>
    </rtept>
    <rtept lat="28.408312" lon="83.783972">
      <ele>2021.494572</ele>
    </rtept>
    <rtept lat="28.40839" lon="83.784038">
      <ele>2022.19068</ele>
    </rtept>
    <rtept lat="28.408396" lon="83.784143">
      <ele>2023.453706</ele>
    </rtept>
    <rtept lat="28.408419" lon="83.784257">
      <ele>2025.492535</ele>
    </rtept>
    <rtept lat="28.408431" lon="83.784359">
      <ele>2028.056464</ele>
    </rtept>
    <rtept lat="28.408415" lon="83.784463">
      <ele>2028.031581</ele>
    </rtept>
    <rtept lat="28.408397" lon="83.784563">
      <ele>2028.696225</ele>
    </rtept>
    <rtept lat="28.408428" lon="83.784668">
      <ele>2030.164527</ele>
    </rtept>
    <rtept lat="28.408474" lon="83.784758">
      <ele>2029.526102</ele>
    </rtept>
    <rtept lat="28.408466" lon="83.784861">
      <ele>2029.919099</ele>
    </rtept>
    <rtept lat="28.408456" lon="83.784975">
      <ele>2029.603376</ele>
    </rtept>
    <rtept lat="28.408533" lon="83.785031">
      <ele>2032.361712</ele>
    </rtept>
    <rtept lat="28.408596" lon="83.785105">
      <ele>2034.767229</ele>
    </rtept>
    <rtept lat="28.408646" lon="83.785196">
      <ele>2039.541022</ele>
    </rtept>
    <rtept lat="28.408721" lon="83.785262">
      <ele>2042.753499</ele>
    </rtept>
    <rtept lat="28.408716" lon="83.785368">
      <ele>2042.932381</ele>
    </rtept>
    <rtept lat="28.408693" lon="83.785471">
      <ele>2041.541216</ele>
    </rtept>
    <rtept lat="28.408733" lon="83.785574">
      <ele>2034.967726</ele>
    </rtept>
    <rtept lat="28.408789" lon="83.785667">
      <ele>2034.248444</ele>
    </rtept>
    <rtept lat="28.408834" lon="83.785759">
      <ele>2036.388941</ele>
    </rtept>
    <rtept lat="28.408862" lon="83.785859">
      <ele>2036.134259</ele>
    </rtept>
    <rtept lat="28.408887" lon="83.785969">
      <ele>2038.348376</ele>
    </rtept>
    <rtept lat="28.408881" lon="83.786084">
      <ele>2038.60566</ele>
    </rtept>
    <rtept lat="28.408887" lon="83.786192">
      <ele>2039.111976</ele>
    </rtept>
    <rtept lat="28.408907" lon="83.786305">
      <ele>2039.511471</ele>
    </rtept>
    <rtept lat="28.408904" lon="83.786421">
      <ele>2040.482152</ele>
    </rtept>
    <rtept lat="28.408874" lon="83.786524">
      <ele>2041.905978</ele>
    </rtept>
    <rtept lat="28.408808" lon="83.786599">
      <ele>2042.538892</ele>
    </rtept>
    <rtept lat="28.40886" lon="83.786691">
      <ele>2047.817622</ele>
    </rtept>
    <rtept lat="28.408931" lon="83.78676">
      <ele>2051.869198</ele>
    </rtept>
    <rtept lat="28.408973" lon="83.786855">
      <ele>2049.307928</ele>
    </rtept>
    <rtept lat="28.409056" lon="83.786806">
      <ele>2051.038367</ele>
    </rtept>
    <rtept lat="28.409143" lon="83.786844">
      <ele>2052.912577</ele>
    </rtept>
    <rtept lat="28.409225" lon="83.786899">
      <ele>2052.348938</ele>
    </rtept>
    <rtept lat="28.409262" lon="83.786992">
      <ele>2053.336396</ele>
    </rtept>
    <rtept lat="28.409272" lon="83.787094">
      <ele>2052.668126</ele>
    </rtept>
    <rtept lat="28.409293" lon="83.787208">
      <ele>2051.995831</ele>
    </rtept>
    <rtept lat="28.409377" lon="83.787254">
      <ele>2050.371865</ele>
    </rtept>
    <rtept lat="28.409467" lon="83.787243">
      <ele>2049.963047</ele>
    </rtept>
    <rtept lat="28.40953" lon="83.787324">
      <ele>2048.69711</ele>
    </rtept>
    <rtept lat="28.409588" lon="83.78741">
      <ele>2047.668228</ele>
    </rtept>
    <rtept lat="28.409615" lon="83.787511">
      <ele>2047.261268</ele>
    </rtept>
    <rtept lat="28.409695" lon="83.787459">
      <ele>2043.831755</ele>
    </rtept>
    <rtept lat="28.409776" lon="83.78739">
      <ele>2043.143046</ele>
    </rtept>
    <rtept lat="28.409862" lon="83.78736">
      <ele>2041.627041</ele>
    </rtept>
    <rtept lat="28.409952" lon="83.787376">
      <ele>2039.780664</ele>
    </rtept>
    <rtept lat="28.410042" lon="83.787409">
      <ele>2034.468715</ele>
    </rtept>
    <rtept lat="28.410115" lon="83.787469">
      <ele>2033.484322</ele>
    </rtept>
    <rtept lat="28.410202" lon="83.787508">
      <ele>2032.342672</ele>
    </rtept>
    <rtept lat="28.410256" lon="83.787593">
      <ele>2033.087245</ele>
    </rtept>
    <rtept lat="28.410343" lon="83.787639">
      <ele>2032.470729</ele>
    </rtept>
    <rtept lat="28.41042" lon="83.78771">
      <ele>2032.606751</ele>
    </rtept>
    <rtept lat="28.410475" lon="83.787803">
      <ele>2033.708541</ele>
    </rtept>
    <rtept lat="28.410538" lon="83.787883">
      <ele>2034.414648</ele>
    </rtept>
    <rtept lat="28.410608" lon="83.787957">
      <ele>2035.383704</ele>
    </rtept>
    <rtept lat="28.410662" lon="83.78804">
      <ele>2038.47409</ele>
    </rtept>
    <rtept lat="28.41067" lon="83.788145">
      <ele>2044.505158</ele>
    </rtept>
    <rtept lat="28.410629" lon="83.788237">
      <ele>2048.887491</ele>
    </rtept>
    <rtept lat="28.410629" lon="83.78834">
      <ele>2049.696854</ele>
    </rtept>
    <rtept lat="28.41061" lon="83.788441">
      <ele>2049.326344</ele>
    </rtept>
    <rtept lat="28.410591" lon="83.788545">
      <ele>2047.529115</ele>
    </rtept>
    <rtept lat="28.410593" lon="83.788655">
      <ele>2045.82863</ele>
    </rtept>
    <rtept lat="28.410642" lon="83.788743">
      <ele>2046.073562</ele>
    </rtept>
    <rtept lat="28.410735" lon="83.78878">
      <ele>2048.215872</ele>
    </rtept>
    <rtept lat="28.410771" lon="83.788876">
      <ele>2051.497289</ele>
    </rtept>
    <rtept lat="28.410704" lon="83.78895">
      <ele>2050.612225</ele>
    </rtept>
    <rtept lat="28.410654" lon="83.78904">
      <ele>2051.402403</ele>
    </rtept>
    <rtept lat="28.410605" lon="83.789127">
      <ele>2052.791961</ele>
    </rtept>
    <rtept lat="28.410535" lon="83.789199">
      <ele>2054.046926</ele>
    </rtept>
    <rtept lat="28.41045" lon="83.789243">
      <ele>2053.9285</ele>
    </rtept>
    <rtept lat="28.410397" lon="83.789332">
      <ele>2052.461521</ele>
    </rtept>
    <rtept lat="28.410403" lon="83.789437">
      <ele>2049.28477</ele>
    </rtept>
    <rtept lat="28.41041" lon="83.789547">
      <ele>2050.018855</ele>
    </rtept>
    <rtept lat="28.410391" lon="83.789647">
      <ele>2050.400109</ele>
    </rtept>
    <rtept lat="28.410373" lon="83.789757">
      <ele>2053.765694</ele>
    </rtept>
    <rtept lat="28.410384" lon="83.789858">
      <ele>2055.772802</ele>
    </rtept>
    <rtept lat="28.410394" lon="83.789962">
      <ele>2057.135392</ele>
    </rtept>
    <rtept lat="28.410426" lon="83.790065">
      <ele>2059.697498</ele>
    </rtept>
    <rtept lat="28.410444" lon="83.790169">
      <ele>2061.015766</ele>
    </rtept>
    <rtept lat="28.410464" lon="83.790271">
      <ele>2062.342844</ele>
    </rtept>
    <rtept lat="28.410444" lon="83.790381">
      <ele>2061.682675</ele>
    </rtept>
    <rtept lat="28.410528" lon="83.790425">
      <ele>2061.869473</ele>
    </rtept>
    <rtept lat="28.410462" lon="83.790351">
      <ele>2060.978125</ele>
    </rtept>
    <rtept lat="28.410523" lon="83.790437">
      <ele>2062.318773</ele>
    </rtept>
    <rtept lat="28.410605" lon="83.790488">
      <ele>2062.4221</ele>
    </rtept>
    <rtept lat="28.410685" lon="83.79055">
      <ele>2064.658473</ele>
    </rtept>
    <rtept lat="28.410673" lon="83.790654">
      <ele>2066.684687</ele>
    </rtept>
    <rtept lat="28.41065" lon="83.790757">
      <ele>2068.890767</ele>
    </rtept>
    <rtept lat="28.410649" lon="83.790862">
      <ele>2070.837472</ele>
    </rtept>
    <rtept lat="28.410649" lon="83.790969">
      <ele>2073.581196</ele>
    </rtept>
    <rtept lat="28.410647" lon="83.791073">
      <ele>2076.381097</ele>
    </rtept>
    <rtept lat="28.410695" lon="83.791166">
      <ele>2079.315742</ele>
    </rtept>
    <rtept lat="28.410689" lon="83.79127">
      <ele>2083.099893</ele>
    </rtept>
    <rtept lat="28.410666" lon="83.79137">
      <ele>2087.221873</ele>
    </rtept>
    <rtept lat="28.410676" lon="83.791475">
      <ele>2089.901297</ele>
    </rtept>
    <rtept lat="28.410656" lon="83.791577">
      <ele>2091.187317</ele>
    </rtept>
    <rtept lat="28.410644" lon="83.791685">
      <ele>2093.293945</ele>
    </rtept>
    <rtept lat="28.41062" lon="83.791786">
      <ele>2097.892613</ele>
    </rtept>
    <rtept lat="28.410579" lon="83.79188">
      <ele>2101.064313</ele>
    </rtept>
    <rtept lat="28.410513" lon="83.791953">
      <ele>2101.756723</ele>
    </rtept>
    <rtept lat="28.410466" lon="83.792044">
      <ele>2100.847411</ele>
    </rtept>
    <rtept lat="28.410435" lon="83.792141">
      <ele>2100.533011</ele>
    </rtept>
    <rtept lat="28.410439" lon="83.792244">
      <ele>2101.442165</ele>
    </rtept>
    <rtept lat="28.410451" lon="83.792354">
      <ele>2105.285053</ele>
    </rtept>
    <rtept lat="28.410473" lon="83.792459">
      <ele>2105.409732</ele>
    </rtept>
    <rtept lat="28.410524" lon="83.792554">
      <ele>2107.23147</ele>
    </rtept>
    <rtept lat="28.410547" lon="83.792657">
      <ele>2107.254005</ele>
    </rtept>
    <rtept lat="28.410576" lon="83.792769">
      <ele>2107.208141</ele>
    </rtept>
    <rtept lat="28.410553" lon="83.79287">
      <ele>2116.239025</ele>
    </rtept>
    <rtept lat="28.410556" lon="83.792979">
      <ele>2121.022364</ele>
    </rtept>
    <rtept lat="28.410506" lon="83.793069">
      <ele>2127.019099</ele>
    </rtept>
    <rtept lat="28.410471" lon="83.793175">
      <ele>2127.62152</ele>
    </rtept>
    <rtept lat="28.410453" lon="83.793275">
      <ele>2128.991557</ele>
    </rtept>
    <rtept lat="28.410429" lon="83.793391">
      <ele>2129.986385</ele>
    </rtept>
    <rtept lat="28.410409" lon="83.793498">
      <ele>2130.350013</ele>
    </rtept>
    <rtept lat="28.410385" lon="83.7936">
      <ele>2132.329673</ele>
    </rtept>
    <rtept lat="28.410335" lon="83.79369">
      <ele>2134.367804</ele>
    </rtept>
    <rtept lat="28.410279" lon="83.79378">
      <ele>2137.832549</ele>
    </rtept>
    <rtept lat="28.410224" lon="83.793862">
      <ele>2135.85236</ele>
    </rtept>
    <rtept lat="28.410186" lon="83.793955">
      <ele>2135.712252</ele>
    </rtept>
    <rtept lat="28.410136" lon="83.794041">
      <ele>2134.951049</ele>
    </rtept>
    <rtept lat="28.410083" lon="83.794126">
      <ele>2133.90059</ele>
    </rtept>
    <rtept lat="28.41001" lon="83.794211">
      <ele>2132.240281</ele>
    </rtept>
    <rtept lat="28.409942" lon="83.794288">
      <ele>2129.54469</ele>
    </rtept>
    <rtept lat="28.409879" lon="83.794375">
      <ele>2129.695488</ele>
    </rtept>
    <rtept lat="28.409855" lon="83.794481">
      <ele>2129.675561</ele>
    </rtept>
    <rtept lat="28.409803" lon="83.794566">
      <ele>2128.664936</ele>
    </rtept>
    <rtept lat="28.409715" lon="83.794618">
      <ele>2126.132839</ele>
    </rtept>
    <rtept lat="28.409634" lon="83.794667">
      <ele>2126.583772</ele>
    </rtept>
    <rtept lat="28.409598" lon="83.794769">
      <ele>2126.356992</ele>
    </rtept>
    <rtept lat="28.409598" lon="83.794873">
      <ele>2126.191124</ele>
    </rtept>
    <rtept lat="28.409545" lon="83.79496">
      <ele>2131.321813</ele>
    </rtept>
    <rtept lat="28.409527" lon="83.795062">
      <ele>2131.236084</ele>
    </rtept>
    <rtept lat="28.409489" lon="83.795156">
      <ele>2131.129111</ele>
    </rtept>
    <rtept lat="28.409525" lon="83.795255">
      <ele>2137.389483</ele>
    </rtept>
    <rtept lat="28.409609" lon="83.795292">
      <ele>2147.495404</ele>
    </rtept>
    <rtept lat="28.409608" lon="83.795397">
      <ele>2155.60493</ele>
    </rtept>
    <rtept lat="28.409634" lon="83.7955">
      <ele>2160.655679</ele>
    </rtept>
    <rtept lat="28.409627" lon="83.795606">
      <ele>2166.898006</ele>
    </rtept>
    <rtept lat="28.409718" lon="83.795624">
      <ele>2167.822491</ele>
    </rtept>
    <rtept lat="28.409733" lon="83.795727">
      <ele>2172.867737</ele>
    </rtept>
    <rtept lat="28.409751" lon="83.79583">
      <ele>2175.338927</ele>
    </rtept>
    <rtept lat="28.409801" lon="83.795919">
      <ele>2175.506657</ele>
    </rtept>
    <rtept lat="28.40983" lon="83.796029">
      <ele>2175.510466</ele>
    </rtept>
    <rtept lat="28.409878" lon="83.79612">
      <ele>2174.545599</ele>
    </rtept>
    <rtept lat="28.409943" lon="83.796196">
      <ele>2175.077759</ele>
    </rtept>
    <rtept lat="28.409997" lon="83.796278">
      <ele>2178.741076</ele>
    </rtept>
    <rtept lat="28.41006" lon="83.796357">
      <ele>2180.859152</ele>
    </rtept>
    <rtept lat="28.410112" lon="83.796442">
      <ele>2184.453599</ele>
    </rtept>
    <rtept lat="28.410205" lon="83.796478">
      <ele>2187.599762</ele>
    </rtept>
    <rtept lat="28.410296" lon="83.796505">
      <ele>2187.426797</ele>
    </rtept>
    <rtept lat="28.410373" lon="83.796575">
      <ele>2191.319864</ele>
    </rtept>
    <rtept lat="28.410464" lon="83.796626">
      <ele>2195.103069</ele>
    </rtept>
    <rtept lat="28.410543" lon="83.796678">
      <ele>2196.295557</ele>
    </rtept>
    <rtept lat="28.41062" lon="83.796738">
      <ele>2194.863714</ele>
    </rtept>
    <rtept lat="28.410658" lon="83.796833">
      <ele>2204.350469</ele>
    </rtept>
    <rtept lat="28.410705" lon="83.796921">
      <ele>2209.116447</ele>
    </rtept>
    <rtept lat="28.410766" lon="83.797003">
      <ele>2212.248938</ele>
    </rtept>
    <rtept lat="28.410798" lon="83.797098">
      <ele>2212.493042</ele>
    </rtept>
    <rtept lat="28.410819" lon="83.797203">
      <ele>2211.6854</ele>
    </rtept>
    <rtept lat="28.410801" lon="83.797313">
      <ele>2210.205791</ele>
    </rtept>
    <rtept lat="28.410826" lon="83.797418">
      <ele>2207.74751</ele>
    </rtept>
    <rtept lat="28.410843" lon="83.797521">
      <ele>2207.898115</ele>
    </rtept>
    <rtept lat="28.410784" lon="83.797607">
      <ele>2207.254108</ele>
    </rtept>
    <rtept lat="28.410788" lon="83.797711">
      <ele>2206.917767</ele>
    </rtept>
    <rtept lat="28.410755" lon="83.797812">
      <ele>2205.022967</ele>
    </rtept>
    <rtept lat="28.410769" lon="83.797914">
      <ele>2200.64481</ele>
    </rtept>
    <rtept lat="28.410792" lon="83.79802">
      <ele>2197.437687</ele>
    </rtept>
    <rtept lat="28.410791" lon="83.798126">
      <ele>2196.80236</ele>
    </rtept>
    <rtept lat="28.41079" lon="83.79823">
      <ele>2196.146955</ele>
    </rtept>
    <rtept lat="28.410808" lon="83.798344">
      <ele>2194.995164</ele>
    </rtept>
    <rtept lat="28.410823" lon="83.798448">
      <ele>2194.888755</ele>
    </rtept>
    <rtept lat="28.410792" lon="83.798544">
      <ele>2193.674102</ele>
    </rtept>
    <rtept lat="28.410777" lon="83.79865">
      <ele>2193.240507</ele>
    </rtept>
    <rtept lat="28.410742" lon="83.798756">
      <ele>2191.130656</ele>
    </rtept>
    <rtept lat="28.410739" lon="83.79886">
      <ele>2190.53902</ele>
    </rtept>
    <rtept lat="28.410768" lon="83.798959">
      <ele>2190.888615</ele>
    </rtept>
    <rtept lat="28.410803" lon="83.799064">
      <ele>2191.203888</ele>
    </rtept>
    <rtept lat="28.410828" lon="83.799163">
      <ele>2192.889356</ele>
    </rtept>
    <rtept lat="28.410834" lon="83.799271">
      <ele>2192.769188</ele>
    </rtept>
    <rtept lat="28.410827" lon="83.799375">
      <ele>2192.492053</ele>
    </rtept>
    <rtept lat="28.410819" lon="83.799481">
      <ele>2194.08229</ele>
    </rtept>
    <rtept lat="28.410785" lon="83.799577">
      <ele>2195.433986</ele>
    </rtept>
    <rtept lat="28.410731" lon="83.799663">
      <ele>2196.762541</ele>
    </rtept>
    <rtept lat="28.410663" lon="83.799735">
      <ele>2198.45293</ele>
    </rtept>
    <rtept lat="28.41058" lon="83.799778">
      <ele>2199.812691</ele>
    </rtept>
    <rtept lat="28.410497" lon="83.799839">
      <ele>2199.624534</ele>
    </rtept>
    <rtept lat="28.410458" lon="83.799931">
      <ele>2199.558755</ele>
    </rtept>
    <rtept lat="28.410438" lon="83.800035">
      <ele>2199.769801</ele>
    </rtept>
    <rtept lat="28.410427" lon="83.800141">
      <ele>2199.629308</ele>
    </rtept>
    <rtept lat="28.410413" lon="83.800248">
      <ele>2198.58099</ele>
    </rtept>
    <rtept lat="28.410412" lon="83.800356">
      <ele>2198.931143</ele>
    </rtept>
    <rtept lat="28.410419" lon="83.800464">
      <ele>2198.703129</ele>
    </rtept>
    <rtept lat="28.410436" lon="83.80057">
      <ele>2198.96417</ele>
    </rtept>
    <rtept lat="28.410496" lon="83.800652">
      <ele>2201.42262</ele>
    </rtept>
    <rtept lat="28.410551" lon="83.800739">
      <ele>2203.212724</ele>
    </rtept>
    <rtept lat="28.410606" lon="83.800823">
      <ele>2206.29452</ele>
    </rtept>
    <rtept lat="28.41066" lon="83.800909">
      <ele>2210.116278</ele>
    </rtept>
    <rtept lat="28.410732" lon="83.800971">
      <ele>2212.022266</ele>
    </rtept>
    <rtept lat="28.41082" lon="83.800998">
      <ele>2213.51992</ele>
    </rtept>
    <rtept lat="28.410907" lon="83.801028">
      <ele>2216.377733</ele>
    </rtept>
    <rtept lat="28.410978" lon="83.801093">
      <ele>2224.653557</ele>
    </rtept>
    <rtept lat="28.411079" lon="83.801096">
      <ele>2225.834131</ele>
    </rtept>
    <rtept lat="28.41114" lon="83.801172">
      <ele>2233.643409</ele>
    </rtept>
    <rtept lat="28.411219" lon="83.801226">
      <ele>2238.023677</ele>
    </rtept>
    <rtept lat="28.41128" lon="83.801304">
      <ele>2240.537157</ele>
    </rtept>
    <rtept lat="28.411347" lon="83.801387">
      <ele>2239.663202</ele>
    </rtept>
    <rtept lat="28.41143" lon="83.80143">
      <ele>2240.600687</ele>
    </rtept>
    <rtept lat="28.411479" lon="83.801522">
      <ele>2245.898176</ele>
    </rtept>
    <rtept lat="28.41153" lon="83.80161">
      <ele>2246.405591</ele>
    </rtept>
    <rtept lat="28.411569" lon="83.801705">
      <ele>2249.099936</ele>
    </rtept>
    <rtept lat="28.411636" lon="83.801788">
      <ele>2258.205228</ele>
    </rtept>
    <rtept lat="28.411638" lon="83.801895">
      <ele>2261.656255</ele>
    </rtept>
    <rtept lat="28.411653" lon="83.801998">
      <ele>2260.631271</ele>
    </rtept>
    <rtept lat="28.411678" lon="83.8021">
      <ele>2262.99794</ele>
    </rtept>
    <rtept lat="28.411669" lon="83.802203">
      <ele>2264.838516</ele>
    </rtept>
    <rtept lat="28.41174" lon="83.802273">
      <ele>2266.20336</ele>
    </rtept>
    <rtept lat="28.411731" lon="83.802374">
      <ele>2269.187089</ele>
    </rtept>
    <rtept lat="28.411729" lon="83.802477">
      <ele>2270.161725</ele>
    </rtept>
    <rtept lat="28.411706" lon="83.802588">
      <ele>2271.615898</ele>
    </rtept>
    <rtept lat="28.411691" lon="83.802692">
      <ele>2271.171339</ele>
    </rtept>
    <rtept lat="28.411697" lon="83.802797">
      <ele>2270.466217</ele>
    </rtept>
    <rtept lat="28.411769" lon="83.80287">
      <ele>2268.472978</ele>
    </rtept>
    <rtept lat="28.411707" lon="83.802792">
      <ele>2267.099854</ele>
    </rtept>
    <rtept lat="28.411727" lon="83.802881">
      <ele>2265.336207</ele>
    </rtept>
    <rtept lat="28.411816" lon="83.802916">
      <ele>2264.943794</ele>
    </rtept>
    <rtept lat="28.411918" lon="83.802936">
      <ele>2264.625245</ele>
    </rtept>
    <rtept lat="28.412014" lon="83.802959">
      <ele>2264.504108</ele>
    </rtept>
    <rtept lat="28.41209" lon="83.803021">
      <ele>2263.286036</ele>
    </rtept>
    <rtept lat="28.412185" lon="83.803018">
      <ele>2258.883435</ele>
    </rtept>
    <rtept lat="28.412225" lon="83.802921">
      <ele>2256.602306</ele>
    </rtept>
    <rtept lat="28.41231" lon="83.802877">
      <ele>2258.715461</ele>
    </rtept>
    <rtept lat="28.412397" lon="83.802838">
      <ele>2259.967066</ele>
    </rtept>
    <rtept lat="28.412488" lon="83.802846">
      <ele>2262.423074</ele>
    </rtept>
    <rtept lat="28.412573" lon="83.802785">
      <ele>2263.257926</ele>
    </rtept>
    <rtept lat="28.41263" lon="83.8027">
      <ele>2261.70386</ele>
    </rtept>
    <rtept lat="28.412621" lon="83.802587">
      <ele>2261.227584</ele>
    </rtept>
    <rtept lat="28.412678" lon="83.802504">
      <ele>2262.519631</ele>
    </rtept>
    <rtept lat="28.412765" lon="83.802468">
      <ele>2264.013304</ele>
    </rtept>
    <rtept lat="28.412853" lon="83.802431">
      <ele>2265.704648</ele>
    </rtept>
    <rtept lat="28.412943" lon="83.802423">
      <ele>2267.478568</ele>
    </rtept>
    <rtept lat="28.413036" lon="83.802452">
      <ele>2268.394456</ele>
    </rtept>
    <rtept lat="28.413127" lon="83.802455">
      <ele>2269.616651</ele>
    </rtept>
    <rtept lat="28.413222" lon="83.802452">
      <ele>2272.285153</ele>
    </rtept>
    <rtept lat="28.41332" lon="83.802465">
      <ele>2270.054596</ele>
    </rtept>
    <rtept lat="28.41342" lon="83.802465">
      <ele>2270.668966</ele>
    </rtept>
    <rtept lat="28.413516" lon="83.802462">
      <ele>2271.323669</ele>
    </rtept>
    <rtept lat="28.413616" lon="83.802431">
      <ele>2271.976696</ele>
    </rtept>
    <rtept lat="28.413701" lon="83.802391">
      <ele>2272.602099</ele>
    </rtept>
    <rtept lat="28.413796" lon="83.802372">
      <ele>2273.837396</ele>
    </rtept>
    <rtept lat="28.413889" lon="83.802359">
      <ele>2274.79232</ele>
    </rtept>
    <rtept lat="28.413981" lon="83.802344">
      <ele>2277.867366</ele>
    </rtept>
    <rtept lat="28.41407" lon="83.802317">
      <ele>2279.603931</ele>
    </rtept>
    <rtept lat="28.414161" lon="83.802295">
      <ele>2281.50604</ele>
    </rtept>
    <rtept lat="28.414265" lon="83.802301">
      <ele>2283.514722</ele>
    </rtept>
    <rtept lat="28.414358" lon="83.802291">
      <ele>2283.133844</ele>
    </rtept>
    <rtept lat="28.414447" lon="83.802327">
      <ele>2286.774962</ele>
    </rtept>
    <rtept lat="28.414537" lon="83.802307">
      <ele>2294.41225</ele>
    </rtept>
    <rtept lat="28.414634" lon="83.802291">
      <ele>2297.528343</ele>
    </rtept>
    <rtept lat="28.41472" lon="83.802251">
      <ele>2298.253729</ele>
    </rtept>
    <rtept lat="28.414805" lon="83.80231">
      <ele>2296.790055</ele>
    </rtept>
    <rtept lat="28.414876" lon="83.802375">
      <ele>2297.163082</ele>
    </rtept>
    <rtept lat="28.414812" lon="83.802452">
      <ele>2293.628257</ele>
    </rtept>
    <rtept lat="28.414751" lon="83.80253">
      <ele>2293.050812</ele>
    </rtept>
    <rtept lat="28.414845" lon="83.802534">
      <ele>2291.124215</ele>
    </rtept>
    <rtept lat="28.414926" lon="83.802583">
      <ele>2290.107341</ele>
    </rtept>
    <rtept lat="28.415013" lon="83.802624">
      <ele>2292.371622</ele>
    </rtept>
    <rtept lat="28.414994" lon="83.802733">
      <ele>2286.804504</ele>
    </rtept>
    <rtept lat="28.414999" lon="83.802842">
      <ele>2288.009558</ele>
    </rtept>
    <rtept lat="28.414952" lon="83.802941">
      <ele>2289.756054</ele>
    </rtept>
    <rtept lat="28.414888" lon="83.803015">
      <ele>2292.167995</ele>
    </rtept>
    <rtept lat="28.414805" lon="83.80307">
      <ele>2291.282973</ele>
    </rtept>
    <rtept lat="28.414728" lon="83.803133">
      <ele>2289.98761</ele>
    </rtept>
    <rtept lat="28.41464" lon="83.803174">
      <ele>2286.494943</ele>
    </rtept>
    <rtept lat="28.414678" lon="83.803267">
      <ele>2280.578334</ele>
    </rtept>
    <rtept lat="28.414752" lon="83.803327">
      <ele>2280.28386</ele>
    </rtept>
    <rtept lat="28.414781" lon="83.803429">
      <ele>2284.231551</ele>
    </rtept>
    <rtept lat="28.414759" lon="83.803534">
      <ele>2288.167463</ele>
    </rtept>
    <rtept lat="28.414778" lon="83.803634">
      <ele>2293.304645</ele>
    </rtept>
    <rtept lat="28.414747" lon="83.803735">
      <ele>2295.340772</ele>
    </rtept>
    <rtept lat="28.41473" lon="83.80384">
      <ele>2295.717591</ele>
    </rtept>
    <rtept lat="28.414738" lon="83.803942">
      <ele>2295.779004</ele>
    </rtept>
    <rtept lat="28.414728" lon="83.804044">
      <ele>2296.9919</ele>
    </rtept>
    <rtept lat="28.414697" lon="83.804152">
      <ele>2296.795417</ele>
    </rtept>
    <rtept lat="28.414672" lon="83.804257">
      <ele>2295.792336</ele>
    </rtept>
    <rtept lat="28.414627" lon="83.804357">
      <ele>2296.245243</ele>
    </rtept>
    <rtept lat="28.414588" lon="83.804452">
      <ele>2295.194019</ele>
    </rtept>
    <rtept lat="28.414563" lon="83.804558">
      <ele>2296.690638</ele>
    </rtept>
    <rtept lat="28.414544" lon="83.804667">
      <ele>2295.984086</ele>
    </rtept>
    <rtept lat="28.414534" lon="83.804773">
      <ele>2295.631191</ele>
    </rtept>
    <rtept lat="28.414538" lon="83.804882">
      <ele>2295.401315</ele>
    </rtept>
    <rtept lat="28.414537" lon="83.804986">
      <ele>2296.80718</ele>
    </rtept>
    <rtept lat="28.414539" lon="83.805098">
      <ele>2294.47735</ele>
    </rtept>
    <rtept lat="28.414566" lon="83.805196">
      <ele>2292.523378</ele>
    </rtept>
    <rtept lat="28.414566" lon="83.805304">
      <ele>2292.356746</ele>
    </rtept>
    <rtept lat="28.414573" lon="83.805408">
      <ele>2292.386167</ele>
    </rtept>
    <rtept lat="28.414581" lon="83.805515">
      <ele>2293.440718</ele>
    </rtept>
    <rtept lat="28.414588" lon="83.805625">
      <ele>2293.436736</ele>
    </rtept>
    <rtept lat="28.414575" lon="83.805729">
      <ele>2293.622233</ele>
    </rtept>
    <rtept lat="28.414549" lon="83.80583">
      <ele>2294.122055</ele>
    </rtept>
    <rtept lat="28.414553" lon="83.805935">
      <ele>2294.608095</ele>
    </rtept>
    <rtept lat="28.414603" lon="83.806024">
      <ele>2293.966636</ele>
    </rtept>
    <rtept lat="28.414573" lon="83.806134">
      <ele>2294.819402</ele>
    </rtept>
    <rtept lat="28.414506" lon="83.80621">
      <ele>2296.463074</ele>
    </rtept>
    <rtept lat="28.414477" lon="83.806313">
      <ele>2295.88516</ele>
    </rtept>
    <rtept lat="28.414446" lon="83.80642">
      <ele>2298.823533</ele>
    </rtept>
    <rtept lat="28.414403" lon="83.806517">
      <ele>2301.879692</ele>
    </rtept>
    <rtept lat="28.414324" lon="83.806579">
      <ele>2305.579959</ele>
    </rtept>
    <rtept lat="28.414322" lon="83.806687">
      <ele>2308.632287</ele>
    </rtept>
    <rtept lat="28.414324" lon="83.806793">
      <ele>2310.444951</ele>
    </rtept>
    <rtept lat="28.414299" lon="83.806899">
      <ele>2309.971625</ele>
    </rtept>
    <rtept lat="28.414245" lon="83.806995">
      <ele>2308.267851</ele>
    </rtept>
    <rtept lat="28.414289" lon="83.807094">
      <ele>2304.384661</ele>
    </rtept>
    <rtept lat="28.414357" lon="83.807165">
      <ele>2306.517907</ele>
    </rtept>
    <rtept lat="28.414372" lon="83.80727">
      <ele>2308.369998</ele>
    </rtept>
    <rtept lat="28.414401" lon="83.807372">
      <ele>2306.082842</ele>
    </rtept>
    <rtept lat="28.414354" lon="83.807462">
      <ele>2307.591678</ele>
    </rtept>
    <rtept lat="28.414316" lon="83.807567">
      <ele>2307.910503</ele>
    </rtept>
    <rtept lat="28.414266" lon="83.807653">
      <ele>2306.113902</ele>
    </rtept>
    <rtept lat="28.414291" lon="83.80776">
      <ele>2302.749071</ele>
    </rtept>
    <rtept lat="28.414246" lon="83.80785">
      <ele>2302.346181</ele>
    </rtept>
    <rtept lat="28.414269" lon="83.80795">
      <ele>2296.819409</ele>
    </rtept>
    <rtept lat="28.414318" lon="83.80804">
      <ele>2297.053856</ele>
    </rtept>
    <rtept lat="28.414355" lon="83.808139">
      <ele>2299.273009</ele>
    </rtept>
    <rtept lat="28.414395" lon="83.808238">
      <ele>2299.867676</ele>
    </rtept>
    <rtept lat="28.414434" lon="83.808335">
      <ele>2298.209667</ele>
    </rtept>
    <rtept lat="28.414451" lon="83.808443">
      <ele>2297.394578</ele>
    </rtept>
    <rtept lat="28.414464" lon="83.808546">
      <ele>2298.865205</ele>
    </rtept>
    <rtept lat="28.414429" lon="83.808649">
      <ele>2298.399517</ele>
    </rtept>
    <rtept lat="28.414361" lon="83.808724">
      <ele>2296.699269</ele>
    </rtept>
    <rtept lat="28.414285" lon="83.808783">
      <ele>2296.297504</ele>
    </rtept>
    <rtept lat="28.414363" lon="83.808849">
      <ele>2296.697837</ele>
    </rtept>
    <rtept lat="28.414345" lon="83.808957">
      <ele>2300.188126</ele>
    </rtept>
    <rtept lat="28.414372" lon="83.80906">
      <ele>2299.489712</ele>
    </rtept>
    <rtept lat="28.414445" lon="83.809124">
      <ele>2296.761121</ele>
    </rtept>
    <rtept lat="28.414484" lon="83.809223">
      <ele>2295.498981</ele>
    </rtept>
    <rtept lat="28.414523" lon="83.809326">
      <ele>2297.525376</ele>
    </rtept>
    <rtept lat="28.414502" lon="83.809428">
      <ele>2295.693104</ele>
    </rtept>
    <rtept lat="28.414577" lon="83.809499">
      <ele>2296.861967</ele>
    </rtept>
    <rtept lat="28.414624" lon="83.80959">
      <ele>2300.084783</ele>
    </rtept>
    <rtept lat="28.41467" lon="83.809683">
      <ele>2298.799281</ele>
    </rtept>
    <rtept lat="28.414732" lon="83.809762">
      <ele>2296.188785</ele>
    </rtept>
    <rtept lat="28.414792" lon="83.809843">
      <ele>2296.653922</ele>
    </rtept>
    <rtept lat="28.414872" lon="83.809896">
      <ele>2301.273889</ele>
    </rtept>
    <rtept lat="28.414933" lon="83.809978">
      <ele>2306.449362</ele>
    </rtept>
    <rtept lat="28.414989" lon="83.810068">
      <ele>2310.098614</ele>
    </rtept>
    <rtept lat="28.414969" lon="83.810179">
      <ele>2308.054738</ele>
    </rtept>
    <rtept lat="28.414969" lon="83.810284">
      <ele>2306.05652</ele>
    </rtept>
    <rtept lat="28.415025" lon="83.810365">
      <ele>2304.207413</ele>
    </rtept>
    <rtept lat="28.415018" lon="83.810474">
      <ele>2306.60879</ele>
    </rtept>
    <rtept lat="28.415104" lon="83.810518">
      <ele>2308.516746</ele>
    </rtept>
    <rtept lat="28.415184" lon="83.810567">
      <ele>2310.620275</ele>
    </rtept>
    <rtept lat="28.415223" lon="83.810664">
      <ele>2311.270386</ele>
    </rtept>
    <rtept lat="28.415182" lon="83.810755">
      <ele>2315.149599</ele>
    </rtept>
    <rtept lat="28.415253" lon="83.810828">
      <ele>2313.341357</ele>
    </rtept>
    <rtept lat="28.415305" lon="83.810913">
      <ele>2312.855882</ele>
    </rtept>
    <rtept lat="28.415326" lon="83.811021">
      <ele>2310.684265</ele>
    </rtept>
    <rtept lat="28.415361" lon="83.81112">
      <ele>2310.222547</ele>
    </rtept>
    <rtept lat="28.415406" lon="83.811211">
      <ele>2308.738327</ele>
    </rtept>
    <rtept lat="28.415463" lon="83.811302">
      <ele>2309.474361</ele>
    </rtept>
    <rtept lat="28.41554" lon="83.811362">
      <ele>2311.982828</ele>
    </rtept>
    <rtept lat="28.415611" lon="83.811431">
      <ele>2312.910088</ele>
    </rtept>
    <rtept lat="28.415679" lon="83.8115">
      <ele>2315.262706</ele>
    </rtept>
    <rtept lat="28.415765" lon="83.811536">
      <ele>2316.350054</ele>
    </rtept>
    <rtept lat="28.415858" lon="83.811549">
      <ele>2318.101086</ele>
    </rtept>
    <rtept lat="28.415955" lon="83.811557">
      <ele>2319.721342</ele>
    </rtept>
    <rtept lat="28.416051" lon="83.811557">
      <ele>2320.922901</ele>
    </rtept>
    <rtept lat="28.416141" lon="83.811564">
      <ele>2322.783763</ele>
    </rtept>
    <rtept lat="28.416235" lon="83.811588">
      <ele>2322.822112</ele>
    </rtept>
    <rtept lat="28.41633" lon="83.811621">
      <ele>2322.220983</ele>
    </rtept>
    <rtept lat="28.416408" lon="83.81169">
      <ele>2319.342664</ele>
    </rtept>
    <rtept lat="28.416473" lon="83.811769">
      <ele>2317.465973</ele>
    </rtept>
    <rtept lat="28.41655" lon="83.811839">
      <ele>2316.504234</ele>
    </rtept>
    <rtept lat="28.416609" lon="83.811926">
      <ele>2315.317108</ele>
    </rtept>
    <rtept lat="28.41668" lon="83.811993">
      <ele>2316.36015</ele>
    </rtept>
    <rtept lat="28.416744" lon="83.812066">
      <ele>2316.596431</ele>
    </rtept>
    <rtept lat="28.416823" lon="83.812117">
      <ele>2318.013534</ele>
    </rtept>
    <rtept lat="28.416873" lon="83.812207">
      <ele>2318.547921</ele>
    </rtept>
    <rtept lat="28.416943" lon="83.812281">
      <ele>2319.291287</ele>
    </rtept>
    <rtept lat="28.417002" lon="83.812365">
      <ele>2319.500006</ele>
    </rtept>
    <rtept lat="28.417062" lon="83.812448">
      <ele>2319.319736</ele>
    </rtept>
    <rtept lat="28.417132" lon="83.812528">
      <ele>2321.818693</ele>
    </rtept>
    <rtept lat="28.4172" lon="83.812604">
      <ele>2323.156167</ele>
    </rtept>
    <rtept lat="28.417291" lon="83.812634">
      <ele>2325.352016</ele>
    </rtept>
    <rtept lat="28.417331" lon="83.812733">
      <ele>2330.673394</ele>
    </rtept>
    <rtept lat="28.417339" lon="83.812836">
      <ele>2335.892125</ele>
    </rtept>
    <rtept lat="28.417324" lon="83.812938">
      <ele>2336.256931</ele>
    </rtept>
    <rtept lat="28.417412" lon="83.812981">
      <ele>2333.59025</ele>
    </rtept>
    <rtept lat="28.41746" lon="83.813075">
      <ele>2331.93364</ele>
    </rtept>
    <rtept lat="28.417498" lon="83.813177">
      <ele>2331.153153</ele>
    </rtept>
    <rtept lat="28.417517" lon="83.813278">
      <ele>2334.145061</ele>
    </rtept>
    <rtept lat="28.417536" lon="83.813378">
      <ele>2337.301523</ele>
    </rtept>
    <rtept lat="28.417531" lon="83.813487">
      <ele>2339.121861</ele>
    </rtept>
    <rtept lat="28.417517" lon="83.813592">
      <ele>2338.306941</ele>
    </rtept>
    <rtept lat="28.417505" lon="83.8137">
      <ele>2344.875326</ele>
    </rtept>
    <rtept lat="28.417573" lon="83.813775">
      <ele>2344.029522</ele>
    </rtept>
    <rtept lat="28.417591" lon="83.81388">
      <ele>2344.260832</ele>
    </rtept>
    <rtept lat="28.417617" lon="83.813978">
      <ele>2343.853822</ele>
    </rtept>
    <rtept lat="28.417638" lon="83.814086">
      <ele>2345.139074</ele>
    </rtept>
    <rtept lat="28.417654" lon="83.814196">
      <ele>2345.950437</ele>
    </rtept>
    <rtept lat="28.417638" lon="83.814297">
      <ele>2349.383927</ele>
    </rtept>
    <rtept lat="28.417616" lon="83.814403">
      <ele>2352.270692</ele>
    </rtept>
    <rtept lat="28.417588" lon="83.814506">
      <ele>2353.587831</ele>
    </rtept>
    <rtept lat="28.417625" lon="83.814605">
      <ele>2353.517418</ele>
    </rtept>
    <rtept lat="28.417707" lon="83.814648">
      <ele>2352.089326</ele>
    </rtept>
    <rtept lat="28.417779" lon="83.814714">
      <ele>2352.188227</ele>
    </rtept>
    <rtept lat="28.417792" lon="83.814824">
      <ele>2349.337192</ele>
    </rtept>
    <rtept lat="28.417771" lon="83.814924">
      <ele>2352.07257</ele>
    </rtept>
    <rtept lat="28.417748" lon="83.815029">
      <ele>2351.114713</ele>
    </rtept>
    <rtept lat="28.41766" lon="83.815058">
      <ele>2350.699539</ele>
    </rtept>
    <rtept lat="28.417565" lon="83.815069">
      <ele>2348.178821</ele>
    </rtept>
    <rtept lat="28.417493" lon="83.815143">
      <ele>2345.447879</ele>
    </rtept>
    <rtept lat="28.417468" lon="83.815241">
      <ele>2343.738616</ele>
    </rtept>
    <rtept lat="28.41748" lon="83.81535">
      <ele>2340.963633</ele>
    </rtept>
    <rtept lat="28.417446" lon="83.815446">
      <ele>2341.175649</ele>
    </rtept>
    <rtept lat="28.417375" lon="83.815516">
      <ele>2339.416357</ele>
    </rtept>
    <rtept lat="28.417359" lon="83.815617">
      <ele>2337.056216</ele>
    </rtept>
    <rtept lat="28.417274" lon="83.815658">
      <ele>2335.452419</ele>
    </rtept>
    <rtept lat="28.417202" lon="83.815736">
      <ele>2335.911943</ele>
    </rtept>
    <rtept lat="28.417141" lon="83.815816">
      <ele>2336.071118</ele>
    </rtept>
    <rtept lat="28.417125" lon="83.815917">
      <ele>2334.305431</ele>
    </rtept>
    <rtept lat="28.417128" lon="83.816019">
      <ele>2331.506602</ele>
    </rtept>
    <rtept lat="28.41714" lon="83.816122">
      <ele>2331.085523</ele>
    </rtept>
    <rtept lat="28.417123" lon="83.816227">
      <ele>2329.872538</ele>
    </rtept>
    <rtept lat="28.417105" lon="83.81633">
      <ele>2326.188825</ele>
    </rtept>
    <rtept lat="28.417042" lon="83.816406">
      <ele>2320.447765</ele>
    </rtept>
    <rtept lat="28.417044" lon="83.81651">
      <ele>2320.178869</ele>
    </rtept>
    <rtept lat="28.417027" lon="83.816616">
      <ele>2318.903168</ele>
    </rtept>
    <rtept lat="28.417077" lon="83.816713">
      <ele>2319.190102</ele>
    </rtept>
    <rtept lat="28.4171" lon="83.816815">
      <ele>2316.93927</ele>
    </rtept>
    <rtept lat="28.417125" lon="83.816919">
      <ele>2314.911359</ele>
    </rtept>
    <rtept lat="28.417146" lon="83.817021">
      <ele>2309.786181</ele>
    </rtept>
    <rtept lat="28.417196" lon="83.817111">
      <ele>2305.110777</ele>
    </rtept>
    <rtept lat="28.417221" lon="83.817211">
      <ele>2304.020332</ele>
    </rtept>
    <rtept lat="28.417224" lon="83.817317">
      <ele>2301.105681</ele>
    </rtept>
    <rtept lat="28.417254" lon="83.817414">
      <ele>2297.921852</ele>
    </rtept>
    <rtept lat="28.417285" lon="83.817511">
      <ele>2292.84233</ele>
    </rtept>
    <rtept lat="28.417308" lon="83.817611">
      <ele>2284.573379</ele>
    </rtept>
    <rtept lat="28.417324" lon="83.817713">
      <ele>2280.362176</ele>
    </rtept>
    <rtept lat="28.41732" lon="83.81782">
      <ele>2279.405912</ele>
    </rtept>
    <rtept lat="28.417412" lon="83.817842">
      <ele>2278.648416</ele>
    </rtept>
    <rtept lat="28.417484" lon="83.817904">
      <ele>2270.800847</ele>
    </rtept>
    <rtept lat="28.417573" lon="83.817938">
      <ele>2263.244638</ele>
    </rtept>
    <rtept lat="28.417643" lon="83.818009">
      <ele>2254.533676</ele>
    </rtept>
    <rtept lat="28.417738" lon="83.818014">
      <ele>2256.639575</ele>
    </rtept>
    <rtept lat="28.41781" lon="83.818079">
      <ele>2243.566887</ele>
    </rtept>
    <rtept lat="28.41788" lon="83.818149">
      <ele>2235.118954</ele>
    </rtept>
    <rtept lat="28.417965" lon="83.818185">
      <ele>2232.236308</ele>
    </rtept>
    <rtept lat="28.418033" lon="83.818252">
      <ele>2229.659833</ele>
    </rtept>
    <rtept lat="28.418134" lon="83.818298">
      <ele>2223.676001</ele>
    </rtept>
    <rtept lat="28.418224" lon="83.818302">
      <ele>2228.527598</ele>
    </rtept>
    <rtept lat="28.418283" lon="83.818222">
      <ele>2225.991064</ele>
    </rtept>
    <rtept lat="28.418304" lon="83.818122">
      <ele>2222.866701</ele>
    </rtept>
  </rte>
  <rte>
    <rtept lat="28.402575" lon="83.699901">
      <ele>2872.690733</ele>
    </rtept>
    <rtept lat="28.402486" lon="83.699879">
      <ele>2871.980395</ele>
    </rtept>
    <rtept lat="28.402484" lon="83.699773">
      <ele>2874.486907</ele>
    </rtept>
    <rtept lat="28.402572" lon="83.699728">
      <ele>2874.797437</ele>
    </rtept>
    <rtept lat="28.402659" lon="83.699699">
      <ele>2874.928294</ele>
    </rtept>
    <rtept lat="28.402746" lon="83.699658">
      <ele>2875.176699</ele>
    </rtept>
    <rtept lat="28.40282" lon="83.699594">
      <ele>2876.544317</ele>
    </rtept>
    <rtept lat="28.402832" lon="83.699487">
      <ele>2879.358327</ele>
    </rtept>
    <rtept lat="28.402863" lon="83.699391">
      <ele>2881.793186</ele>
    </rtept>
    <rtept lat="28.402858" lon="83.699286">
      <ele>2886.43639</ele>
    </rtept>
    <rtept lat="28.402834" lon="83.699182">
      <ele>2890.633462</ele>
    </rtept>
    <rtept lat="28.402792" lon="83.699088">
      <ele>2891.583022</ele>
    </rtept>
    <rtept lat="28.402717" lon="83.69902">
      <ele>2896.664342</ele>
    </rtept>
    <rtept lat="28.402654" lon="83.69894">
      <ele>2896.82028</ele>
    </rtept>
    <rtept lat="28.402618" lon="83.698845">
      <ele>2898.122172</ele>
    </rtept>
    <rtept lat="28.402532" lon="83.698789">
      <ele>2901.749727</ele>
    </rtept>
    <rtept lat="28.402444" lon="83.698759">
      <ele>2904.235838</ele>
    </rtept>
    <rtept lat="28.402347" lon="83.698759">
      <ele>2906.284752</ele>
    </rtept>
    <rtept lat="28.402305" lon="83.698663">
      <ele>2910.027398</ele>
    </rtept>
    <rtept lat="28.402221" lon="83.698617">
      <ele>2912.429184</ele>
    </rtept>
    <rtept lat="28.402148" lon="83.698546">
      <ele>2917.21561</ele>
    </rtept>
    <rtept lat="28.40206" lon="83.698516">
      <ele>2917.712344</ele>
    </rtept>
    <rtept lat="28.401984" lon="83.69846">
      <ele>2918.445726</ele>
    </rtept>
    <rtept lat="28.401906" lon="83.698404">
      <ele>2920.153215</ele>
    </rtept>
    <rtept lat="28.40187" lon="83.698308">
      <ele>2923.936746</ele>
    </rtept>
    <rtept lat="28.401819" lon="83.698221">
      <ele>2928.657001</ele>
    </rtept>
    <rtept lat="28.401757" lon="83.69814">
      <ele>2930.595303</ele>
    </rtept>
    <rtept lat="28.401707" lon="83.698038">
      <ele>2933.425749</ele>
    </rtept>
    <rtept lat="28.401706" lon="83.69793">
      <ele>2933.22445</ele>
    </rtept>
    <rtept lat="28.401724" lon="83.697823">
      <ele>2937.205334</ele>
    </rtept>
    <rtept lat="28.401679" lon="83.697723">
      <ele>2937.392981</ele>
    </rtept>
    <rtept lat="28.401684" lon="83.697614">
      <ele>2936.387332</ele>
    </rtept>
    <rtept lat="28.401642" lon="83.697518">
      <ele>2940.490525</ele>
    </rtept>
    <rtept lat="28.40156" lon="83.697464">
      <ele>2944.509404</ele>
    </rtept>
    <rtept lat="28.401464" lon="83.69746">
      <ele>2942.888024</ele>
    </rtept>
    <rtept lat="28.401375" lon="83.697447">
      <ele>2947.985263</ele>
    </rtept>
    <rtept lat="28.401276" lon="83.69744">
      <ele>2951.147693</ele>
    </rtept>
    <rtept lat="28.401183" lon="83.697464">
      <ele>2948.23225</ele>
    </rtept>
    <rtept lat="28.401151" lon="83.697368">
      <ele>2948.826359</ele>
    </rtept>
    <rtept lat="28.401156" lon="83.697263">
      <ele>2950.751693</ele>
    </rtept>
    <rtept lat="28.401134" lon="83.697163">
      <ele>2952.01607</ele>
    </rtept>
    <rtept lat="28.401142" lon="83.697056">
      <ele>2953.902912</ele>
    </rtept>
    <rtept lat="28.40119" lon="83.696968">
      <ele>2957.17613</ele>
    </rtept>
    <rtept lat="28.401238" lon="83.696876">
      <ele>2957.538191</ele>
    </rtept>
    <rtept lat="28.401248" lon="83.696772">
      <ele>2961.656521</ele>
    </rtept>
    <rtept lat="28.40126" lon="83.69667">
      <ele>2967.251349</ele>
    </rtept>
    <rtept lat="28.40123" lon="83.696573">
      <ele>2973.202286</ele>
    </rtept>
    <rtept lat="28.401237" lon="83.696469">
      <ele>2976.045281</ele>
    </rtept>
    <rtept lat="28.40127" lon="83.696371">
      <ele>2978.380052</ele>
    </rtept>
    <rtept lat="28.40118" lon="83.696337">
      <ele>2982.79283</ele>
    </rtept>
    <rtept lat="28.401152" lon="83.696238">
      <ele>2985.00746</ele>
    </rtept>
    <rtept lat="28.401075" lon="83.696182">
      <ele>2985.494359</ele>
    </rtept>
    <rtept lat="28.401013" lon="83.696104">
      <ele>2986.299044</ele>
    </rtept>
    <rtept lat="28.400951" lon="83.696026">
      <ele>2988.650878</ele>
    </rtept>
    <rtept lat="28.40089" lon="83.695951">
      <ele>2990.739425</ele>
    </rtept>
    <rtept lat="28.400812" lon="83.695895">
      <ele>2993.233881</ele>
    </rtept>
    <rtept lat="28.400758" lon="83.69581">
      <ele>2996.372483</ele>
    </rtept>
    <rtept lat="28.400724" lon="83.695707">
      <ele>2997.742015</ele>
    </rtept>
    <rtept lat="28.400632" lon="83.695724">
      <ele>3001.835901</ele>
    </rtept>
    <rtept lat="28.400645" lon="83.695615">
      <ele>3002.23449</ele>
    </rtept>
    <rtept lat="28.400688" lon="83.695524">
      <ele>3005.434311</ele>
    </rtept>
    <rtept lat="28.400667" lon="83.695419">
      <ele>3010.176284</ele>
    </rtept>
    <rtept lat="28.40064" lon="83.695319">
      <ele>3014.000915</ele>
    </rtept>
    <rtept lat="28.400617" lon="83.69522">
      <ele>3018.276329</ele>
    </rtept>
    <rtept lat="28.400582" lon="83.695117">
      <ele>3019.875996</ele>
    </rtept>
    <rtept lat="28.400554" lon="83.695016">
      <ele>3024.630847</ele>
    </rtept>
    <rtept lat="28.400527" lon="83.694916">
      <ele>3029.151689</ele>
    </rtept>
    <rtept lat="28.400526" lon="83.694807">
      <ele>3031.87353</ele>
    </rtept>
    <rtept lat="28.400544" lon="83.694703">
      <ele>3036.6975</ele>
    </rtept>
    <rtept lat="28.400532" lon="83.6946">
      <ele>3041.312595</ele>
    </rtept>
    <rtept lat="28.400516" lon="83.694497">
      <ele>3043.638037</ele>
    </rtept>
    <rtept lat="28.400483" lon="83.694402">
      <ele>3046.193437</ele>
    </rtept>
    <rtept lat="28.400484" lon="83.694297">
      <ele>3049.136225</ele>
    </rtept>
    <rtept lat="28.400496" lon="83.694194">
      <ele>3051.871967</ele>
    </rtept>
    <rtept lat="28.400451" lon="83.694102">
      <ele>3054.34217</ele>
    </rtept>
    <rtept lat="28.400392" lon="83.694024">
      <ele>3057.1462</ele>
    </rtept>
    <rtept lat="28.40039" lon="83.693921">
      <ele>3054.667631</ele>
    </rtept>
    <rtept lat="28.400391" lon="83.693813">
      <ele>3059.434693</ele>
    </rtept>
    <rtept lat="28.400341" lon="83.693722">
      <ele>3064.919692</ele>
    </rtept>
    <rtept lat="28.400332" lon="83.693617">
      <ele>3069.910995</ele>
    </rtept>
    <rtept lat="28.400335" lon="83.693514">
      <ele>3077.341842</ele>
    </rtept>
    <rtept lat="28.40033" lon="83.693406">
      <ele>3079.002521</ele>
    </rtept>
    <rtept lat="28.400287" lon="83.693315">
      <ele>3085.299285</ele>
    </rtept>
    <rtept lat="28.400232" lon="83.693228">
      <ele>3086.247284</ele>
    </rtept>
    <rtept lat="28.400224" lon="83.693119">
      <ele>3085.571682</ele>
    </rtept>
    <rtept lat="28.400187" lon="83.693025">
      <ele>3084.408792</ele>
    </rtept>
    <rtept lat="28.400143" lon="83.692933">
      <ele>3086.42869</ele>
    </rtept>
    <rtept lat="28.400115" lon="83.692833">
      <ele>3086.444762</ele>
    </rtept>
    <rtept lat="28.400077" lon="83.692737">
      <ele>3089.832814</ele>
    </rtept>
    <rtept lat="28.400047" lon="83.692641">
      <ele>3091.293596</ele>
    </rtept>
    <rtept lat="28.39998" lon="83.692572">
      <ele>3100.252227</ele>
    </rtept>
    <rtept lat="28.399908" lon="83.692509">
      <ele>3105.86334</ele>
    </rtept>
    <rtept lat="28.399821" lon="83.69247">
      <ele>3108.62365</ele>
    </rtept>
    <rtept lat="28.399731" lon="83.692451">
      <ele>3109.308628</ele>
    </rtept>
    <rtept lat="28.399641" lon="83.692434">
      <ele>3109.414255</ele>
    </rtept>
    <rtept lat="28.399651" lon="83.692326">
      <ele>3110.493014</ele>
    </rtept>
    <rtept lat="28.399628" lon="83.692226">
      <ele>3114.051524</ele>
    </rtept>
    <rtept lat="28.399718" lon="83.692227">
      <ele>3116.6049</ele>
    </rtept>
    <rtept lat="28.399722" lon="83.692125">
      <ele>3121.87737</ele>
    </rtept>
    <rtept lat="28.399668" lon="83.692041">
      <ele>3129.875205</ele>
    </rtept>
    <rtept lat="28.399595" lon="83.691975">
      <ele>3131.852862</ele>
    </rtept>
    <rtept lat="28.399613" lon="83.691869">
      <ele>3133.259669</ele>
    </rtept>
    <rtept lat="28.399647" lon="83.691764">
      <ele>3135.465584</ele>
    </rtept>
    <rtept lat="28.399614" lon="83.691667">
      <ele>3136.940657</ele>
    </rtept>
    <rtept lat="28.399537" lon="83.691612">
      <ele>3140.189382</ele>
    </rtept>
    <rtept lat="28.399481" lon="83.691531">
      <ele>3142.103511</ele>
    </rtept>
    <rtept lat="28.399463" lon="83.691431">
      <ele>3145.419368</ele>
    </rtept>
    <rtept lat="28.399488" lon="83.691326">
      <ele>3149.259614</ele>
    </rtept>
    <rtept lat="28.399487" lon="83.691221">
      <ele>3153.823835</ele>
    </rtept>
    <rtept lat="28.39945" lon="83.691126">
      <ele>3157.227025</ele>
    </rtept>
    <rtept lat="28.399533" lon="83.691072">
      <ele>3159.860601</ele>
    </rtept>
    <rtept lat="28.399457" lon="83.691005">
      <ele>3162.189585</ele>
    </rtept>
    <rtept lat="28.399387" lon="83.690934">
      <ele>3165.749518</ele>
    </rtept>
    <rtept lat="28.399307" lon="83.690885">
      <ele>3166.513807</ele>
    </rtept>
    <rtept lat="28.399294" lon="83.690782">
      <ele>3169.240346</ele>
    </rtept>
    <rtept lat="28.399326" lon="83.690683">
      <ele>3173.215642</ele>
    </rtept>
    <rtept lat="28.399353" lon="83.690583">
      <ele>3173.123352</ele>
    </rtept>
    <rtept lat="28.399406" lon="83.690485">
      <ele>3175.74617</ele>
    </rtept>
    <rtept lat="28.399478" lon="83.690414">
      <ele>3178.279077</ele>
    </rtept>
    <rtept lat="28.399573" lon="83.690407">
      <ele>3179.141061</ele>
    </rtept>
    <rtept lat="28.399639" lon="83.690331">
      <ele>3178.548327</ele>
    </rtept>
    <rtept lat="28.399698" lon="83.690251">
      <ele>3178.863915</ele>
    </rtept>
    <rtept lat="28.399749" lon="83.690162">
      <ele>3181.418308</ele>
    </rtept>
    <rtept lat="28.399753" lon="83.69006">
      <ele>3185.07815</ele>
    </rtept>
    <rtept lat="28.399786" lon="83.689961">
      <ele>3187.542762</ele>
    </rtept>
    <rtept lat="28.399805" lon="83.689859">
      <ele>3189.82742</ele>
    </rtept>
    <rtept lat="28.399864" lon="83.689777">
      <ele>3192.340654</ele>
    </rtept>
    <rtept lat="28.399906" lon="83.689683">
      <ele>3196.282039</ele>
    </rtept>
    <rtept lat="28.399933" lon="83.689581">
      <ele>3195.013866</ele>
    </rtept>
    <rtept lat="28.399976" lon="83.689486">
      <ele>3196.073978</ele>
    </rtept>
    <rtept lat="28.399954" lon="83.689589">
      <ele>3196.857193</ele>
    </rtept>
    <rtept lat="28.40001" lon="83.689502">
      <ele>3197.022053</ele>
    </rtept>
    <rtept lat="28.400047" lon="83.689402">
      <ele>3196.202816</ele>
    </rtept>
    <rtept lat="28.399979" lon="83.689471">
      <ele>3196.330063</ele>
    </rtept>
    <rtept lat="28.399962" lon="83.689573">
      <ele>3197.260059</ele>
    </rtept>
    <rtept lat="28.399893" lon="83.689643">
      <ele>3196.184929</ele>
    </rtept>
    <rtept lat="28.399934" lon="83.689547">
      <ele>3197.186951</ele>
    </rtept>
    <rtept lat="28.399983" lon="83.689457">
      <ele>3198.036112</ele>
    </rtept>
    <rtept lat="28.400065" lon="83.689413">
      <ele>3198.0643</ele>
    </rtept>
    <rtept lat="28.400154" lon="83.689438">
      <ele>3196.875649</ele>
    </rtept>
    <rtept lat="28.400251" lon="83.689431">
      <ele>3193.995734</ele>
    </rtept>
    <rtept lat="28.40028" lon="83.689328">
      <ele>3189.746575</ele>
    </rtept>
    <rtept lat="28.400346" lon="83.689253">
      <ele>3189.839872</ele>
    </rtept>
    <rtept lat="28.400256" lon="83.689283">
      <ele>3188.503778</ele>
    </rtept>
    <rtept lat="28.400195" lon="83.689364">
      <ele>3191.545058</ele>
    </rtept>
    <rtept lat="28.40017" lon="83.689468">
      <ele>3193.038271</ele>
    </rtept>
    <rtept lat="28.400127" lon="83.689566">
      <ele>3193.870966</ele>
    </rtept>
    <rtept lat="28.400053" lon="83.689645">
      <ele>3194.587918</ele>
    </rtept>
    <rtept lat="28.399962" lon="83.689631">
      <ele>3196.217593</ele>
    </rtept>
    <rtept lat="28.399927" lon="83.689727">
      <ele>3195.546329</ele>
    </rtept>
    <rtept lat="28.399862" lon="83.689799">
      <ele>3193.282091</ele>
    </rtept>
    <rtept lat="28.399817" lon="83.689893">
      <ele>3190.514972</ele>
    </rtept>
    <rtept lat="28.399776" lon="83.689992">
      <ele>3187.903819</ele>
    </rtept>
    <rtept lat="28.399751" lon="83.690091">
      <ele>3185.459768</ele>
    </rtept>
    <rtept lat="28.399721" lon="83.690197">
      <ele>3182.029319</ele>
    </rtept>
    <rtept lat="28.399673" lon="83.690284">
      <ele>3178.872895</ele>
    </rtept>
    <rtept lat="28.39962" lon="83.690367">
      <ele>3177.143009</ele>
    </rtept>
    <rtept lat="28.399549" lon="83.69044">
      <ele>3177.716042</ele>
    </rtept>
    <rtept lat="28.399464" lon="83.690483">
      <ele>3177.284376</ele>
    </rtept>
    <rtept lat="28.399392" lon="83.69055">
      <ele>3176.541789</ele>
    </rtept>
    <rtept lat="28.399324" lon="83.690637">
      <ele>3174.790336</ele>
    </rtept>
    <rtept lat="28.399321" lon="83.690743">
      <ele>3170.62227</ele>
    </rtept>
    <rtept lat="28.399335" lon="83.690849">
      <ele>3167.661163</ele>
    </rtept>
    <rtept lat="28.399429" lon="83.690895">
      <ele>3166.811474</ele>
    </rtept>
    <rtept lat="28.399518" lon="83.690935">
      <ele>3163.617661</ele>
    </rtept>
    <rtept lat="28.399546" lon="83.691033">
      <ele>3161.946733</ele>
    </rtept>
    <rtept lat="28.399524" lon="83.691139">
      <ele>3157.607488</ele>
    </rtept>
    <rtept lat="28.399558" lon="83.691235">
      <ele>3155.290576</ele>
    </rtept>
    <rtept lat="28.399526" lon="83.691335">
      <ele>3151.733921</ele>
    </rtept>
    <rtept lat="28.39949" lon="83.691439">
      <ele>3148.569307</ele>
    </rtept>
    <rtept lat="28.399527" lon="83.691535">
      <ele>3144.057283</ele>
    </rtept>
    <rtept lat="28.399593" lon="83.69161">
      <ele>3140.85829</ele>
    </rtept>
    <rtept lat="28.399664" lon="83.691685">
      <ele>3137.681252</ele>
    </rtept>
    <rtept lat="28.39967" lon="83.691792">
      <ele>3136.92395</ele>
    </rtept>
    <rtept lat="28.399625" lon="83.691885">
      <ele>3135.432362</ele>
    </rtept>
    <rtept lat="28.399685" lon="83.691972">
      <ele>3132.452746</ele>
    </rtept>
    <rtept lat="28.39976" lon="83.692031">
      <ele>3127.534739</ele>
    </rtept>
    <rtept lat="28.399731" lon="83.69213">
      <ele>3124.341322</ele>
    </rtept>
    <rtept lat="28.39977" lon="83.692224">
      <ele>3119.608456</ele>
    </rtept>
    <rtept lat="28.399677" lon="83.692196">
      <ele>3117.832444</ele>
    </rtept>
    <rtept lat="28.399684" lon="83.692303">
      <ele>3114.125763</ele>
    </rtept>
    <rtept lat="28.399631" lon="83.692387">
      <ele>3109.155971</ele>
    </rtept>
    <rtept lat="28.399721" lon="83.692405">
      <ele>3108.877252</ele>
    </rtept>
    <rtept lat="28.39981" lon="83.692429">
      <ele>3110.241272</ele>
    </rtept>
    <rtept lat="28.399905" lon="83.692463">
      <ele>3110.159709</ele>
    </rtept>
    <rtept lat="28.399986" lon="83.692515">
      <ele>3107.530214</ele>
    </rtept>
    <rtept lat="28.400058" lon="83.692585">
      <ele>3102.75753</ele>
    </rtept>
    <rtept lat="28.400108" lon="83.692673">
      <ele>3098.746086</ele>
    </rtept>
    <rtept lat="28.400113" lon="83.692777">
      <ele>3093.220326</ele>
    </rtept>
    <rtept lat="28.40012" lon="83.69288">
      <ele>3090.19913</ele>
    </rtept>
    <rtept lat="28.400179" lon="83.692961">
      <ele>3087.539763</ele>
    </rtept>
    <rtept lat="28.400216" lon="83.693057">
      <ele>3086.649157</ele>
    </rtept>
    <rtept lat="28.400232" lon="83.693158">
      <ele>3084.626696</ele>
    </rtept>
    <rtept lat="28.400251" lon="83.693263">
      <ele>3083.308477</ele>
    </rtept>
    <rtept lat="28.40028" lon="83.693363">
      <ele>3083.712852</ele>
    </rtept>
    <rtept lat="28.400294" lon="83.693465">
      <ele>3081.469472</ele>
    </rtept>
    <rtept lat="28.4003" lon="83.69357">
      <ele>3077.775514</ele>
    </rtept>
    <rtept lat="28.400345" lon="83.693665">
      <ele>3073.989863</ele>
    </rtept>
    <rtept lat="28.400369" lon="83.693772">
      <ele>3071.881293</ele>
    </rtept>
    <rtept lat="28.400421" lon="83.693856">
      <ele>3064.599663</ele>
    </rtept>
    <rtept lat="28.400405" lon="83.693959">
      <ele>3056.433887</ele>
    </rtept>
    <rtept lat="28.400452" lon="83.694046">
      <ele>3054.133113</ele>
    </rtept>
    <rtept lat="28.400469" lon="83.694154">
      <ele>3052.90881</ele>
    </rtept>
    <rtept lat="28.400493" lon="83.694255">
      <ele>3052.497471</ele>
    </rtept>
    <rtept lat="28.400507" lon="83.694357">
      <ele>3051.116937</ele>
    </rtept>
    <rtept lat="28.400506" lon="83.694462">
      <ele>3048.424099</ele>
    </rtept>
    <rtept lat="28.400548" lon="83.694556">
      <ele>3043.990995</ele>
    </rtept>
    <rtept lat="28.400566" lon="83.694658">
      <ele>3040.90149</ele>
    </rtept>
    <rtept lat="28.400568" lon="83.694762">
      <ele>3035.721844</ele>
    </rtept>
    <rtept lat="28.400539" lon="83.694862">
      <ele>3031.757836</ele>
    </rtept>
    <rtept lat="28.400561" lon="83.694968">
      <ele>3028.076265</ele>
    </rtept>
    <rtept lat="28.400577" lon="83.695072">
      <ele>3024.696336</ele>
    </rtept>
    <rtept lat="28.400609" lon="83.695169">
      <ele>3021.326721</ele>
    </rtept>
    <rtept lat="28.400639" lon="83.695274">
      <ele>3017.129059</ele>
    </rtept>
    <rtept lat="28.400668" lon="83.695372">
      <ele>3014.042617</ele>
    </rtept>
    <rtept lat="28.400683" lon="83.695475">
      <ele>3009.862685</ele>
    </rtept>
    <rtept lat="28.400708" lon="83.695576">
      <ele>3006.367422</ele>
    </rtept>
    <rtept lat="28.400745" lon="83.695676">
      <ele>3002.63986</ele>
    </rtept>
    <rtept lat="28.400745" lon="83.695778">
      <ele>2999.57447</ele>
    </rtept>
    <rtept lat="28.400795" lon="83.695865">
      <ele>2995.483534</ele>
    </rtept>
    <rtept lat="28.400851" lon="83.695945">
      <ele>2993.261201</ele>
    </rtept>
    <rtept lat="28.400925" lon="83.696009">
      <ele>2990.701297</ele>
    </rtept>
    <rtept lat="28.401004" lon="83.696082">
      <ele>2987.604253</ele>
    </rtept>
    <rtept lat="28.401047" lon="83.696172">
      <ele>2985.079712</ele>
    </rtept>
    <rtept lat="28.40112" lon="83.696233">
      <ele>2983.687684</ele>
    </rtept>
    <rtept lat="28.401158" lon="83.696328">
      <ele>2983.085464</ele>
    </rtept>
    <rtept lat="28.401254" lon="83.696305">
      <ele>2979.066334</ele>
    </rtept>
    <rtept lat="28.401268" lon="83.696406">
      <ele>2977.082492</ele>
    </rtept>
    <rtept lat="28.401276" lon="83.696512">
      <ele>2975.591889</ele>
    </rtept>
    <rtept lat="28.401228" lon="83.696601">
      <ele>2972.511396</ele>
    </rtept>
    <rtept lat="28.401268" lon="83.696693">
      <ele>2968.77977</ele>
    </rtept>
    <rtept lat="28.401253" lon="83.696796">
      <ele>2964.550442</ele>
    </rtept>
    <rtept lat="28.401243" lon="83.696898">
      <ele>2960.279518</ele>
    </rtept>
    <rtept lat="28.401176" lon="83.696975">
      <ele>2954.606541</ele>
    </rtept>
    <rtept lat="28.401136" lon="83.697069">
      <ele>2952.2621</ele>
    </rtept>
    <rtept lat="28.401131" lon="83.697171">
      <ele>2953.599489</ele>
    </rtept>
    <rtept lat="28.401087" lon="83.697263">
      <ele>2955.252817</ele>
    </rtept>
    <rtept lat="28.401015" lon="83.697324">
      <ele>2950.75544</ele>
    </rtept>
    <rtept lat="28.40108" lon="83.697245">
      <ele>2952.106532</ele>
    </rtept>
    <rtept lat="28.401152" lon="83.697314">
      <ele>2952.96745</ele>
    </rtept>
    <rtept lat="28.401143" lon="83.697421">
      <ele>2948.408173</ele>
    </rtept>
    <rtept lat="28.401235" lon="83.697442">
      <ele>2945.890516</ele>
    </rtept>
    <rtept lat="28.401327" lon="83.697426">
      <ele>2945.808923</ele>
    </rtept>
    <rtept lat="28.401424" lon="83.697443">
      <ele>2944.964027</ele>
    </rtept>
    <rtept lat="28.401516" lon="83.697425">
      <ele>2945.238904</ele>
    </rtept>
    <rtept lat="28.401608" lon="83.697459">
      <ele>2944.30884</ele>
    </rtept>
    <rtept lat="28.401652" lon="83.697553">
      <ele>2943.506176</ele>
    </rtept>
    <rtept lat="28.401664" lon="83.697659">
      <ele>2940.769367</ele>
    </rtept>
    <rtept lat="28.401687" lon="83.697763">
      <ele>2937.268286</ele>
    </rtept>
    <rtept lat="28.40171" lon="83.697866">
      <ele>2934.658725</ele>
    </rtept>
    <rtept lat="28.401693" lon="83.697976">
      <ele>2934.379006</ele>
    </rtept>
    <rtept lat="28.401702" lon="83.698083">
      <ele>2934.000724</ele>
    </rtept>
    <rtept lat="28.401771" lon="83.698156">
      <ele>2932.344593</ele>
    </rtept>
    <rtept lat="28.401839" lon="83.698228">
      <ele>2928.526609</ele>
    </rtept>
    <rtept lat="28.401878" lon="83.698325">
      <ele>2926.118245</ele>
    </rtept>
    <rtept lat="28.401905" lon="83.698424">
      <ele>2922.621157</ele>
    </rtept>
    <rtept lat="28.401988" lon="83.698472">
      <ele>2919.778592</ele>
    </rtept>
    <rtept lat="28.402067" lon="83.698521">
      <ele>2919.08311</ele>
    </rtept>
    <rtept lat="28.402154" lon="83.698561">
      <ele>2916.095153</ele>
    </rtept>
    <rtept lat="28.402241" lon="83.698598">
      <ele>2913.808501</ele>
    </rtept>
    <rtept lat="28.402317" lon="83.698658">
      <ele>2910.688701</ele>
    </rtept>
    <rtept lat="28.402384" lon="83.698737">
      <ele>2907.358354</ele>
    </rtept>
    <rtept lat="28.402473" lon="83.698758">
      <ele>2904.651136</ele>
    </rtept>
    <rtept lat="28.402572" lon="83.698768">
      <ele>2901.907795</ele>
    </rtept>
    <rtept lat="28.402619" lon="83.698858">
      <ele>2900.364369</ele>
    </rtept>
    <rtept lat="28.402655" lon="83.698957">
      <ele>2899.06655</ele>
    </rtept>
    <rtept lat="28.402716" lon="83.699038">
      <ele>2897.094341</ele>
    </rtept>
    <rtept lat="28.402813" lon="83.699068">
      <ele>2894.226443</ele>
    </rtept>
    <rtept lat="28.402866" lon="83.69915">
      <ele>2891.845001</ele>
    </rtept>
    <rtept lat="28.402835" lon="83.699249">
      <ele>2888.767339</ele>
    </rtept>
    <rtept lat="28.402882" lon="83.699335">
      <ele>2884.257724</ele>
    </rtept>
    <rtept lat="28.402973" lon="83.699349">
      <ele>2882.737771</ele>
    </rtept>
    <rtept lat="28.402968" lon="83.699236">
      <ele>2883.844552</ele>
    </rtept>
    <rtept lat="28.402918" lon="83.699328">
      <ele>2883.885891</ele>
    </rtept>
    <rtept lat="28.402884" lon="83.699426">
      <ele>2882.737622</ele>
    </rtept>
    <rtept lat="28.402846" lon="83.699524">
      <ele>2878.947303</ele>
    </rtept>
    <rtept lat="28.402792" lon="83.699607">
      <ele>2877.106196</ele>
    </rtept>
    <rtept lat="28.402721" lon="83.699674">
      <ele>2876.138523</ele>
    </rtept>
    <rtept lat="28.402628" lon="83.699702">
      <ele>2874.659708</ele>
    </rtept>
    <rtept lat="28.402537" lon="83.699699">
      <ele>2874.367701</ele>
    </rtept>
    <rtept lat="28.40249" lon="83.699787">
      <ele>2872.07917</ele>
    </rtept>
    <rtept lat="28.402501" lon="83.699896">
      <ele>2872.827671</ele>
    </rtept>
    <rtept lat="28.40259" lon="83.699947">
      <ele>2875.804526</ele>
    </rtept>
    <rtept lat="28.402605" lon="83.700048">
      <ele>2874.53032</ele>
    </rtept>
    <rtept lat="28.402609" lon="83.699959">
      <ele>2873.864271</ele>
    </rtept>
    <rtept lat="28.402638" lon="83.700067">
      <ele>2873.94121</ele>
    </rtept>
    <rtept lat="28.402584" lon="83.699965">
      <ele>2874.742503</ele>
    </rtept>
    <rtept lat="28.402942" lon="83.700157">
      <ele>2875.668364</ele>
    </rtept>
    <rtept lat="28.402786" lon="83.700123">
      <ele>2873.199507</ele>
    </rtept>
    <rtept lat="28.402692" lon="83.700113">
      <ele>2873.146252</ele>
    </rtept>
    <rtept lat="28.402657" lon="83.700167">
      <ele>2872.916012</ele>
    </rtept>
    <rtept lat="28.402572" lon="83.700301">
      <ele>2872.544809</ele>
    </rtept>
    <rtept lat="28.40276" lon="83.700216">
      <ele>2873.142122</ele>
    </rtept>
    <rtept lat="28.403008" lon="83.699991">
      <ele>2872.897118</ele>
    </rtept>
    <rtept lat="28.403113" lon="83.699894">
      <ele>2871.709061</ele>
    </rtept>
    <rtept lat="28.402567" lon="83.700047">
      <ele>2874.955626</ele>
    </rtept>
    <rtept lat="28.402635" lon="83.700046">
      <ele>2873.050126</ele>
    </rtept>
    <rtept lat="28.402547" lon="83.700094">
      <ele>2873.562025</ele>
    </rtept>
    <rtept lat="28.402512" lon="83.700097">
      <ele>2874.923361</ele>
    </rtept>
    <rtept lat="28.402594" lon="83.699972">
      <ele>2875.189368</ele>
    </rtept>
    <rtept lat="28.402595" lon="83.70006">
      <ele>2873.166937</ele>
    </rtept>
    <rtept lat="28.402645" lon="83.699936">
      <ele>2873.216724</ele>
    </rtept>
    <rtept lat="28.402622" lon="83.700041">
      <ele>2873.322586</ele>
    </rtept>
    <rtept lat="28.40259" lon="83.700025">
      <ele>2873.338874</ele>
    </rtept>
    <rtept lat="28.402656" lon="83.699786">
      <ele>2873.336018</ele>
    </rtept>
    <rtept lat="28.402641" lon="83.699681">
      <ele>2874.967556</ele>
    </rtept>
    <rtept lat="28.402636" lon="83.699814">
      <ele>2873.362625</ele>
    </rtept>
    <rtept lat="28.4026" lon="83.699919">
      <ele>2873.382147</ele>
    </rtept>
    <rtept lat="28.402593" lon="83.699974">
      <ele>2873.580682</ele>
    </rtept>
    <rtept lat="28.402698" lon="83.699947">
      <ele>2873.143521</ele>
    </rtept>
    <rtept lat="28.402606" lon="83.699942">
      <ele>2872.66585</ele>
    </rtept>
    <rtept lat="28.40259" lon="83.700044">
      <ele>2873.184925</ele>
    </rtept>
    <rtept lat="28.402579" lon="83.700148">
      <ele>2873.107032</ele>
    </rtept>
    <rtept lat="28.402548" lon="83.700249">
      <ele>2872.041817</ele>
    </rtept>
    <rtept lat="28.402491" lon="83.70033">
      <ele>2871.738619</ele>
    </rtept>
    <rtept lat="28.402525" lon="83.700439">
      <ele>2872.106046</ele>
    </rtept>
    <rtept lat="28.402515" lon="83.700545">
      <ele>2872.54896</ele>
    </rtept>
    <rtept lat="28.402496" lon="83.700652">
      <ele>2872.684307</ele>
    </rtept>
    <rtept lat="28.40251" lon="83.700763">
      <ele>2873.4704</ele>
    </rtept>
    <rtept lat="28.402569" lon="83.70085">
      <ele>2873.216013</ele>
    </rtept>
    <rtept lat="28.40252" lon="83.700936">
      <ele>2872.798465</ele>
    </rtept>
    <rtept lat="28.402523" lon="83.70102">
      <ele>2872.47809</ele>
    </rtept>
    <rtept lat="28.402444" lon="83.701081">
      <ele>2872.254987</ele>
    </rtept>
    <rtept lat="28.402386" lon="83.701163">
      <ele>2872.486213</ele>
    </rtept>
    <rtept lat="28.402319" lon="83.701245">
      <ele>2871.612803</ele>
    </rtept>
    <rtept lat="28.402259" lon="83.701335">
      <ele>2871.936462</ele>
    </rtept>
    <rtept lat="28.40222" lon="83.701453">
      <ele>2872.340633</ele>
    </rtept>
    <rtept lat="28.402199" lon="83.701556">
      <ele>2871.932045</ele>
    </rtept>
    <rtept lat="28.402185" lon="83.70166">
      <ele>2872.221843</ele>
    </rtept>
    <rtept lat="28.402172" lon="83.701764">
      <ele>2870.824486</ele>
    </rtept>
    <rtept lat="28.402113" lon="83.701847">
      <ele>2870.756308</ele>
    </rtept>
    <rtept lat="28.40204" lon="83.701912">
      <ele>2871.620893</ele>
    </rtept>
    <rtept lat="28.401948" lon="83.701945">
      <ele>2873.298253</ele>
    </rtept>
    <rtept lat="28.401941" lon="83.702047">
      <ele>2874.259775</ele>
    </rtept>
    <rtept lat="28.401909" lon="83.702157">
      <ele>2875.753087</ele>
    </rtept>
    <rtept lat="28.40186" lon="83.702252">
      <ele>2876.623197</ele>
    </rtept>
    <rtept lat="28.401802" lon="83.702343">
      <ele>2877.744772</ele>
    </rtept>
    <rtept lat="28.401726" lon="83.702403">
      <ele>2878.53312</ele>
    </rtept>
    <rtept lat="28.401723" lon="83.702517">
      <ele>2885.94067</ele>
    </rtept>
    <rtept lat="28.401639" lon="83.702561">
      <ele>2889.797073</ele>
    </rtept>
    <rtept lat="28.401461" lon="83.702531">
      <ele>2891.698858</ele>
    </rtept>
    <rtept lat="28.401371" lon="83.702518">
      <ele>2891.656908</ele>
    </rtept>
    <rtept lat="28.401292" lon="83.702578">
      <ele>2892.741903</ele>
    </rtept>
    <rtept lat="28.401212" lon="83.70264">
      <ele>2892.97102</ele>
    </rtept>
    <rtept lat="28.40121" lon="83.70275">
      <ele>2892.092827</ele>
    </rtept>
    <rtept lat="28.401224" lon="83.702862">
      <ele>2892.682102</ele>
    </rtept>
    <rtept lat="28.401303" lon="83.703024">
      <ele>2899.447228</ele>
    </rtept>
    <rtept lat="28.401333" lon="83.703137">
      <ele>2901.242965</ele>
    </rtept>
    <rtept lat="28.401355" lon="83.703239">
      <ele>2903.710588</ele>
    </rtept>
    <rtept lat="28.401316" lon="83.703335">
      <ele>2905.197807</ele>
    </rtept>
    <rtept lat="28.401364" lon="83.703429">
      <ele>2906.636704</ele>
    </rtept>
    <rtept lat="28.401358" lon="83.703532">
      <ele>2906.280685</ele>
    </rtept>
    <rtept lat="28.401425" lon="83.703614">
      <ele>2907.010111</ele>
    </rtept>
    <rtept lat="28.40146" lon="83.703712">
      <ele>2907.85655</ele>
    </rtept>
    <rtept lat="28.40153" lon="83.703783">
      <ele>2906.751107</ele>
    </rtept>
    <rtept lat="28.401543" lon="83.703888">
      <ele>2907.373844</ele>
    </rtept>
    <rtept lat="28.401581" lon="83.704018">
      <ele>2907.256683</ele>
    </rtept>
    <rtept lat="28.40158" lon="83.704124">
      <ele>2907.403061</ele>
    </rtept>
    <rtept lat="28.401533" lon="83.704217">
      <ele>2907.636217</ele>
    </rtept>
    <rtept lat="28.401518" lon="83.704324">
      <ele>2908.858156</ele>
    </rtept>
    <rtept lat="28.401583" lon="83.704396">
      <ele>2909.440209</ele>
    </rtept>
    <rtept lat="28.401564" lon="83.704508">
      <ele>2912.698534</ele>
    </rtept>
    <rtept lat="28.40153" lon="83.70461">
      <ele>2913.923335</ele>
    </rtept>
    <rtept lat="28.401557" lon="83.704717">
      <ele>2915.47076</ele>
    </rtept>
    <rtept lat="28.401528" lon="83.704814">
      <ele>2916.37342</ele>
    </rtept>
    <rtept lat="28.401488" lon="83.704907">
      <ele>2919.146051</ele>
    </rtept>
    <rtept lat="28.401488" lon="83.70501">
      <ele>2922.67187</ele>
    </rtept>
    <rtept lat="28.401439" lon="83.705106">
      <ele>2924.293825</ele>
    </rtept>
    <rtept lat="28.401356" lon="83.705162">
      <ele>2924.83189</ele>
    </rtept>
    <rtept lat="28.401322" lon="83.705259">
      <ele>2925.745295</ele>
    </rtept>
    <rtept lat="28.40126" lon="83.705337">
      <ele>2929.552317</ele>
    </rtept>
    <rtept lat="28.401178" lon="83.705379">
      <ele>2932.446557</ele>
    </rtept>
    <rtept lat="28.401121" lon="83.70546">
      <ele>2937.969088</ele>
    </rtept>
    <rtept lat="28.4011" lon="83.705562">
      <ele>2939.921347</ele>
    </rtept>
    <rtept lat="28.401035" lon="83.705632">
      <ele>2941.60226</ele>
    </rtept>
    <rtept lat="28.401032" lon="83.705637">
      <ele>2941.646347</ele>
    </rtept>
    <rtept lat="28.400943" lon="83.70566">
      <ele>2945.475378</ele>
    </rtept>
    <rtept lat="28.400853" lon="83.70567">
      <ele>2949.214633</ele>
    </rtept>
    <rtept lat="28.400791" lon="83.705747">
      <ele>2953.602951</ele>
    </rtept>
    <rtept lat="28.400704" lon="83.705716">
      <ele>2958.787241</ele>
    </rtept>
    <rtept lat="28.400643" lon="83.705794">
      <ele>2961.587504</ele>
    </rtept>
    <rtept lat="28.400564" lon="83.705849">
      <ele>2966.493301</ele>
    </rtept>
    <rtept lat="28.40048" lon="83.705892">
      <ele>2969.971627</ele>
    </rtept>
    <rtept lat="28.400387" lon="83.705909">
      <ele>2969.997</ele>
    </rtept>
    <rtept lat="28.400294" lon="83.705933">
      <ele>2970.546515</ele>
    </rtept>
    <rtept lat="28.400204" lon="83.705949">
      <ele>2970.486265</ele>
    </rtept>
    <rtept lat="28.400156" lon="83.705862">
      <ele>2971.21832</ele>
    </rtept>
    <rtept lat="28.40006" lon="83.705876">
      <ele>2972.480931</ele>
    </rtept>
    <rtept lat="28.399999" lon="83.705965">
      <ele>2969.709865</ele>
    </rtept>
    <rtept lat="28.399908" lon="83.705957">
      <ele>2972.834228</ele>
    </rtept>
    <rtept lat="28.399815" lon="83.705949">
      <ele>2976.338265</ele>
    </rtept>
    <rtept lat="28.399724" lon="83.70596">
      <ele>2980.040614</ele>
    </rtept>
    <rtept lat="28.399629" lon="83.705963">
      <ele>2983.365105</ele>
    </rtept>
    <rtept lat="28.399542" lon="83.705998">
      <ele>2985.297994</ele>
    </rtept>
    <rtept lat="28.399452" lon="83.706009">
      <ele>2986.547941</ele>
    </rtept>
    <rtept lat="28.399371" lon="83.705958">
      <ele>2988.627024</ele>
    </rtept>
    <rtept lat="28.39928" lon="83.705948">
      <ele>2992.84892</ele>
    </rtept>
    <rtept lat="28.399184" lon="83.705954">
      <ele>2996.270732</ele>
    </rtept>
    <rtept lat="28.399097" lon="83.705922">
      <ele>3002.607684</ele>
    </rtept>
    <rtept lat="28.39902" lon="83.705857">
      <ele>3005.884508</ele>
    </rtept>
    <rtept lat="28.398932" lon="83.70583">
      <ele>3010.928439</ele>
    </rtept>
    <rtept lat="28.39884" lon="83.70586">
      <ele>3014.267291</ele>
    </rtept>
    <rtept lat="28.398757" lon="83.705902">
      <ele>3016.455025</ele>
    </rtept>
    <rtept lat="28.398672" lon="83.705935">
      <ele>3016.399785</ele>
    </rtept>
    <rtept lat="28.398614" lon="83.706016">
      <ele>3016.019649</ele>
    </rtept>
    <rtept lat="28.39859" lon="83.706115">
      <ele>3017.091414</ele>
    </rtept>
    <rtept lat="28.398601" lon="83.706219">
      <ele>3017.94654</ele>
    </rtept>
    <rtept lat="28.39862" lon="83.706326">
      <ele>3022.063346</ele>
    </rtept>
    <rtept lat="28.398603" lon="83.706429">
      <ele>3027.955436</ele>
    </rtept>
    <rtept lat="28.398604" lon="83.706531">
      <ele>3032.60186</ele>
    </rtept>
    <rtept lat="28.398615" lon="83.706637">
      <ele>3038.383853</ele>
    </rtept>
    <rtept lat="28.398606" lon="83.706744">
      <ele>3042.07762</ele>
    </rtept>
    <rtept lat="28.39859" lon="83.706847">
      <ele>3043.039167</ele>
    </rtept>
    <rtept lat="28.39851" lon="83.706901">
      <ele>3043.993806</ele>
    </rtept>
    <rtept lat="28.39842" lon="83.706885">
      <ele>3041.992249</ele>
    </rtept>
    <rtept lat="28.398354" lon="83.706962">
      <ele>3037.299543</ele>
    </rtept>
    <rtept lat="28.3983" lon="83.707046">
      <ele>3036.617653</ele>
    </rtept>
    <rtept lat="28.398238" lon="83.707132">
      <ele>3036.866339</ele>
    </rtept>
    <rtept lat="28.398163" lon="83.707194">
      <ele>3036.529111</ele>
    </rtept>
    <rtept lat="28.398102" lon="83.707275">
      <ele>3036.215188</ele>
    </rtept>
    <rtept lat="28.398075" lon="83.707382">
      <ele>3038.137832</ele>
    </rtept>
    <rtept lat="28.397987" lon="83.707415">
      <ele>3041.181113</ele>
    </rtept>
    <rtept lat="28.39795" lon="83.707511">
      <ele>3045.719203</ele>
    </rtept>
    <rtept lat="28.397876" lon="83.707574">
      <ele>3048.111736</ele>
    </rtept>
    <rtept lat="28.397826" lon="83.707669">
      <ele>3050.677683</ele>
    </rtept>
    <rtept lat="28.397753" lon="83.707735">
      <ele>3052.249265</ele>
    </rtept>
    <rtept lat="28.397731" lon="83.707844">
      <ele>3054.65423</ele>
    </rtept>
    <rtept lat="28.397727" lon="83.70795">
      <ele>3054.434869</ele>
    </rtept>
    <rtept lat="28.39763" lon="83.707968">
      <ele>3056.473846</ele>
    </rtept>
    <rtept lat="28.39755" lon="83.708044">
      <ele>3059.201628</ele>
    </rtept>
    <rtept lat="28.397498" lon="83.708128">
      <ele>3062.192404</ele>
    </rtept>
    <rtept lat="28.397463" lon="83.708228">
      <ele>3063.328446</ele>
    </rtept>
    <rtept lat="28.397376" lon="83.708268">
      <ele>3065.651196</ele>
    </rtept>
    <rtept lat="28.397369" lon="83.708373">
      <ele>3066.696978</ele>
    </rtept>
    <rtept lat="28.397297" lon="83.708444">
      <ele>3069.942219</ele>
    </rtept>
    <rtept lat="28.397229" lon="83.708522">
      <ele>3074.731218</ele>
    </rtept>
    <rtept lat="28.397148" lon="83.708575">
      <ele>3078.84688</ele>
    </rtept>
    <rtept lat="28.397112" lon="83.708673">
      <ele>3080.130952</ele>
    </rtept>
    <rtept lat="28.397131" lon="83.708776">
      <ele>3080.51075</ele>
    </rtept>
    <rtept lat="28.397079" lon="83.708863">
      <ele>3080.185033</ele>
    </rtept>
    <rtept lat="28.397065" lon="83.708964">
      <ele>3080.348592</ele>
    </rtept>
    <rtept lat="28.39704" lon="83.709065">
      <ele>3079.356595</ele>
    </rtept>
    <rtept lat="28.39699" lon="83.709164">
      <ele>3079.157141</ele>
    </rtept>
    <rtept lat="28.396917" lon="83.709238">
      <ele>3080.195927</ele>
    </rtept>
    <rtept lat="28.396864" lon="83.709325">
      <ele>3080.53832</ele>
    </rtept>
    <rtept lat="28.396802" lon="83.7094">
      <ele>3083.324302</ele>
    </rtept>
    <rtept lat="28.396758" lon="83.709504">
      <ele>3085.792274</ele>
    </rtept>
    <rtept lat="28.396684" lon="83.709572">
      <ele>3087.395158</ele>
    </rtept>
    <rtept lat="28.396656" lon="83.70967">
      <ele>3088.999481</ele>
    </rtept>
    <rtept lat="28.396638" lon="83.709771">
      <ele>3089.236623</ele>
    </rtept>
    <rtept lat="28.396607" lon="83.709873">
      <ele>3090.95789</ele>
    </rtept>
    <rtept lat="28.396585" lon="83.709975">
      <ele>3094.023667</ele>
    </rtept>
    <rtept lat="28.396634" lon="83.710063">
      <ele>3098.392936</ele>
    </rtept>
    <rtept lat="28.396697" lon="83.710142">
      <ele>3101.022478</ele>
    </rtept>
    <rtept lat="28.396736" lon="83.71024">
      <ele>3101.970976</ele>
    </rtept>
    <rtept lat="28.39675" lon="83.710343">
      <ele>3105.012347</ele>
    </rtept>
    <rtept lat="28.396656" lon="83.710342">
      <ele>3107.448394</ele>
    </rtept>
    <rtept lat="28.396672" lon="83.710445">
      <ele>3109.766313</ele>
    </rtept>
    <rtept lat="28.39665" lon="83.710546">
      <ele>3112.962053</ele>
    </rtept>
    <rtept lat="28.396651" lon="83.710648">
      <ele>3114.777871</ele>
    </rtept>
    <rtept lat="28.396606" lon="83.710743">
      <ele>3115.47266</ele>
    </rtept>
    <rtept lat="28.396532" lon="83.710802">
      <ele>3116.323955</ele>
    </rtept>
    <rtept lat="28.396463" lon="83.710872">
      <ele>3116.422111</ele>
    </rtept>
    <rtept lat="28.396478" lon="83.710978">
      <ele>3115.828456</ele>
    </rtept>
    <rtept lat="28.396409" lon="83.711048">
      <ele>3116.121226</ele>
    </rtept>
    <rtept lat="28.396324" lon="83.711085">
      <ele>3116.222129</ele>
    </rtept>
    <rtept lat="28.396309" lon="83.711189">
      <ele>3116.122367</ele>
    </rtept>
    <rtept lat="28.396242" lon="83.711259">
      <ele>3114.802238</ele>
    </rtept>
    <rtept lat="28.39621" lon="83.711359">
      <ele>3112.234329</ele>
    </rtept>
    <rtept lat="28.396201" lon="83.711465">
      <ele>3111.864784</ele>
    </rtept>
    <rtept lat="28.396157" lon="83.71156">
      <ele>3113.433949</ele>
    </rtept>
    <rtept lat="28.396081" lon="83.711617">
      <ele>3117.046747</ele>
    </rtept>
    <rtept lat="28.396018" lon="83.711697">
      <ele>3121.305084</ele>
    </rtept>
    <rtept lat="28.395956" lon="83.711778">
      <ele>3121.73887</ele>
    </rtept>
    <rtept lat="28.395886" lon="83.711861">
      <ele>3125.454504</ele>
    </rtept>
    <rtept lat="28.395821" lon="83.711937">
      <ele>3126.74942</ele>
    </rtept>
    <rtept lat="28.395759" lon="83.712012">
      <ele>3127.991786</ele>
    </rtept>
    <rtept lat="28.395691" lon="83.712097">
      <ele>3130.63662</ele>
    </rtept>
    <rtept lat="28.395651" lon="83.712188">
      <ele>3133.851969</ele>
    </rtept>
    <rtept lat="28.39562" lon="83.712286">
      <ele>3136.915044</ele>
    </rtept>
    <rtept lat="28.395591" lon="83.712385">
      <ele>3139.322106</ele>
    </rtept>
    <rtept lat="28.395572" lon="83.712487">
      <ele>3140.894475</ele>
    </rtept>
    <rtept lat="28.395568" lon="83.712596">
      <ele>3145.72748</ele>
    </rtept>
    <rtept lat="28.395576" lon="83.712704">
      <ele>3154.130144</ele>
    </rtept>
    <rtept lat="28.395534" lon="83.712807">
      <ele>3161.047216</ele>
    </rtept>
    <rtept lat="28.395606" lon="83.712731">
      <ele>3158.91132</ele>
    </rtept>
    <rtept lat="28.395584" lon="83.712834">
      <ele>3160.650634</ele>
    </rtept>
    <rtept lat="28.395588" lon="83.712941">
      <ele>3159.702484</ele>
    </rtept>
    <rtept lat="28.395573" lon="83.713048">
      <ele>3159.937397</ele>
    </rtept>
    <rtept lat="28.395585" lon="83.713153">
      <ele>3159.996028</ele>
    </rtept>
    <rtept lat="28.395576" lon="83.713262">
      <ele>3160.324662</ele>
    </rtept>
    <rtept lat="28.395566" lon="83.713366">
      <ele>3159.490506</ele>
    </rtept>
    <rtept lat="28.395563" lon="83.71347">
      <ele>3159.87148</ele>
    </rtept>
    <rtept lat="28.395522" lon="83.713563">
      <ele>3154.540144</ele>
    </rtept>
    <rtept lat="28.395567" lon="83.713656">
      <ele>3148.775113</ele>
    </rtept>
    <rtept lat="28.395535" lon="83.713754">
      <ele>3145.505176</ele>
    </rtept>
    <rtept lat="28.395504" lon="83.713853">
      <ele>3144.542597</ele>
    </rtept>
    <rtept lat="28.395528" lon="83.71396">
      <ele>3145.056452</ele>
    </rtept>
    <rtept lat="28.39555" lon="83.71406">
      <ele>3144.323725</ele>
    </rtept>
    <rtept lat="28.395573" lon="83.71416">
      <ele>3144.300908</ele>
    </rtept>
    <rtept lat="28.395567" lon="83.714266">
      <ele>3143.82574</ele>
    </rtept>
    <rtept lat="28.395591" lon="83.714365">
      <ele>3146.646758</ele>
    </rtept>
    <rtept lat="28.395574" lon="83.71447">
      <ele>3162.699408</ele>
    </rtept>
    <rtept lat="28.395565" lon="83.714575">
      <ele>3168.368704</ele>
    </rtept>
    <rtept lat="28.395521" lon="83.71467">
      <ele>3169.972779</ele>
    </rtept>
    <rtept lat="28.395516" lon="83.714781">
      <ele>3170.845663</ele>
    </rtept>
    <rtept lat="28.395505" lon="83.714887">
      <ele>3172.761048</ele>
    </rtept>
    <rtept lat="28.395521" lon="83.714988">
      <ele>3176.883279</ele>
    </rtept>
    <rtept lat="28.395517" lon="83.715097">
      <ele>3178.636565</ele>
    </rtept>
    <rtept lat="28.395524" lon="83.715204">
      <ele>3183.593824</ele>
    </rtept>
    <rtept lat="28.39556" lon="83.715312">
      <ele>3188.734632</ele>
    </rtept>
    <rtept lat="28.395509" lon="83.71541">
      <ele>3190.839336</ele>
    </rtept>
    <rtept lat="28.395488" lon="83.715519">
      <ele>3191.76801</ele>
    </rtept>
    <rtept lat="28.395545" lon="83.715608">
      <ele>3194.668884</ele>
    </rtept>
    <rtept lat="28.395567" lon="83.715709">
      <ele>3198.696703</ele>
    </rtept>
    <rtept lat="28.395548" lon="83.715812">
      <ele>3201.94975</ele>
    </rtept>
    <rtept lat="28.395563" lon="83.715913">
      <ele>3204.069522</ele>
    </rtept>
    <rtept lat="28.395673" lon="83.71595">
      <ele>3202.451195</ele>
    </rtept>
    <rtept lat="28.395666" lon="83.716061">
      <ele>3197.955021</ele>
    </rtept>
    <rtept lat="28.395697" lon="83.71616">
      <ele>3197.507869</ele>
    </rtept>
    <rtept lat="28.395692" lon="83.716265">
      <ele>3198.045452</ele>
    </rtept>
    <rtept lat="28.395651" lon="83.716359">
      <ele>3198.456095</ele>
    </rtept>
    <rtept lat="28.395664" lon="83.716466">
      <ele>3200.909191</ele>
    </rtept>
    <rtept lat="28.395708" lon="83.716556">
      <ele>3198.454548</ele>
    </rtept>
    <rtept lat="28.395712" lon="83.716662">
      <ele>3196.09877</ele>
    </rtept>
    <rtept lat="28.395803" lon="83.716659">
      <ele>3195.599534</ele>
    </rtept>
    <rtept lat="28.395876" lon="83.716722">
      <ele>3194.866469</ele>
    </rtept>
    <rtept lat="28.39589" lon="83.716823">
      <ele>3193.973365</ele>
    </rtept>
    <rtept lat="28.395964" lon="83.716894">
      <ele>3193.123083</ele>
    </rtept>
    <rtept lat="28.395982" lon="83.716997">
      <ele>3193.192159</ele>
    </rtept>
    <rtept lat="28.396047" lon="83.717077">
      <ele>3193.028114</ele>
    </rtept>
    <rtept lat="28.39608" lon="83.717176">
      <ele>3194.305722</ele>
    </rtept>
    <rtept lat="28.396104" lon="83.717288">
      <ele>3194.255376</ele>
    </rtept>
    <rtept lat="28.39613" lon="83.71739">
      <ele>3195.368013</ele>
    </rtept>
    <rtept lat="28.396195" lon="83.717465">
      <ele>3196.82345</ele>
    </rtept>
    <rtept lat="28.396205" lon="83.717572">
      <ele>3197.588983</ele>
    </rtept>
    <rtept lat="28.396225" lon="83.717675">
      <ele>3199.307298</ele>
    </rtept>
    <rtept lat="28.396308" lon="83.717717">
      <ele>3202.026116</ele>
    </rtept>
    <rtept lat="28.396351" lon="83.717814">
      <ele>3204.844846</ele>
    </rtept>
    <rtept lat="28.39641" lon="83.717891">
      <ele>3206.174995</ele>
    </rtept>
    <rtept lat="28.396472" lon="83.717977">
      <ele>3204.164881</ele>
    </rtept>
    <rtept lat="28.396458" lon="83.718083">
      <ele>3204.110269</ele>
    </rtept>
    <rtept lat="28.396379" lon="83.718166">
      <ele>3204.665107</ele>
    </rtept>
    <rtept lat="28.396371" lon="83.718273">
      <ele>3205.656252</ele>
    </rtept>
    <rtept lat="28.396331" lon="83.718373">
      <ele>3206.956731</ele>
    </rtept>
    <rtept lat="28.396339" lon="83.718484">
      <ele>3204.70032</ele>
    </rtept>
    <rtept lat="28.396307" lon="83.7186">
      <ele>3203.828337</ele>
    </rtept>
    <rtept lat="28.396271" lon="83.718708">
      <ele>3203.444083</ele>
    </rtept>
    <rtept lat="28.396227" lon="83.718803">
      <ele>3198.871285</ele>
    </rtept>
    <rtept lat="28.396292" lon="83.718874">
      <ele>3198.154764</ele>
    </rtept>
    <rtept lat="28.396333" lon="83.71897">
      <ele>3196.937015</ele>
    </rtept>
    <rtept lat="28.396336" lon="83.719081">
      <ele>3196.004582</ele>
    </rtept>
    <rtept lat="28.396343" lon="83.719192">
      <ele>3196.804604</ele>
    </rtept>
    <rtept lat="28.396428" lon="83.719241">
      <ele>3197.048374</ele>
    </rtept>
    <rtept lat="28.396495" lon="83.719322">
      <ele>3194.826086</ele>
    </rtept>
    <rtept lat="28.396536" lon="83.719422">
      <ele>3193.363257</ele>
    </rtept>
    <rtept lat="28.396613" lon="83.719497">
      <ele>3190.22065</ele>
    </rtept>
    <rtept lat="28.396631" lon="83.719602">
      <ele>3187.919285</ele>
    </rtept>
    <rtept lat="28.396622" lon="83.719706">
      <ele>3186.603988</ele>
    </rtept>
    <rtept lat="28.396611" lon="83.719811">
      <ele>3186.548468</ele>
    </rtept>
    <rtept lat="28.396575" lon="83.71992">
      <ele>3187.28601</ele>
    </rtept>
    <rtept lat="28.39656" lon="83.720038">
      <ele>3188.384578</ele>
    </rtept>
    <rtept lat="28.396548" lon="83.720159">
      <ele>3188.475202</ele>
    </rtept>
    <rtept lat="28.396515" lon="83.720269">
      <ele>3188.773716</ele>
    </rtept>
    <rtept lat="28.396453" lon="83.720344">
      <ele>3191.051671</ele>
    </rtept>
    <rtept lat="28.396509" lon="83.720427">
      <ele>3193.925344</ele>
    </rtept>
    <rtept lat="28.396482" lon="83.72053">
      <ele>3191.464225</ele>
    </rtept>
    <rtept lat="28.396431" lon="83.720623">
      <ele>3192.004128</ele>
    </rtept>
    <rtept lat="28.396441" lon="83.720726">
      <ele>3190.222869</ele>
    </rtept>
    <rtept lat="28.396458" lon="83.720827">
      <ele>3188.825341</ele>
    </rtept>
    <rtept lat="28.396502" lon="83.720924">
      <ele>3188.774868</ele>
    </rtept>
    <rtept lat="28.396525" lon="83.721031">
      <ele>3189.053437</ele>
    </rtept>
    <rtept lat="28.396546" lon="83.721143">
      <ele>3190.206283</ele>
    </rtept>
    <rtept lat="28.396514" lon="83.721243">
      <ele>3189.471662</ele>
    </rtept>
    <rtept lat="28.396471" lon="83.721341">
      <ele>3189.558714</ele>
    </rtept>
    <rtept lat="28.396444" lon="83.721442">
      <ele>3191.030083</ele>
    </rtept>
    <rtept lat="28.396441" lon="83.721546">
      <ele>3189.824505</ele>
    </rtept>
    <rtept lat="28.396457" lon="83.721655">
      <ele>3189.505236</ele>
    </rtept>
    <rtept lat="28.396417" lon="83.721765">
      <ele>3189.640538</ele>
    </rtept>
    <rtept lat="28.39643" lon="83.721872">
      <ele>3192.249967</ele>
    </rtept>
    <rtept lat="28.39642" lon="83.72198">
      <ele>3194.205959</ele>
    </rtept>
  </rte>
  <rte>
    <rtept lat="28.396797" lon="83.728866">
      <ele>3110.043765</ele>
    </rtept>
    <rtept lat="28.396841" lon="83.728763">
      <ele>3112.276678</ele>
    </rtept>
    <rtept lat="28.396789" lon="83.72885">
      <ele>3111.692815</ele>
    </rtept>
    <rtept lat="28.396825" lon="83.728754">
      <ele>3113.639865</ele>
    </rtept>
    <rtept lat="28.396802" lon="83.728858">
      <ele>3113.316156</ele>
    </rtept>
    <rtept lat="28.396809" lon="83.728968">
      <ele>3111.686834</ele>
    </rtept>
    <rtept lat="28.39673" lon="83.729037">
      <ele>3107.927284</ele>
    </rtept>
    <rtept lat="28.396792" lon="83.729131">
      <ele>3108.511877</ele>
    </rtept>
    <rtept lat="28.396881" lon="83.729072">
      <ele>3110.589333</ele>
    </rtept>
    <rtept lat="28.396715" lon="83.728905">
      <ele>3110.206239</ele>
    </rtept>
    <rtept lat="28.396632" lon="83.728958">
      <ele>3108.997947</ele>
    </rtept>
    <rtept lat="28.396551" lon="83.729015">
      <ele>3109.394105</ele>
    </rtept>
    <rtept lat="28.396466" lon="83.729056">
      <ele>3105.186743</ele>
    </rtept>
    <rtept lat="28.396441" lon="83.729157">
      <ele>3107.859908</ele>
    </rtept>
    <rtept lat="28.396446" lon="83.729271">
      <ele>3106.011808</ele>
    </rtept>
    <rtept lat="28.396383" lon="83.729345">
      <ele>3106.463662</ele>
    </rtept>
    <rtept lat="28.396336" lon="83.729435">
      <ele>3101.85511</ele>
    </rtept>
    <rtept lat="28.396245" lon="83.729449">
      <ele>3103.135498</ele>
    </rtept>
    <rtept lat="28.396212" lon="83.729549">
      <ele>3095.785462</ele>
    </rtept>
    <rtept lat="28.396234" lon="83.72965">
      <ele>3098.391985</ele>
    </rtept>
    <rtept lat="28.396188" lon="83.729741">
      <ele>3096.974817</ele>
    </rtept>
    <rtept lat="28.396118" lon="83.729815">
      <ele>3092.873402</ele>
    </rtept>
    <rtept lat="28.396057" lon="83.729914">
      <ele>3090.060711</ele>
    </rtept>
    <rtept lat="28.396031" lon="83.730014">
      <ele>3087.235373</ele>
    </rtept>
    <rtept lat="28.395988" lon="83.730105">
      <ele>3084.002303</ele>
    </rtept>
    <rtept lat="28.396006" lon="83.730206">
      <ele>3082.460384</ele>
    </rtept>
    <rtept lat="28.39592" lon="83.73025">
      <ele>3080.732531</ele>
    </rtept>
    <rtept lat="28.395959" lon="83.730343">
      <ele>3077.958647</ele>
    </rtept>
    <rtept lat="28.395906" lon="83.730426">
      <ele>3075.908789</ele>
    </rtept>
    <rtept lat="28.395837" lon="83.730506">
      <ele>3073.952123</ele>
    </rtept>
    <rtept lat="28.395798" lon="83.730611">
      <ele>3070.244623</ele>
    </rtept>
    <rtept lat="28.395764" lon="83.730712">
      <ele>3070.123789</ele>
    </rtept>
    <rtept lat="28.39581" lon="83.730801">
      <ele>3070.598883</ele>
    </rtept>
    <rtept lat="28.395874" lon="83.730898">
      <ele>3069.54752</ele>
    </rtept>
    <rtept lat="28.395867" lon="83.731007">
      <ele>3068.606404</ele>
    </rtept>
    <rtept lat="28.395924" lon="83.731089">
      <ele>3067.361725</ele>
    </rtept>
    <rtept lat="28.395895" lon="83.731191">
      <ele>3064.743078</ele>
    </rtept>
    <rtept lat="28.395886" lon="83.731302">
      <ele>3062.428493</ele>
    </rtept>
    <rtept lat="28.395906" lon="83.731404">
      <ele>3060.504334</ele>
    </rtept>
    <rtept lat="28.395877" lon="83.731503">
      <ele>3059.127743</ele>
    </rtept>
    <rtept lat="28.395863" lon="83.731609">
      <ele>3058.178376</ele>
    </rtept>
    <rtept lat="28.395824" lon="83.731705">
      <ele>3056.999351</ele>
    </rtept>
    <rtept lat="28.395904" lon="83.731772">
      <ele>3053.392311</ele>
    </rtept>
    <rtept lat="28.395996" lon="83.731764">
      <ele>3051.562414</ele>
    </rtept>
    <rtept lat="28.395936" lon="83.731841">
      <ele>3049.80472</ele>
    </rtept>
    <rtept lat="28.395955" lon="83.731954">
      <ele>3049.928406</ele>
    </rtept>
    <rtept lat="28.395888" lon="83.732026">
      <ele>3050.749151</ele>
    </rtept>
    <rtept lat="28.395849" lon="83.732119">
      <ele>3050.946186</ele>
    </rtept>
    <rtept lat="28.395807" lon="83.732213">
      <ele>3050.63249</ele>
    </rtept>
    <rtept lat="28.395748" lon="83.732295">
      <ele>3050.451622</ele>
    </rtept>
    <rtept lat="28.395796" lon="83.732389">
      <ele>3050.866433</ele>
    </rtept>
    <rtept lat="28.395776" lon="83.7325">
      <ele>3050.39269</ele>
    </rtept>
    <rtept lat="28.395713" lon="83.732583">
      <ele>3049.199529</ele>
    </rtept>
    <rtept lat="28.395687" lon="83.732682">
      <ele>3047.544666</ele>
    </rtept>
    <rtept lat="28.395613" lon="83.732747">
      <ele>3046.793631</ele>
    </rtept>
    <rtept lat="28.395508" lon="83.732786">
      <ele>3044.460621</ele>
    </rtept>
    <rtept lat="28.395419" lon="83.732825">
      <ele>3044.171539</ele>
    </rtept>
    <rtept lat="28.395322" lon="83.732854">
      <ele>3044.575514</ele>
    </rtept>
    <rtept lat="28.39533" lon="83.732972">
      <ele>3043.02053</ele>
    </rtept>
    <rtept lat="28.395281" lon="83.733068">
      <ele>3044.580632</ele>
    </rtept>
    <rtept lat="28.395206" lon="83.733128">
      <ele>3046.426094</ele>
    </rtept>
    <rtept lat="28.395215" lon="83.733231">
      <ele>3048.00098</ele>
    </rtept>
    <rtept lat="28.395197" lon="83.733335">
      <ele>3051.069519</ele>
    </rtept>
    <rtept lat="28.39515" lon="83.733425">
      <ele>3052.64065</ele>
    </rtept>
    <rtept lat="28.395129" lon="83.733534">
      <ele>3052.103573</ele>
    </rtept>
    <rtept lat="28.395036" lon="83.733557">
      <ele>3051.525842</ele>
    </rtept>
    <rtept lat="28.394964" lon="83.73362">
      <ele>3051.232258</ele>
    </rtept>
    <rtept lat="28.394955" lon="83.733726">
      <ele>3049.803987</ele>
    </rtept>
    <rtept lat="28.394933" lon="83.733847">
      <ele>3045.560451</ele>
    </rtept>
    <rtept lat="28.394884" lon="83.733938">
      <ele>3042.878394</ele>
    </rtept>
    <rtept lat="28.394975" lon="83.733956">
      <ele>3037.546659</ele>
    </rtept>
    <rtept lat="28.394942" lon="83.734051">
      <ele>3036.493748</ele>
    </rtept>
    <rtept lat="28.395009" lon="83.73412">
      <ele>3035.162127</ele>
    </rtept>
    <rtept lat="28.394999" lon="83.734017">
      <ele>3034.862925</ele>
    </rtept>
    <rtept lat="28.394953" lon="83.734108">
      <ele>3035.064544</ele>
    </rtept>
    <rtept lat="28.394882" lon="83.734185">
      <ele>3033.237502</ele>
    </rtept>
    <rtept lat="28.394962" lon="83.734246">
      <ele>3032.683968</ele>
    </rtept>
    <rtept lat="28.394931" lon="83.734344">
      <ele>3029.407138</ele>
    </rtept>
    <rtept lat="28.394939" lon="83.734447">
      <ele>3029.168567</ele>
    </rtept>
    <rtept lat="28.395031" lon="83.734489">
      <ele>3026.837987</ele>
    </rtept>
    <rtept lat="28.39498" lon="83.734581">
      <ele>3024.61075</ele>
    </rtept>
    <rtept lat="28.395007" lon="83.73468">
      <ele>3021.776754</ele>
    </rtept>
    <rtept lat="28.395061" lon="83.734768">
      <ele>3018.915641</ele>
    </rtept>
    <rtept lat="28.39511" lon="83.734862">
      <ele>3015.581578</ele>
    </rtept>
    <rtept lat="28.395142" lon="83.734958">
      <ele>3012.575687</ele>
    </rtept>
    <rtept lat="28.395043" lon="83.73491">
      <ele>3011.822072</ele>
    </rtept>
    <rtept lat="28.394954" lon="83.734973">
      <ele>3008.692724</ele>
    </rtept>
    <rtept lat="28.394863" lon="83.735014">
      <ele>3006.382269</ele>
    </rtept>
    <rtept lat="28.394757" lon="83.734993">
      <ele>3004.055189</ele>
    </rtept>
    <rtept lat="28.394682" lon="83.735057">
      <ele>3003.632895</ele>
    </rtept>
    <rtept lat="28.394611" lon="83.735126">
      <ele>2999.848225</ele>
    </rtept>
    <rtept lat="28.394532" lon="83.735209">
      <ele>2999.086581</ele>
    </rtept>
    <rtept lat="28.394469" lon="83.735397">
      <ele>2995.908483</ele>
    </rtept>
    <rtept lat="28.394445" lon="83.735534">
      <ele>2991.120113</ele>
    </rtept>
    <rtept lat="28.39435" lon="83.735569">
      <ele>2988.867317</ele>
    </rtept>
    <rtept lat="28.394429" lon="83.735683">
      <ele>2988.009242</ele>
    </rtept>
    <rtept lat="28.394513" lon="83.735736">
      <ele>2986.465967</ele>
    </rtept>
    <rtept lat="28.394471" lon="83.735833">
      <ele>2984.463262</ele>
    </rtept>
    <rtept lat="28.394499" lon="83.735939">
      <ele>2980.457773</ele>
    </rtept>
    <rtept lat="28.394475" lon="83.736039">
      <ele>2978.868748</ele>
    </rtept>
    <rtept lat="28.394526" lon="83.736129">
      <ele>2978.843552</ele>
    </rtept>
    <rtept lat="28.394515" lon="83.736239">
      <ele>2978.231256</ele>
    </rtept>
    <rtept lat="28.394472" lon="83.736332">
      <ele>2975.455858</ele>
    </rtept>
    <rtept lat="28.394404" lon="83.736406">
      <ele>2971.899647</ele>
    </rtept>
    <rtept lat="28.394386" lon="83.736515">
      <ele>2970.3907</ele>
    </rtept>
    <rtept lat="28.394357" lon="83.736613">
      <ele>2970.908692</ele>
    </rtept>
    <rtept lat="28.394264" lon="83.736622">
      <ele>2971.277244</ele>
    </rtept>
    <rtept lat="28.394171" lon="83.736612">
      <ele>2972.116906</ele>
    </rtept>
    <rtept lat="28.394079" lon="83.736607">
      <ele>2971.052287</ele>
    </rtept>
    <rtept lat="28.394002" lon="83.736666">
      <ele>2970.467961</ele>
    </rtept>
    <rtept lat="28.394004" lon="83.736777">
      <ele>2969.448107</ele>
    </rtept>
    <rtept lat="28.394062" lon="83.736857">
      <ele>2968.561899</ele>
    </rtept>
    <rtept lat="28.394049" lon="83.73696">
      <ele>2964.647474</ele>
    </rtept>
    <rtept lat="28.393963" lon="83.737009">
      <ele>2965.638329</ele>
    </rtept>
    <rtept lat="28.393943" lon="83.737111">
      <ele>2965.858285</ele>
    </rtept>
    <rtept lat="28.393964" lon="83.737212">
      <ele>2965.503868</ele>
    </rtept>
    <rtept lat="28.394025" lon="83.737292">
      <ele>2964.488111</ele>
    </rtept>
    <rtept lat="28.39404" lon="83.737394">
      <ele>2964.741315</ele>
    </rtept>
    <rtept lat="28.394026" lon="83.737497">
      <ele>2963.28254</ele>
    </rtept>
    <rtept lat="28.393997" lon="83.737597">
      <ele>2963.219272</ele>
    </rtept>
    <rtept lat="28.393961" lon="83.737693">
      <ele>2959.887235</ele>
    </rtept>
    <rtept lat="28.393916" lon="83.737795">
      <ele>2955.34311</ele>
    </rtept>
    <rtept lat="28.394008" lon="83.737827">
      <ele>2950.68974</ele>
    </rtept>
    <rtept lat="28.393976" lon="83.737721">
      <ele>2957.553429</ele>
    </rtept>
    <rtept lat="28.393992" lon="83.737822">
      <ele>2956.436269</ele>
    </rtept>
    <rtept lat="28.394062" lon="83.737895">
      <ele>2955.025408</ele>
    </rtept>
    <rtept lat="28.393969" lon="83.73791">
      <ele>2950.730395</ele>
    </rtept>
    <rtept lat="28.393985" lon="83.738013">
      <ele>2944.884145</ele>
    </rtept>
    <rtept lat="28.394043" lon="83.738098">
      <ele>2940.829486</ele>
    </rtept>
    <rtept lat="28.394133" lon="83.738075">
      <ele>2939.903409</ele>
    </rtept>
    <rtept lat="28.39409" lon="83.738165">
      <ele>2938.413949</ele>
    </rtept>
    <rtept lat="28.394015" lon="83.738232">
      <ele>2935.088329</ele>
    </rtept>
    <rtept lat="28.393968" lon="83.738326">
      <ele>2932.22156</ele>
    </rtept>
    <rtept lat="28.394055" lon="83.738372">
      <ele>2929.367457</ele>
    </rtept>
    <rtept lat="28.394106" lon="83.738281">
      <ele>2922.528476</ele>
    </rtept>
    <rtept lat="28.394218" lon="83.738374">
      <ele>2928.280632</ele>
    </rtept>
    <rtept lat="28.394281" lon="83.738449">
      <ele>2925.88989</ele>
    </rtept>
    <rtept lat="28.394286" lon="83.738559">
      <ele>2919.618387</ele>
    </rtept>
    <rtept lat="28.394324" lon="83.738656">
      <ele>2913.496349</ele>
    </rtept>
    <rtept lat="28.394345" lon="83.73876">
      <ele>2916.777994</ele>
    </rtept>
    <rtept lat="28.394366" lon="83.738868">
      <ele>2919.00417</ele>
    </rtept>
    <rtept lat="28.394408" lon="83.738962">
      <ele>2920.153475</ele>
    </rtept>
    <rtept lat="28.394448" lon="83.739062">
      <ele>2919.541111</ele>
    </rtept>
    <rtept lat="28.394381" lon="83.739143">
      <ele>2917.021108</ele>
    </rtept>
    <rtept lat="28.394386" lon="83.739258">
      <ele>2913.787523</ele>
    </rtept>
    <rtept lat="28.394417" lon="83.73937">
      <ele>2913.158075</ele>
    </rtept>
    <rtept lat="28.394442" lon="83.739482">
      <ele>2912.852329</ele>
    </rtept>
    <rtept lat="28.39448" lon="83.739583">
      <ele>2913.278571</ele>
    </rtept>
    <rtept lat="28.394398" lon="83.73998">
      <ele>2903.962454</ele>
    </rtept>
    <rtept lat="28.394418" lon="83.740084">
      <ele>2902.155489</ele>
    </rtept>
    <rtept lat="28.39446" lon="83.740189">
      <ele>2899.250342</ele>
    </rtept>
    <rtept lat="28.39449" lon="83.740289">
      <ele>2899.037001</ele>
    </rtept>
    <rtept lat="28.394474" lon="83.740392">
      <ele>2898.234993</ele>
    </rtept>
    <rtept lat="28.394443" lon="83.740493">
      <ele>2895.919127</ele>
    </rtept>
    <rtept lat="28.39448" lon="83.740712">
      <ele>2895.775432</ele>
    </rtept>
    <rtept lat="28.39439" lon="83.740746">
      <ele>2890.413056</ele>
    </rtept>
    <rtept lat="28.394382" lon="83.74085">
      <ele>2886.647034</ele>
    </rtept>
    <rtept lat="28.394367" lon="83.740958">
      <ele>2875.723162</ele>
    </rtept>
    <rtept lat="28.394313" lon="83.741042">
      <ele>2874.627921</ele>
    </rtept>
    <rtept lat="28.39431" lon="83.741148">
      <ele>2872.245356</ele>
    </rtept>
    <rtept lat="28.394242" lon="83.741225">
      <ele>2870.470806</ele>
    </rtept>
    <rtept lat="28.394208" lon="83.741321">
      <ele>2870.281138</ele>
    </rtept>
    <rtept lat="28.394244" lon="83.741738">
      <ele>2863.254232</ele>
    </rtept>
    <rtept lat="28.394282" lon="83.741834">
      <ele>2861.451416</ele>
    </rtept>
    <rtept lat="28.394378" lon="83.741825">
      <ele>2856.276283</ele>
    </rtept>
    <rtept lat="28.394423" lon="83.741916">
      <ele>2848.037004</ele>
    </rtept>
    <rtept lat="28.394398" lon="83.742033">
      <ele>2846.132332</ele>
    </rtept>
    <rtept lat="28.394346" lon="83.742162">
      <ele>2837.657281</ele>
    </rtept>
    <rtept lat="28.394331" lon="83.742271">
      <ele>2828.920602</ele>
    </rtept>
    <rtept lat="28.39429" lon="83.742368">
      <ele>2828.590828</ele>
    </rtept>
    <rtept lat="28.394312" lon="83.742478">
      <ele>2827.035179</ele>
    </rtept>
    <rtept lat="28.394313" lon="83.742582">
      <ele>2825.16283</ele>
    </rtept>
    <rtept lat="28.394346" lon="83.742679">
      <ele>2821.311286</ele>
    </rtept>
    <rtept lat="28.394372" lon="83.74278">
      <ele>2819.583896</ele>
    </rtept>
    <rtept lat="28.394409" lon="83.742878">
      <ele>2816.845826</ele>
    </rtept>
    <rtept lat="28.394439" lon="83.742975">
      <ele>2811.879989</ele>
    </rtept>
    <rtept lat="28.394459" lon="83.743081">
      <ele>2806.798066</ele>
    </rtept>
    <rtept lat="28.394497" lon="83.743174">
      <ele>2804.432138</ele>
    </rtept>
    <rtept lat="28.394561" lon="83.743247">
      <ele>2801.846064</ele>
    </rtept>
    <rtept lat="28.394554" lon="83.743351">
      <ele>2799.528385</ele>
    </rtept>
    <rtept lat="28.394581" lon="83.743455">
      <ele>2796.674348</ele>
    </rtept>
    <rtept lat="28.394643" lon="83.743535">
      <ele>2794.292091</ele>
    </rtept>
    <rtept lat="28.394651" lon="83.743638">
      <ele>2791.885079</ele>
    </rtept>
    <rtept lat="28.394672" lon="83.743742">
      <ele>2788.449558</ele>
    </rtept>
    <rtept lat="28.394608" lon="83.743829">
      <ele>2784.994643</ele>
    </rtept>
    <rtept lat="28.394602" lon="83.743941">
      <ele>2781.954854</ele>
    </rtept>
    <rtept lat="28.394611" lon="83.744049">
      <ele>2779.690143</ele>
    </rtept>
    <rtept lat="28.394593" lon="83.744149">
      <ele>2778.860865</ele>
    </rtept>
    <rtept lat="28.394512" lon="83.744207">
      <ele>2775.884664</ele>
    </rtept>
    <rtept lat="28.394539" lon="83.744309">
      <ele>2774.240275</ele>
    </rtept>
    <rtept lat="28.394568" lon="83.744521">
      <ele>2773.943739</ele>
    </rtept>
    <rtept lat="28.394533" lon="83.744616">
      <ele>2772.426943</ele>
    </rtept>
    <rtept lat="28.394527" lon="83.744723">
      <ele>2767.554163</ele>
    </rtept>
    <rtept lat="28.394472" lon="83.744806">
      <ele>2766.781194</ele>
    </rtept>
    <rtept lat="28.394412" lon="83.744885">
      <ele>2761.461679</ele>
    </rtept>
    <rtept lat="28.394372" lon="83.744978">
      <ele>2749.870679</ele>
    </rtept>
    <rtept lat="28.394299" lon="83.745052">
      <ele>2748.985899</ele>
    </rtept>
    <rtept lat="28.39435" lon="83.745138">
      <ele>2750.48666</ele>
    </rtept>
    <rtept lat="28.39442" lon="83.745206">
      <ele>2751.604729</ele>
    </rtept>
    <rtept lat="28.394487" lon="83.74528">
      <ele>2751.45134</ele>
    </rtept>
    <rtept lat="28.394556" lon="83.745352">
      <ele>2751.609475</ele>
    </rtept>
    <rtept lat="28.394577" lon="83.745457">
      <ele>2750.333754</ele>
    </rtept>
    <rtept lat="28.394573" lon="83.745574">
      <ele>2763.890476</ele>
    </rtept>
    <rtept lat="28.394572" lon="83.745681">
      <ele>2767.500343</ele>
    </rtept>
    <rtept lat="28.394585" lon="83.745782">
      <ele>2771.224662</ele>
    </rtept>
    <rtept lat="28.394511" lon="83.745842">
      <ele>2768.870457</ele>
    </rtept>
    <rtept lat="28.394466" lon="83.74593">
      <ele>2767.20706</ele>
    </rtept>
    <rtept lat="28.394373" lon="83.745945">
      <ele>2762.239534</ele>
    </rtept>
    <rtept lat="28.394355" lon="83.746056">
      <ele>2761.40576</ele>
    </rtept>
    <rtept lat="28.39439" lon="83.746155">
      <ele>2760.894038</ele>
    </rtept>
    <rtept lat="28.394342" lon="83.746243">
      <ele>2761.675095</ele>
    </rtept>
    <rtept lat="28.394365" lon="83.74635">
      <ele>2764.617541</ele>
    </rtept>
    <rtept lat="28.394345" lon="83.746461">
      <ele>2764.529154</ele>
    </rtept>
    <rtept lat="28.394317" lon="83.746561">
      <ele>2763.332448</ele>
    </rtept>
    <rtept lat="28.394326" lon="83.746671">
      <ele>2762.724636</ele>
    </rtept>
    <rtept lat="28.394279" lon="83.746762">
      <ele>2756.688114</ele>
    </rtept>
    <rtept lat="28.394226" lon="83.746847">
      <ele>2754.951435</ele>
    </rtept>
    <rtept lat="28.394237" lon="83.746952">
      <ele>2758.157586</ele>
    </rtept>
    <rtept lat="28.394193" lon="83.747057">
      <ele>2759.542777</ele>
    </rtept>
    <rtept lat="28.394243" lon="83.747152">
      <ele>2756.014258</ele>
    </rtept>
    <rtept lat="28.394156" lon="83.747194">
      <ele>2754.093737</ele>
    </rtept>
    <rtept lat="28.394181" lon="83.747299">
      <ele>2757.760468</ele>
    </rtept>
    <rtept lat="28.394203" lon="83.7474">
      <ele>2758.888477</ele>
    </rtept>
    <rtept lat="28.394258" lon="83.747487">
      <ele>2758.997012</ele>
    </rtept>
    <rtept lat="28.394253" lon="83.747471">
      <ele>2769.645625</ele>
    </rtept>
    <rtept lat="28.394001" lon="83.747303">
      <ele>2757.651005</ele>
    </rtept>
  </rte>
  <rte>
    <rtept lat="28.39458" lon="83.749195">
      <ele>2692.222423</ele>
    </rtept>
    <rtept lat="28.394565" lon="83.749194">
      <ele>2694.112248</ele>
    </rtept>
    <rtept lat="28.394489" lon="83.749251">
      <ele>2700.289822</ele>
    </rtept>
    <rtept lat="28.394627" lon="83.749163">
      <ele>2696.437282</ele>
    </rtept>
    <rtept lat="28.394576" lon="83.749251">
      <ele>2698.094174</ele>
    </rtept>
    <rtept lat="28.394471" lon="83.749215">
      <ele>2698.708552</ele>
    </rtept>
    <rtept lat="28.394703" lon="83.749154">
      <ele>2692.456858</ele>
    </rtept>
    <rtept lat="28.394624" lon="83.749234">
      <ele>2725.307033</ele>
    </rtept>
    <rtept lat="28.394565" lon="83.749212">
      <ele>2720.535453</ele>
    </rtept>
    <rtept lat="28.394584" lon="83.749112">
      <ele>2710.968944</ele>
    </rtept>
    <rtept lat="28.394746" lon="83.749297">
      <ele>2702.597038</ele>
    </rtept>
    <rtept lat="28.394749" lon="83.749404">
      <ele>2700.179803</ele>
    </rtept>
    <rtept lat="28.39483" lon="83.749467">
      <ele>2700.914124</ele>
    </rtept>
    <rtept lat="28.394817" lon="83.749579">
      <ele>2701.599139</ele>
    </rtept>
    <rtept lat="28.394807" lon="83.749683">
      <ele>2700.196557</ele>
    </rtept>
    <rtept lat="28.39472" lon="83.74974">
      <ele>2697.737912</ele>
    </rtept>
    <rtept lat="28.394776" lon="83.749824">
      <ele>2692.928184</ele>
    </rtept>
    <rtept lat="28.394791" lon="83.749934">
      <ele>2694.358751</ele>
    </rtept>
    <rtept lat="28.394831" lon="83.750036">
      <ele>2697.326278</ele>
    </rtept>
    <rtept lat="28.394736" lon="83.750064">
      <ele>2699.105632</ele>
    </rtept>
    <rtept lat="28.394651" lon="83.750128">
      <ele>2694.515417</ele>
    </rtept>
    <rtept lat="28.394589" lon="83.750205">
      <ele>2691.744938</ele>
    </rtept>
    <rtept lat="28.394601" lon="83.750314">
      <ele>2690.929477</ele>
    </rtept>
    <rtept lat="28.394618" lon="83.750415">
      <ele>2691.787847</ele>
    </rtept>
    <rtept lat="28.394582" lon="83.750521">
      <ele>2693.341896</ele>
    </rtept>
    <rtept lat="28.394565" lon="83.750627">
      <ele>2694.553556</ele>
    </rtept>
    <rtept lat="28.394539" lon="83.750731">
      <ele>2694.206702</ele>
    </rtept>
    <rtept lat="28.394506" lon="83.750849">
      <ele>2697.204339</ele>
    </rtept>
    <rtept lat="28.39453" lon="83.750992">
      <ele>2696.740424</ele>
    </rtept>
    <rtept lat="28.394525" lon="83.751099">
      <ele>2693.618582</ele>
    </rtept>
    <rtept lat="28.394526" lon="83.751202">
      <ele>2692.800308</ele>
    </rtept>
    <rtept lat="28.394561" lon="83.751309">
      <ele>2692.151436</ele>
    </rtept>
    <rtept lat="28.39452" lon="83.751404">
      <ele>2691.827793</ele>
    </rtept>
    <rtept lat="28.394452" lon="83.751474">
      <ele>2688.317344</ele>
    </rtept>
    <rtept lat="28.394393" lon="83.751551">
      <ele>2686.614831</ele>
    </rtept>
    <rtept lat="28.394366" lon="83.751651">
      <ele>2685.437449</ele>
    </rtept>
    <rtept lat="28.394326" lon="83.751746">
      <ele>2683.049454</ele>
    </rtept>
    <rtept lat="28.394285" lon="83.751842">
      <ele>2682.942806</ele>
    </rtept>
    <rtept lat="28.394262" lon="83.751954">
      <ele>2682.821878</ele>
    </rtept>
    <rtept lat="28.394275" lon="83.752064">
      <ele>2678.910637</ele>
    </rtept>
    <rtept lat="28.39428" lon="83.752175">
      <ele>2678.381614</ele>
    </rtept>
    <rtept lat="28.3943" lon="83.752276">
      <ele>2680.650084</ele>
    </rtept>
    <rtept lat="28.394204" lon="83.752265">
      <ele>2681.328037</ele>
    </rtept>
    <rtept lat="28.394149" lon="83.752354">
      <ele>2675.97937</ele>
    </rtept>
    <rtept lat="28.394194" lon="83.752446">
      <ele>2675.906885</ele>
    </rtept>
    <rtept lat="28.394149" lon="83.752538">
      <ele>2675.432651</ele>
    </rtept>
    <rtept lat="28.394128" lon="83.752638">
      <ele>2674.457854</ele>
    </rtept>
    <rtept lat="28.394132" lon="83.752744">
      <ele>2671.730345</ele>
    </rtept>
    <rtept lat="28.394174" lon="83.75284">
      <ele>2673.042083</ele>
    </rtept>
    <rtept lat="28.394245" lon="83.752908">
      <ele>2676.042693</ele>
    </rtept>
    <rtept lat="28.394298" lon="83.752998">
      <ele>2681.887517</ele>
    </rtept>
    <rtept lat="28.394315" lon="83.753109">
      <ele>2678.687135</ele>
    </rtept>
    <rtept lat="28.394375" lon="83.753188">
      <ele>2684.524766</ele>
    </rtept>
    <rtept lat="28.394472" lon="83.753227">
      <ele>2687.993366</ele>
    </rtept>
    <rtept lat="28.394439" lon="83.753334">
      <ele>2690.307395</ele>
    </rtept>
    <rtept lat="28.39434" lon="83.753352">
      <ele>2691.212324</ele>
    </rtept>
    <rtept lat="28.394275" lon="83.75343">
      <ele>2688.366628</ele>
    </rtept>
    <rtept lat="28.394317" lon="83.753526">
      <ele>2685.428655</ele>
    </rtept>
    <rtept lat="28.394363" lon="83.75362">
      <ele>2685.194027</ele>
    </rtept>
    <rtept lat="28.394411" lon="83.753715">
      <ele>2686.445425</ele>
    </rtept>
    <rtept lat="28.394462" lon="83.753803">
      <ele>2691.101132</ele>
    </rtept>
    <rtept lat="28.39454" lon="83.753859">
      <ele>2693.403245</ele>
    </rtept>
    <rtept lat="28.394634" lon="83.753879">
      <ele>2695.672428</ele>
    </rtept>
    <rtept lat="28.39473" lon="83.753887">
      <ele>2698.899901</ele>
    </rtept>
    <rtept lat="28.394826" lon="83.753871">
      <ele>2701.657459</ele>
    </rtept>
    <rtept lat="28.394918" lon="83.753851">
      <ele>2702.264818</ele>
    </rtept>
    <rtept lat="28.39497" lon="83.753943">
      <ele>2709.405641</ele>
    </rtept>
    <rtept lat="28.394998" lon="83.754046">
      <ele>2706.915168</ele>
    </rtept>
    <rtept lat="28.394942" lon="83.754135">
      <ele>2704.440691</ele>
    </rtept>
    <rtept lat="28.394995" lon="83.754222">
      <ele>2700.361339</ele>
    </rtept>
    <rtept lat="28.39507" lon="83.754299">
      <ele>2697.705173</ele>
    </rtept>
    <rtept lat="28.395062" lon="83.754404">
      <ele>2705.383519</ele>
    </rtept>
    <rtept lat="28.395054" lon="83.754514">
      <ele>2706.270327</ele>
    </rtept>
    <rtept lat="28.39507" lon="83.754618">
      <ele>2705.159416</ele>
    </rtept>
    <rtept lat="28.395111" lon="83.754715">
      <ele>2705.4863</ele>
    </rtept>
    <rtept lat="28.395078" lon="83.754826">
      <ele>2705.802417</ele>
    </rtept>
    <rtept lat="28.395086" lon="83.754933">
      <ele>2701.033873</ele>
    </rtept>
    <rtept lat="28.39505" lon="83.755038">
      <ele>2699.498256</ele>
    </rtept>
    <rtept lat="28.395054" lon="83.755157">
      <ele>2696.259164</ele>
    </rtept>
    <rtept lat="28.395075" lon="83.755265">
      <ele>2693.311149</ele>
    </rtept>
    <rtept lat="28.394993" lon="83.755319">
      <ele>2693.264601</ele>
    </rtept>
    <rtept lat="28.394993" lon="83.755428">
      <ele>2690.275198</ele>
    </rtept>
    <rtept lat="28.394932" lon="83.755506">
      <ele>2689.305471</ele>
    </rtept>
    <rtept lat="28.394874" lon="83.755586">
      <ele>2684.399062</ele>
    </rtept>
    <rtept lat="28.39485" lon="83.755688">
      <ele>2683.251633</ele>
    </rtept>
    <rtept lat="28.394837" lon="83.755792">
      <ele>2681.369405</ele>
    </rtept>
    <rtept lat="28.394843" lon="83.755899">
      <ele>2680.661911</ele>
    </rtept>
    <rtept lat="28.394861" lon="83.756004">
      <ele>2683.151867</ele>
    </rtept>
    <rtept lat="28.394934" lon="83.756073">
      <ele>2690.221297</ele>
    </rtept>
    <rtept lat="28.394899" lon="83.756171">
      <ele>2692.297362</ele>
    </rtept>
    <rtept lat="28.394849" lon="83.756259">
      <ele>2692.531455</ele>
    </rtept>
    <rtept lat="28.394755" lon="83.756258">
      <ele>2691.57778</ele>
    </rtept>
    <rtept lat="28.39476" lon="83.756362">
      <ele>2686.866422</ele>
    </rtept>
    <rtept lat="28.39478" lon="83.756464">
      <ele>2686.42521</ele>
    </rtept>
    <rtept lat="28.394723" lon="83.756548">
      <ele>2684.194559</ele>
    </rtept>
    <rtept lat="28.394712" lon="83.756651">
      <ele>2681.93874</ele>
    </rtept>
    <rtept lat="28.394717" lon="83.756756">
      <ele>2681.478099</ele>
    </rtept>
    <rtept lat="28.394675" lon="83.756852">
      <ele>2677.495013</ele>
    </rtept>
    <rtept lat="28.394633" lon="83.756954">
      <ele>2674.400832</ele>
    </rtept>
    <rtept lat="28.394603" lon="83.757063">
      <ele>2668.032147</ele>
    </rtept>
    <rtept lat="28.394658" lon="83.757146">
      <ele>2666.644871</ele>
    </rtept>
    <rtept lat="28.394719" lon="83.757225">
      <ele>2665.256012</ele>
    </rtept>
    <rtept lat="28.394725" lon="83.757332">
      <ele>2662.834731</ele>
    </rtept>
    <rtept lat="28.394715" lon="83.757438">
      <ele>2660.744136</ele>
    </rtept>
    <rtept lat="28.394755" lon="83.757534">
      <ele>2657.094836</ele>
    </rtept>
    <rtept lat="28.394793" lon="83.757627">
      <ele>2653.912775</ele>
    </rtept>
    <rtept lat="28.394887" lon="83.757626">
      <ele>2654.877093</ele>
    </rtept>
    <rtept lat="28.394981" lon="83.757594">
      <ele>2656.177706</ele>
    </rtept>
    <rtept lat="28.39507" lon="83.757541">
      <ele>2660.821956</ele>
    </rtept>
    <rtept lat="28.395151" lon="83.757489">
      <ele>2664.185925</ele>
    </rtept>
    <rtept lat="28.39518" lon="83.757593">
      <ele>2665.857917</ele>
    </rtept>
    <rtept lat="28.395181" lon="83.757695">
      <ele>2662.678054</ele>
    </rtept>
    <rtept lat="28.395242" lon="83.757614">
      <ele>2660.221334</ele>
    </rtept>
    <rtept lat="28.39533" lon="83.757573">
      <ele>2665.228508</ele>
    </rtept>
    <rtept lat="28.395418" lon="83.757601">
      <ele>2662.040954</ele>
    </rtept>
    <rtept lat="28.395506" lon="83.757573">
      <ele>2657.087421</ele>
    </rtept>
    <rtept lat="28.395534" lon="83.757466">
      <ele>2655.264651</ele>
    </rtept>
    <rtept lat="28.395544" lon="83.757579">
      <ele>2654.008684</ele>
    </rtept>
    <rtept lat="28.395632" lon="83.757548">
      <ele>2643.806425</ele>
    </rtept>
    <rtept lat="28.395632" lon="83.757655">
      <ele>2641.867212</ele>
    </rtept>
    <rtept lat="28.39572" lon="83.757612">
      <ele>2638.63109</ele>
    </rtept>
    <rtept lat="28.395803" lon="83.757656">
      <ele>2638.84205</ele>
    </rtept>
    <rtept lat="28.39588" lon="83.758825">
      <ele>2557.171844</ele>
    </rtept>
    <rtept lat="28.39588" lon="83.758825">
      <ele>2557.171844</ele>
    </rtept>
    <rtept lat="28.39588" lon="83.758825">
      <ele>2557.171844</ele>
    </rtept>
    <rtept lat="28.39588" lon="83.758825">
      <ele>2557.171844</ele>
    </rtept>
    <rtept lat="28.39588" lon="83.758825">
      <ele>2557.171844</ele>
    </rtept>
    <rtept lat="28.39588" lon="83.758825">
      <ele>2557.171844</ele>
    </rtept>
    <rtept lat="28.39598" lon="83.758829">
      <ele>2555.337715</ele>
    </rtept>
    <rtept lat="28.395913" lon="83.758904">
      <ele>2553.789963</ele>
    </rtept>
    <rtept lat="28.396006" lon="83.758906">
      <ele>2550.211941</ele>
    </rtept>
    <rtept lat="28.396079" lon="83.758971">
      <ele>2545.69193</ele>
    </rtept>
    <rtept lat="28.396009" lon="83.759045">
      <ele>2543.154404</ele>
    </rtept>
    <rtept lat="28.396102" lon="83.759067">
      <ele>2542.311402</ele>
    </rtept>
    <rtept lat="28.396191" lon="83.759111">
      <ele>2541.1012</ele>
    </rtept>
    <rtept lat="28.39625" lon="83.759194">
      <ele>2539.160672</ele>
    </rtept>
    <rtept lat="28.396338" lon="83.75923">
      <ele>2537.284549</ele>
    </rtept>
    <rtept lat="28.396396" lon="83.759311">
      <ele>2536.941021</ele>
    </rtept>
    <rtept lat="28.396475" lon="83.759411">
      <ele>2537.59325</ele>
    </rtept>
    <rtept lat="28.396553" lon="83.759466">
      <ele>2538.005317</ele>
    </rtept>
    <rtept lat="28.396613" lon="83.759549">
      <ele>2538.267315</ele>
    </rtept>
    <rtept lat="28.396705" lon="83.759562">
      <ele>2538.947671</ele>
    </rtept>
    <rtept lat="28.396794" lon="83.759541">
      <ele>2538.995445</ele>
    </rtept>
    <rtept lat="28.396784" lon="83.759838">
      <ele>2538.975851</ele>
    </rtept>
    <rtept lat="28.396803" lon="83.759736">
      <ele>2540.656398</ele>
    </rtept>
    <rtept lat="28.396792" lon="83.759629">
      <ele>2539.119454</ele>
    </rtept>
    <rtept lat="28.3967" lon="83.759675">
      <ele>2538.760983</ele>
    </rtept>
    <rtept lat="28.396674" lon="83.759627">
      <ele>2538.861218</ele>
    </rtept>
    <rtept lat="28.396524" lon="83.759767">
      <ele>2539.387035</ele>
    </rtept>
    <rtept lat="28.396633" lon="83.759763">
      <ele>2540.227977</ele>
    </rtept>
    <rtept lat="28.396739" lon="83.759833">
      <ele>2539.735068</ele>
    </rtept>
    <rtept lat="28.396627" lon="83.75977">
      <ele>2540.470818</ele>
    </rtept>
    <rtept lat="28.39668" lon="83.759651">
      <ele>2539.589054</ele>
    </rtept>
    <rtept lat="28.396831" lon="83.759601">
      <ele>2539.405492</ele>
    </rtept>
    <rtept lat="28.396833" lon="83.759715">
      <ele>2538.713018</ele>
    </rtept>
    <rtept lat="28.396872" lon="83.759811">
      <ele>2541.978826</ele>
    </rtept>
    <rtept lat="28.396779" lon="83.759823">
      <ele>2545.788338</ele>
    </rtept>
    <rtept lat="28.396685" lon="83.75985">
      <ele>2544.753178</ele>
    </rtept>
    <rtept lat="28.396579" lon="83.759842">
      <ele>2543.664056</ele>
    </rtept>
    <rtept lat="28.396528" lon="83.759935">
      <ele>2546.730317</ele>
    </rtept>
    <rtept lat="28.396483" lon="83.759847">
      <ele>2548.405548</ele>
    </rtept>
    <rtept lat="28.39647" lon="83.759953">
      <ele>2550.564899</ele>
    </rtept>
    <rtept lat="28.396383" lon="83.759984">
      <ele>2553.63795</ele>
    </rtept>
    <rtept lat="28.396306" lon="83.759929">
      <ele>2555.106586</ele>
    </rtept>
    <rtept lat="28.396223" lon="83.759975">
      <ele>2552.347056</ele>
    </rtept>
    <rtept lat="28.396304" lon="83.76002">
      <ele>2555.480894</ele>
    </rtept>
    <rtept lat="28.396258" lon="83.760107">
      <ele>2558.275094</ele>
    </rtept>
    <rtept lat="28.396167" lon="83.76012">
      <ele>2560.9364</ele>
    </rtept>
    <rtept lat="28.396078" lon="83.76016">
      <ele>2561.321615</ele>
    </rtept>
    <rtept lat="28.396164" lon="83.760196">
      <ele>2562.375284</ele>
    </rtept>
    <rtept lat="28.396133" lon="83.760291">
      <ele>2564.685442</ele>
    </rtept>
    <rtept lat="28.39605" lon="83.760354">
      <ele>2569.477021</ele>
    </rtept>
    <rtept lat="28.396142" lon="83.760398">
      <ele>2574.891463</ele>
    </rtept>
    <rtept lat="28.396231" lon="83.760416">
      <ele>2579.474348</ele>
    </rtept>
    <rtept lat="28.396191" lon="83.76051">
      <ele>2586.233794</ele>
    </rtept>
    <rtept lat="28.396283" lon="83.760537">
      <ele>2586.443331</ele>
    </rtept>
    <rtept lat="28.39619" lon="83.760568">
      <ele>2589.094478</ele>
    </rtept>
    <rtept lat="28.396114" lon="83.760509">
      <ele>2588.448156</ele>
    </rtept>
    <rtept lat="28.396075" lon="83.760605">
      <ele>2588.560899</ele>
    </rtept>
    <rtept lat="28.396033" lon="83.760697">
      <ele>2594.381621</ele>
    </rtept>
    <rtept lat="28.396127" lon="83.76067">
      <ele>2599.726782</ele>
    </rtept>
    <rtept lat="28.396178" lon="83.760757">
      <ele>2603.198828</ele>
    </rtept>
    <rtept lat="28.396122" lon="83.760837">
      <ele>2609.227524</ele>
    </rtept>
    <rtept lat="28.39618" lon="83.760917">
      <ele>2615.39991</ele>
    </rtept>
    <rtept lat="28.396249" lon="83.760986">
      <ele>2619.497447</ele>
    </rtept>
    <rtept lat="28.396254" lon="83.76109">
      <ele>2622.879149</ele>
    </rtept>
    <rtept lat="28.396181" lon="83.761152">
      <ele>2624.332673</ele>
    </rtept>
    <rtept lat="28.396108" lon="83.76109">
      <ele>2620.351861</ele>
    </rtept>
    <rtept lat="28.396117" lon="83.761202">
      <ele>2616.946652</ele>
    </rtept>
    <rtept lat="28.396169" lon="83.761294">
      <ele>2618.42585</ele>
    </rtept>
    <rtept lat="28.396158" lon="83.761405">
      <ele>2627.636916</ele>
    </rtept>
    <rtept lat="28.396126" lon="83.76151">
      <ele>2634.215078</ele>
    </rtept>
    <rtept lat="28.396115" lon="83.761612">
      <ele>2638.607967</ele>
    </rtept>
    <rtept lat="28.396155" lon="83.761707">
      <ele>2646.981374</ele>
    </rtept>
    <rtept lat="28.396186" lon="83.761811">
      <ele>2650.984309</ele>
    </rtept>
    <rtept lat="28.396138" lon="83.761901">
      <ele>2653.353734</ele>
    </rtept>
    <rtept lat="28.396224" lon="83.761931">
      <ele>2657.665936</ele>
    </rtept>
    <rtept lat="28.396315" lon="83.761889">
      <ele>2659.444981</ele>
    </rtept>
    <rtept lat="28.396262" lon="83.762018">
      <ele>2665.365264</ele>
    </rtept>
    <rtept lat="28.39622" lon="83.762123">
      <ele>2666.939529</ele>
    </rtept>
    <rtept lat="28.396161" lon="83.762217">
      <ele>2671.217467</ele>
    </rtept>
    <rtept lat="28.396083" lon="83.762165">
      <ele>2672.145122</ele>
    </rtept>
    <rtept lat="28.396078" lon="83.76227">
      <ele>2673.177179</ele>
    </rtept>
    <rtept lat="28.39601" lon="83.762346">
      <ele>2675.245477</ele>
    </rtept>
    <rtept lat="28.396046" lon="83.762441">
      <ele>2677.481859</ele>
    </rtept>
    <rtept lat="28.396039" lon="83.762544">
      <ele>2680.609588</ele>
    </rtept>
    <rtept lat="28.395983" lon="83.762636">
      <ele>2681.122794</ele>
    </rtept>
    <rtept lat="28.39595" lon="83.762737">
      <ele>2681.952416</ele>
    </rtept>
    <rtept lat="28.395956" lon="83.762839">
      <ele>2683.128427</ele>
    </rtept>
    <rtept lat="28.395907" lon="83.762928">
      <ele>2684.00678</ele>
    </rtept>
    <rtept lat="28.395884" lon="83.763032">
      <ele>2683.491873</ele>
    </rtept>
    <rtept lat="28.395897" lon="83.763134">
      <ele>2684.553662</ele>
    </rtept>
    <rtept lat="28.395912" lon="83.763239">
      <ele>2685.610066</ele>
    </rtept>
    <rtept lat="28.395886" lon="83.763338">
      <ele>2684.952982</ele>
    </rtept>
    <rtept lat="28.395908" lon="83.763439">
      <ele>2685.348526</ele>
    </rtept>
    <rtept lat="28.395901" lon="83.763551">
      <ele>2685.769782</ele>
    </rtept>
    <rtept lat="28.395921" lon="83.763662">
      <ele>2685.589769</ele>
    </rtept>
    <rtept lat="28.395951" lon="83.763759">
      <ele>2686.762151</ele>
    </rtept>
    <rtept lat="28.395984" lon="83.763858">
      <ele>2688.509518</ele>
    </rtept>
    <rtept lat="28.396" lon="83.763963">
      <ele>2688.805031</ele>
    </rtept>
    <rtept lat="28.396092" lon="83.763933">
      <ele>2689.283773</ele>
    </rtept>
    <rtept lat="28.396007" lon="83.763975">
      <ele>2690.387404</ele>
    </rtept>
    <rtept lat="28.396108" lon="83.763958">
      <ele>2690.295201</ele>
    </rtept>
    <rtept lat="28.396143" lon="83.763861">
      <ele>2690.158116</ele>
    </rtept>
    <rtept lat="28.396054" lon="83.763879">
      <ele>2692.916862</ele>
    </rtept>
    <rtept lat="28.396098" lon="83.763899">
      <ele>2691.026259</ele>
    </rtept>
    <rtept lat="28.396054" lon="83.763989">
      <ele>2689.830407</ele>
    </rtept>
    <rtept lat="28.396123" lon="83.763921">
      <ele>2690.616844</ele>
    </rtept>
    <rtept lat="28.396197" lon="83.763836">
      <ele>2693.934941</ele>
    </rtept>
    <rtept lat="28.396172" lon="83.76394">
      <ele>2694.601573</ele>
    </rtept>
    <rtept lat="28.396115" lon="83.76402">
      <ele>2694.470206</ele>
    </rtept>
    <rtept lat="28.396069" lon="83.764114">
      <ele>2691.336158</ele>
    </rtept>
    <rtept lat="28.396087" lon="83.764216">
      <ele>2690.516866</ele>
    </rtept>
    <rtept lat="28.396139" lon="83.764301">
      <ele>2691.023071</ele>
    </rtept>
    <rtept lat="28.396198" lon="83.764386">
      <ele>2689.839106</ele>
    </rtept>
    <rtept lat="28.396211" lon="83.76449">
      <ele>2687.311113</ele>
    </rtept>
    <rtept lat="28.396278" lon="83.764578">
      <ele>2694.337596</ele>
    </rtept>
    <rtept lat="28.396298" lon="83.764686">
      <ele>2698.603011</ele>
    </rtept>
    <rtept lat="28.396314" lon="83.764802">
      <ele>2697.763001</ele>
    </rtept>
    <rtept lat="28.396352" lon="83.764917">
      <ele>2695.405748</ele>
    </rtept>
    <rtept lat="28.396371" lon="83.765018">
      <ele>2693.189765</ele>
    </rtept>
    <rtept lat="28.396399" lon="83.765121">
      <ele>2691.310534</ele>
    </rtept>
    <rtept lat="28.396416" lon="83.765221">
      <ele>2687.01065</ele>
    </rtept>
    <rtept lat="28.396392" lon="83.765325">
      <ele>2685.628846</ele>
    </rtept>
    <rtept lat="28.396416" lon="83.765425">
      <ele>2686.858298</ele>
    </rtept>
    <rtept lat="28.396514" lon="83.765424">
      <ele>2689.374781</ele>
    </rtept>
    <rtept lat="28.396587" lon="83.765486">
      <ele>2691.483789</ele>
    </rtept>
    <rtept lat="28.396685" lon="83.765523">
      <ele>2693.087442</ele>
    </rtept>
    <rtept lat="28.396747" lon="83.765606">
      <ele>2691.439495</ele>
    </rtept>
    <rtept lat="28.39684" lon="83.765584">
      <ele>2689.400624</ele>
    </rtept>
    <rtept lat="28.396926" lon="83.765533">
      <ele>2689.418797</ele>
    </rtept>
    <rtept lat="28.397024" lon="83.765539">
      <ele>2689.831014</ele>
    </rtept>
    <rtept lat="28.397112" lon="83.765568">
      <ele>2689.35536</ele>
    </rtept>
    <rtept lat="28.39709" lon="83.765672">
      <ele>2683.657681</ele>
    </rtept>
    <rtept lat="28.39712" lon="83.765769">
      <ele>2680.744646</ele>
    </rtept>
    <rtept lat="28.397219" lon="83.76578">
      <ele>2681.407046</ele>
    </rtept>
    <rtept lat="28.397302" lon="83.765829">
      <ele>2681.133732</ele>
    </rtept>
    <rtept lat="28.397289" lon="83.765938">
      <ele>2676.07712</ele>
    </rtept>
    <rtept lat="28.397365" lon="83.765994">
      <ele>2674.688492</ele>
    </rtept>
    <rtept lat="28.39746" lon="83.765987">
      <ele>2671.772352</ele>
    </rtept>
    <rtept lat="28.397551" lon="83.766005">
      <ele>2674.173588</ele>
    </rtept>
    <rtept lat="28.397644" lon="83.766004">
      <ele>2672.474279</ele>
    </rtept>
    <rtept lat="28.397733" lon="83.766024">
      <ele>2671.015384</ele>
    </rtept>
    <rtept lat="28.397822" lon="83.765999">
      <ele>2667.155072</ele>
    </rtept>
    <rtept lat="28.397908" lon="83.765947">
      <ele>2668.947541</ele>
    </rtept>
    <rtept lat="28.397984" lon="83.765892">
      <ele>2670.621049</ele>
    </rtept>
    <rtept lat="28.398073" lon="83.765907">
      <ele>2671.061587</ele>
    </rtept>
    <rtept lat="28.398161" lon="83.765877">
      <ele>2671.80228</ele>
    </rtept>
    <rtept lat="28.398258" lon="83.765863">
      <ele>2672.54641</ele>
    </rtept>
    <rtept lat="28.398351" lon="83.765864">
      <ele>2671.852352</ele>
    </rtept>
    <rtept lat="28.398424" lon="83.765794">
      <ele>2672.462408</ele>
    </rtept>
    <rtept lat="28.398505" lon="83.765856">
      <ele>2669.594132</ele>
    </rtept>
    <rtept lat="28.398596" lon="83.765837">
      <ele>2672.79293</ele>
    </rtept>
    <rtept lat="28.398691" lon="83.765888">
      <ele>2668.965179</ele>
    </rtept>
    <rtept lat="28.398739" lon="83.765985">
      <ele>2665.670549</ele>
    </rtept>
    <rtept lat="28.398829" lon="83.765993">
      <ele>2661.446574</ele>
    </rtept>
    <rtept lat="28.39892" lon="83.765976">
      <ele>2661.752496</ele>
    </rtept>
    <rtept lat="28.399015" lon="83.766003">
      <ele>2660.498081</ele>
    </rtept>
    <rtept lat="28.399108" lon="83.766006">
      <ele>2658.786776</ele>
    </rtept>
    <rtept lat="28.399192" lon="83.765963">
      <ele>2659.728858</ele>
    </rtept>
    <rtept lat="28.39928" lon="83.765989">
      <ele>2658.024368</ele>
    </rtept>
    <rtept lat="28.39937" lon="83.765998">
      <ele>2656.904277</ele>
    </rtept>
    <rtept lat="28.399441" lon="83.765934">
      <ele>2657.588978</ele>
    </rtept>
    <rtept lat="28.399537" lon="83.765944">
      <ele>2659.61362</ele>
    </rtept>
    <rtept lat="28.399633" lon="83.765942">
      <ele>2657.677136</ele>
    </rtept>
    <rtept lat="28.399724" lon="83.765945">
      <ele>2656.907237</ele>
    </rtept>
    <rtept lat="28.399815" lon="83.765956">
      <ele>2652.760596</ele>
    </rtept>
    <rtept lat="28.399908" lon="83.765981">
      <ele>2647.812846</ele>
    </rtept>
    <rtept lat="28.399993" lon="83.765939">
      <ele>2646.078584</ele>
    </rtept>
    <rtept lat="28.400084" lon="83.765937">
      <ele>2643.396922</ele>
    </rtept>
    <rtept lat="28.400179" lon="83.765942">
      <ele>2641.753565</ele>
    </rtept>
    <rtept lat="28.400273" lon="83.765912">
      <ele>2641.864698</ele>
    </rtept>
    <rtept lat="28.400363" lon="83.765937">
      <ele>2641.612481</ele>
    </rtept>
    <rtept lat="28.400458" lon="83.765925">
      <ele>2641.497708</ele>
    </rtept>
    <rtept lat="28.400555" lon="83.765916">
      <ele>2640.771317</ele>
    </rtept>
    <rtept lat="28.400649" lon="83.765879">
      <ele>2640.92057</ele>
    </rtept>
    <rtept lat="28.400737" lon="83.765844">
      <ele>2639.542787</ele>
    </rtept>
    <rtept lat="28.400817" lon="83.76579">
      <ele>2638.128566</ele>
    </rtept>
    <rtept lat="28.400903" lon="83.765837">
      <ele>2636.135532</ele>
    </rtept>
    <rtept lat="28.400983" lon="83.765886">
      <ele>2631.47896</ele>
    </rtept>
    <rtept lat="28.401076" lon="83.7659">
      <ele>2628.374799</ele>
    </rtept>
    <rtept lat="28.401114" lon="83.766005">
      <ele>2625.088226</ele>
    </rtept>
    <rtept lat="28.4012" lon="83.765973">
      <ele>2621.903374</ele>
    </rtept>
    <rtept lat="28.401286" lon="83.766014">
      <ele>2621.257593</ele>
    </rtept>
    <rtept lat="28.401376" lon="83.766034">
      <ele>2619.043859</ele>
    </rtept>
    <rtept lat="28.401466" lon="83.766006">
      <ele>2620.199533</ele>
    </rtept>
    <rtept lat="28.401555" lon="83.766028">
      <ele>2619.696241</ele>
    </rtept>
    <rtept lat="28.401644" lon="83.766074">
      <ele>2619.894981</ele>
    </rtept>
    <rtept lat="28.40171" lon="83.766145">
      <ele>2612.547779</ele>
    </rtept>
    <rtept lat="28.401803" lon="83.766162">
      <ele>2605.372683</ele>
    </rtept>
    <rtept lat="28.401892" lon="83.766188">
      <ele>2605.030222</ele>
    </rtept>
    <rtept lat="28.401978" lon="83.766236">
      <ele>2603.788659</ele>
    </rtept>
    <rtept lat="28.401955" lon="83.766342">
      <ele>2592.472771</ele>
    </rtept>
    <rtept lat="28.40205" lon="83.766368">
      <ele>2591.460345</ele>
    </rtept>
    <rtept lat="28.40212" lon="83.766441">
      <ele>2583.062088</ele>
    </rtept>
    <rtept lat="28.402221" lon="83.766429">
      <ele>2579.413645</ele>
    </rtept>
    <rtept lat="28.402286" lon="83.766354">
      <ele>2578.361581</ele>
    </rtept>
    <rtept lat="28.402376" lon="83.766323">
      <ele>2578.898622</ele>
    </rtept>
    <rtept lat="28.402365" lon="83.76643">
      <ele>2576.250176</ele>
    </rtept>
    <rtept lat="28.402414" lon="83.766517">
      <ele>2571.551108</ele>
    </rtept>
    <rtept lat="28.402505" lon="83.766491">
      <ele>2568.616645</ele>
    </rtept>
    <rtept lat="28.402596" lon="83.766508">
      <ele>2568.250242</ele>
    </rtept>
    <rtept lat="28.402674" lon="83.766573">
      <ele>2564.366333</ele>
    </rtept>
    <rtept lat="28.402762" lon="83.766542">
      <ele>2554.45841</ele>
    </rtept>
    <rtept lat="28.402823" lon="83.766621">
      <ele>2553.54967</ele>
    </rtept>
    <rtept lat="28.402778" lon="83.766717">
      <ele>2545.666349</ele>
    </rtept>
    <rtept lat="28.402707" lon="83.766789">
      <ele>2539.014172</ele>
    </rtept>
    <rtept lat="28.402624" lon="83.766842">
      <ele>2540.557969</ele>
    </rtept>
    <rtept lat="28.402721" lon="83.766838">
      <ele>2537.329388</ele>
    </rtept>
    <rtept lat="28.402682" lon="83.766937">
      <ele>2527.264824</ele>
    </rtept>
    <rtept lat="28.402768" lon="83.766981">
      <ele>2525.710284</ele>
    </rtept>
    <rtept lat="28.402855" lon="83.76695">
      <ele>2528.408708</ele>
    </rtept>
    <rtept lat="28.402944" lon="83.766976">
      <ele>2527.762008</ele>
    </rtept>
    <rtept lat="28.402908" lon="83.767069">
      <ele>2523.865395</ele>
    </rtept>
    <rtept lat="28.402901" lon="83.767173">
      <ele>2521.001119</ele>
    </rtept>
    <rtept lat="28.402943" lon="83.767265">
      <ele>2516.803447</ele>
    </rtept>
    <rtept lat="28.403013" lon="83.7672">
      <ele>2514.991261</ele>
    </rtept>
    <rtept lat="28.403099" lon="83.767165">
      <ele>2517.387312</ele>
    </rtept>
    <rtept lat="28.403166" lon="83.767237">
      <ele>2516.982017</ele>
    </rtept>
    <rtept lat="28.403262" lon="83.767216">
      <ele>2515.302949</ele>
    </rtept>
    <rtept lat="28.403352" lon="83.767267">
      <ele>2515.454805</ele>
    </rtept>
    <rtept lat="28.403433" lon="83.767206">
      <ele>2513.271211</ele>
    </rtept>
    <rtept lat="28.403521" lon="83.767183">
      <ele>2509.796435</ele>
    </rtept>
    <rtept lat="28.403611" lon="83.7672">
      <ele>2505.438069</ele>
    </rtept>
    <rtept lat="28.403689" lon="83.76714">
      <ele>2499.045482</ele>
    </rtept>
    <rtept lat="28.403723" lon="83.767236">
      <ele>2493.827014</ele>
    </rtept>
    <rtept lat="28.403741" lon="83.767341">
      <ele>2493.005646</ele>
    </rtept>
    <rtept lat="28.403768" lon="83.767439">
      <ele>2491.976686</ele>
    </rtept>
    <rtept lat="28.403723" lon="83.76753">
      <ele>2487.674742</ele>
    </rtept>
    <rtept lat="28.403746" lon="83.76763">
      <ele>2484.31763</ele>
    </rtept>
    <rtept lat="28.403756" lon="83.767733">
      <ele>2480.210473</ele>
    </rtept>
    <rtept lat="28.40377" lon="83.767835">
      <ele>2478.92608</ele>
    </rtept>
    <rtept lat="28.403809" lon="83.767938">
      <ele>2478.971244</ele>
    </rtept>
    <rtept lat="28.403764" lon="83.768041">
      <ele>2481.389035</ele>
    </rtept>
    <rtept lat="28.403768" lon="83.768145">
      <ele>2482.214885</ele>
    </rtept>
    <rtept lat="28.403721" lon="83.768234">
      <ele>2483.532811</ele>
    </rtept>
    <rtept lat="28.403735" lon="83.768345">
      <ele>2481.331473</ele>
    </rtept>
    <rtept lat="28.403698" lon="83.768444">
      <ele>2475.188395</ele>
    </rtept>
    <rtept lat="28.403667" lon="83.768541">
      <ele>2467.103861</ele>
    </rtept>
    <rtept lat="28.403612" lon="83.768628">
      <ele>2468.384856</ele>
    </rtept>
    <rtept lat="28.403521" lon="83.768678">
      <ele>2470.964308</ele>
    </rtept>
    <rtept lat="28.403516" lon="83.768783">
      <ele>2470.530962</ele>
    </rtept>
    <rtept lat="28.403446" lon="83.768851">
      <ele>2471.006031</ele>
    </rtept>
    <rtept lat="28.403431" lon="83.768956">
      <ele>2469.044558</ele>
    </rtept>
    <rtept lat="28.403397" lon="83.769051">
      <ele>2470.245606</ele>
    </rtept>
    <rtept lat="28.403344" lon="83.769133">
      <ele>2469.998222</ele>
    </rtept>
    <rtept lat="28.403263" lon="83.769183">
      <ele>2470.006255</ele>
    </rtept>
    <rtept lat="28.403191" lon="83.769261">
      <ele>2470.793584</ele>
    </rtept>
    <rtept lat="28.403125" lon="83.769332">
      <ele>2470.945757</ele>
    </rtept>
    <rtept lat="28.403041" lon="83.769384">
      <ele>2470.785632</ele>
    </rtept>
    <rtept lat="28.40298" lon="83.769466">
      <ele>2470.182212</ele>
    </rtept>
    <rtept lat="28.402905" lon="83.769543">
      <ele>2469.497882</ele>
    </rtept>
    <rtept lat="28.402852" lon="83.769629">
      <ele>2468.199086</ele>
    </rtept>
    <rtept lat="28.402804" lon="83.769717">
      <ele>2469.663628</ele>
    </rtept>
    <rtept lat="28.402805" lon="83.769823">
      <ele>2468.229287</ele>
    </rtept>
    <rtept lat="28.402869" lon="83.769899">
      <ele>2464.37977</ele>
    </rtept>
    <rtept lat="28.402889" lon="83.770001">
      <ele>2463.282071</ele>
    </rtept>
    <rtept lat="28.402876" lon="83.770105">
      <ele>2460.476451</ele>
    </rtept>
    <rtept lat="28.40286" lon="83.770206">
      <ele>2458.573239</ele>
    </rtept>
    <rtept lat="28.402911" lon="83.770291">
      <ele>2457.015312</ele>
    </rtept>
    <rtept lat="28.402917" lon="83.770396">
      <ele>2452.395842</ele>
    </rtept>
    <rtept lat="28.40293" lon="83.77051">
      <ele>2446.800265</ele>
    </rtept>
    <rtept lat="28.402973" lon="83.770602">
      <ele>2442.428102</ele>
    </rtept>
    <rtept lat="28.40306" lon="83.770568">
      <ele>2438.018163</ele>
    </rtept>
    <rtept lat="28.403147" lon="83.770615">
      <ele>2431.123849</ele>
    </rtept>
    <rtept lat="28.403108" lon="83.770707">
      <ele>2434.001484</ele>
    </rtept>
    <rtept lat="28.403186" lon="83.770768">
      <ele>2426.525004</ele>
    </rtept>
    <rtept lat="28.40325" lon="83.77085">
      <ele>2425.299524</ele>
    </rtept>
    <rtept lat="28.40331" lon="83.770936">
      <ele>2422.79624</ele>
    </rtept>
    <rtept lat="28.403223" lon="83.770902">
      <ele>2421.06491</ele>
    </rtept>
    <rtept lat="28.403308" lon="83.770866">
      <ele>2416.117149</ele>
    </rtept>
    <rtept lat="28.403319" lon="83.770974">
      <ele>2418.304682</ele>
    </rtept>
    <rtept lat="28.403268" lon="83.770873">
      <ele>2420.535803</ele>
    </rtept>
    <rtept lat="28.403239" lon="83.770971">
      <ele>2421.238235</ele>
    </rtept>
    <rtept lat="28.403325" lon="83.771012">
      <ele>2417.751166</ele>
    </rtept>
    <rtept lat="28.403389" lon="83.771095">
      <ele>2414.430162</ele>
    </rtept>
    <rtept lat="28.403474" lon="83.771137">
      <ele>2413.157634</ele>
    </rtept>
    <rtept lat="28.403545" lon="83.771204">
      <ele>2414.874285</ele>
    </rtept>
    <rtept lat="28.403544" lon="83.77131">
      <ele>2412.16376</ele>
    </rtept>
    <rtept lat="28.403634" lon="83.771331">
      <ele>2410.010525</ele>
    </rtept>
    <rtept lat="28.40372" lon="83.771367">
      <ele>2409.966381</ele>
    </rtept>
    <rtept lat="28.403763" lon="83.771458">
      <ele>2408.119504</ele>
    </rtept>
    <rtept lat="28.403775" lon="83.771562">
      <ele>2399.283754</ele>
    </rtept>
    <rtept lat="28.403856" lon="83.771613">
      <ele>2397.277114</ele>
    </rtept>
    <rtept lat="28.4039" lon="83.771705">
      <ele>2394.12584</ele>
    </rtept>
    <rtept lat="28.403956" lon="83.771803">
      <ele>2388.340975</ele>
    </rtept>
    <rtept lat="28.404033" lon="83.771861">
      <ele>2384.005766</ele>
    </rtept>
    <rtept lat="28.404093" lon="83.771938">
      <ele>2380.600138</ele>
    </rtept>
    <rtept lat="28.404178" lon="83.771975">
      <ele>2378.044373</ele>
    </rtept>
    <rtept lat="28.404241" lon="83.772051">
      <ele>2376.686887</ele>
    </rtept>
    <rtept lat="28.404304" lon="83.772133">
      <ele>2377.779165</ele>
    </rtept>
    <rtept lat="28.404361" lon="83.772216">
      <ele>2377.222895</ele>
    </rtept>
    <rtept lat="28.404382" lon="83.772322">
      <ele>2372.352913</ele>
    </rtept>
    <rtept lat="28.404427" lon="83.772415">
      <ele>2368.516306</ele>
    </rtept>
    <rtept lat="28.404493" lon="83.772485">
      <ele>2362.795989</ele>
    </rtept>
    <rtept lat="28.40456" lon="83.772558">
      <ele>2360.054596</ele>
    </rtept>
    <rtept lat="28.404629" lon="83.772634">
      <ele>2357.564843</ele>
    </rtept>
    <rtept lat="28.404708" lon="83.772682">
      <ele>2358.060972</ele>
    </rtept>
    <rtept lat="28.404782" lon="83.772756">
      <ele>2358.058421</ele>
    </rtept>
    <rtept lat="28.40483" lon="83.772849">
      <ele>2354.328244</ele>
    </rtept>
    <rtept lat="28.404847" lon="83.772951">
      <ele>2349.837684</ele>
    </rtept>
    <rtept lat="28.404907" lon="83.773028">
      <ele>2347.451784</ele>
    </rtept>
    <rtept lat="28.404905" lon="83.773134">
      <ele>2346.299244</ele>
    </rtept>
    <rtept lat="28.404955" lon="83.773228">
      <ele>2343.721348</ele>
    </rtept>
    <rtept lat="28.405036" lon="83.773281">
      <ele>2343.377616</ele>
    </rtept>
    <rtept lat="28.405127" lon="83.773303">
      <ele>2342.443861</ele>
    </rtept>
    <rtept lat="28.405218" lon="83.773338">
      <ele>2341.313877</ele>
    </rtept>
    <rtept lat="28.405306" lon="83.773377">
      <ele>2341.307959</ele>
    </rtept>
    <rtept lat="28.405402" lon="83.7734">
      <ele>2335.162555</ele>
    </rtept>
    <rtept lat="28.405447" lon="83.77331">
      <ele>2330.514701</ele>
    </rtept>
    <rtept lat="28.405527" lon="83.773255">
      <ele>2333.598398</ele>
    </rtept>
    <rtept lat="28.405593" lon="83.773179">
      <ele>2331.504028</ele>
    </rtept>
    <rtept lat="28.405612" lon="83.773287">
      <ele>2328.486804</ele>
    </rtept>
    <rtept lat="28.40561" lon="83.773391">
      <ele>2328.466394</ele>
    </rtept>
    <rtept lat="28.405629" lon="83.773498">
      <ele>2319.734797</ele>
    </rtept>
    <rtept lat="28.40567" lon="83.773592">
      <ele>2316.562775</ele>
    </rtept>
    <rtept lat="28.405775" lon="83.773623">
      <ele>2312.798879</ele>
    </rtept>
    <rtept lat="28.405788" lon="83.773727">
      <ele>2313.460435</ele>
    </rtept>
    <rtept lat="28.405795" lon="83.773834">
      <ele>2312.556469</ele>
    </rtept>
    <rtept lat="28.405793" lon="83.773937">
      <ele>2310.466725</ele>
    </rtept>
    <rtept lat="28.405775" lon="83.774044">
      <ele>2301.972205</ele>
    </rtept>
    <rtept lat="28.405808" lon="83.774148">
      <ele>2299.962716</ele>
    </rtept>
    <rtept lat="28.405823" lon="83.77425">
      <ele>2297.666158</ele>
    </rtept>
    <rtept lat="28.405815" lon="83.774354">
      <ele>2294.192561</ele>
    </rtept>
    <rtept lat="28.405825" lon="83.774456">
      <ele>2291.860904</ele>
    </rtept>
    <rtept lat="28.405828" lon="83.774559">
      <ele>2288.126758</ele>
    </rtept>
    <rtept lat="28.405843" lon="83.77466">
      <ele>2286.732456</ele>
    </rtept>
    <rtept lat="28.405857" lon="83.774761">
      <ele>2285.319629</ele>
    </rtept>
    <rtept lat="28.405816" lon="83.774855">
      <ele>2282.894578</ele>
    </rtept>
    <rtept lat="28.405771" lon="83.774949">
      <ele>2278.116001</ele>
    </rtept>
    <rtept lat="28.40574" lon="83.775049">
      <ele>2275.013802</ele>
    </rtept>
    <rtept lat="28.405741" lon="83.775152">
      <ele>2264.026368</ele>
    </rtept>
    <rtept lat="28.405744" lon="83.775262">
      <ele>2262.976175</ele>
    </rtept>
    <rtept lat="28.40572" lon="83.77537">
      <ele>2256.671709</ele>
    </rtept>
    <rtept lat="28.40578" lon="83.775453">
      <ele>2254.895678</ele>
    </rtept>
    <rtept lat="28.405865" lon="83.775497">
      <ele>2254.137935</ele>
    </rtept>
    <rtept lat="28.405945" lon="83.775547">
      <ele>2256.210103</ele>
    </rtept>
    <rtept lat="28.406033" lon="83.77562">
      <ele>2258.117074</ele>
    </rtept>
    <rtept lat="28.405965" lon="83.775552">
      <ele>2257.340206</ele>
    </rtept>
    <rtept lat="28.406042" lon="83.775607">
      <ele>2258.765264</ele>
    </rtept>
    <rtept lat="28.406123" lon="83.775658">
      <ele>2260.216748</ele>
    </rtept>
    <rtept lat="28.406056" lon="83.775582">
      <ele>2261.099461</ele>
    </rtept>
    <rtept lat="28.40598" lon="83.775518">
      <ele>2256.202749</ele>
    </rtept>
  </rte>
  <wpt lat="28.450639" lon="83.850009">
    <ele>2443.112519</ele>
    <time>2025-04-13T02:56:14Z</time>
    <name><![CDATA[]]>
    </name>
    <cmt></cmt>
    <desc><![CDATA[]]>
    </desc>
    <sym>Flag, Blue</sym>
    <type>user</type>
    <extensions>
      <PosType>0</PosType>
      <Speed>0.0</Speed>
      <Accuracy>0.0</Accuracy>
      <Time>1744512974052</Time>
      <description><![CDATA[null]]>
      </description>
    </extensions>
  </wpt>
  <wpt lat="28.519208" lon="83.907349">
    <ele>3522.038712</ele>
    <time>2025-04-10T05:40:50Z</time>
    <name><![CDATA[]]>
    </name>
    <cmt></cmt>
    <desc><![CDATA[]]>
    </desc>
    <sym>Flag, Blue</sym>
    <type>user</type>
    <extensions>
      <PosType>0</PosType>
      <Speed>0.0</Speed>
      <Accuracy>0.0</Accuracy>
      <Time>1744263650178</Time>
      <description><![CDATA[null]]>
      </description>
    </extensions>
  </wpt>
  <wpt lat="28.469405" lon="83.868857">
    <ele>2494.141396</ele>
    <time>2025-04-09T03:18:28Z</time>
    <name><![CDATA[]]>
    </name>
    <cmt></cmt>
    <desc><![CDATA[]]>
    </desc>
    <sym>Flag, Blue</sym>
    <type>user</type>
    <extensions>
      <PosType>0</PosType>
      <Speed>0.0</Speed>
      <Accuracy>0.0</Accuracy>
      <Time>1744168708315</Time>
      <description><![CDATA[null]]>
      </description>
    </extensions>
  </wpt>
  <wpt lat="28.48457" lon="83.888506">
    <ele>2844.851604</ele>
    <time>2025-04-09T05:30:34Z</time>
    <name><![CDATA[]]>
    </name>
    <cmt></cmt>
    <desc><![CDATA[]]>
    </desc>
    <sym>Flag, Blue</sym>
    <type>user</type>
    <extensions>
      <ServerId>1</ServerId>
      <PosType>0</PosType>
      <Speed>0.0</Speed>
      <Accuracy>0.0</Accuracy>
      <Time>1744176634430</Time>
      <description><![CDATA[null]]>
      </description>
    </extensions>
  </wpt>
  <wpt lat="28.421521" lon="83.817169">
    <ele>2097.324319</ele>
    <time>2025-04-08T02:20:18Z</time>
    <name><![CDATA[]]>
    </name>
    <cmt></cmt>
    <desc><![CDATA[]]>
    </desc>
    <sym>Flag, Blue</sym>
    <type>user</type>
    <extensions>
      <PosType>0</PosType>
      <Speed>0.0</Speed>
      <Accuracy>0.0</Accuracy>
      <Time>1744078818737</Time>
      <description><![CDATA[null]]>
      </description>
    </extensions>
  </wpt>
  <wpt lat="28.427571" lon="83.821048">
    <ele>1909.34132</ele>
    <time>2025-04-08T02:49:34Z</time>
    <name><![CDATA[]]>
    </name>
    <cmt></cmt>
    <desc><![CDATA[]]>
    </desc>
    <sym>Flag, Blue</sym>
    <type>user</type>
    <extensions>
      <ServerId>1</ServerId>
      <PosType>0</PosType>
      <Speed>0.0</Speed>
      <Accuracy>0.0</Accuracy>
      <Time>1744080574383</Time>
      <description><![CDATA[null]]>
      </description>
    </extensions>
  </wpt>
  <wpt lat="28.428292" lon="83.826132">
    <ele>2018.01273</ele>
    <time>2025-04-08T03:23:27Z</time>
    <name><![CDATA[]]>
    </name>
    <cmt></cmt>
    <desc><![CDATA[]]>
    </desc>
    <sym>Flag, Blue</sym>
    <type>user</type>
    <extensions>
      <ServerId>2</ServerId>
      <PosType>0</PosType>
      <Speed>0.0</Speed>
      <Accuracy>0.0</Accuracy>
      <Time>1744082607961</Time>
      <description><![CDATA[null]]>
      </description>
      <FileId>1421448285</FileId>
      <FileSize>0</FileSize>
      <FileType>0</FileType>
    </extensions>
  </wpt>
  <wpt lat="28.428743" lon="83.830361">
    <ele>2100.869024</ele>
    <time>2025-04-08T04:02:56Z</time>
    <name><![CDATA[]]>
    </name>
    <cmt></cmt>
    <desc><![CDATA[]]>
    </desc>
    <sym>Flag, Blue</sym>
    <type>user</type>
    <extensions>
      <ServerId>3</ServerId>
      <PosType>0</PosType>
      <Speed>0.0</Speed>
      <Accuracy>0.0</Accuracy>
      <Time>1744084976859</Time>
      <description><![CDATA[null]]>
      </description>
    </extensions>
  </wpt>
  <wpt lat="28.371808" lon="83.728083">
    <ele>2292.378204</ele>
    <time>2025-04-05T06:19:10Z</time>
    <name><![CDATA[徒步起点海拨2300]]>
    </name>
    <cmt>徒步起点海拨2300</cmt>
    <desc><![CDATA[]]>
    </desc>
    <sym>Flag, Blue</sym>
    <type>user</type>
    <extensions>
      <PosType>0</PosType>
      <Speed>0.0</Speed>
      <Accuracy>0.0</Accuracy>
      <Time>1743833950992</Time>
      <description><![CDATA[null]]>
      </description>
      <FileId>1420747253</FileId>
      <FileSize>0</FileSize>
      <FileType>0</FileType>
    </extensions>
  </wpt>
  <wpt lat="28.375944" lon="83.717637">
    <ele>2425.881029</ele>
    <time>2025-04-05T07:28:04Z</time>
    <name><![CDATA[]]>
    </name>
    <cmt></cmt>
    <desc><![CDATA[]]>
    </desc>
    <sym>Flag, Blue</sym>
    <type>user</type>
    <extensions>
      <ServerId>1</ServerId>
      <PosType>0</PosType>
      <Speed>0.0</Speed>
      <Accuracy>0.0</Accuracy>
      <Time>1743838084213</Time>
      <description><![CDATA[null]]>
      </description>
      <FileId>1420208441</FileId>
      <FileSize>0</FileSize>
      <FileType>0</FileType>
    </extensions>
  </wpt>
  <wpt lat="28.378812" lon="83.715869">
    <ele>2447.085509</ele>
    <time>2025-04-05T07:41:25Z</time>
    <name><![CDATA[]]>
    </name>
    <cmt></cmt>
    <desc><![CDATA[]]>
    </desc>
    <sym>Flag, Blue</sym>
    <type>user</type>
    <extensions>
      <ServerId>2</ServerId>
      <PosType>0</PosType>
      <Speed>0.0</Speed>
      <Accuracy>0.0</Accuracy>
      <Time>1743838885948</Time>
      <description><![CDATA[null]]>
      </description>
      <FileId>1420220757</FileId>
      <FileSize>0</FileSize>
      <FileType>0</FileType>
    </extensions>
  </wpt>
  <wpt lat="28.378831" lon="83.714952">
    <ele>2454.88208</ele>
    <time>2025-04-05T07:45:01Z</time>
    <name><![CDATA[]]>
    </name>
    <cmt></cmt>
    <desc><![CDATA[]]>
    </desc>
    <sym>Flag, Blue</sym>
    <type>user</type>
    <extensions>
      <ServerId>3</ServerId>
      <PosType>0</PosType>
      <Speed>0.0</Speed>
      <Accuracy>0.0</Accuracy>
      <Time>1743839101923</Time>
      <description><![CDATA[null]]>
      </description>
      <FileId>1420222407</FileId>
      <FileSize>0</FileSize>
      <FileType>0</FileType>
    </extensions>
  </wpt>
  <wpt lat="28.37892" lon="83.714932">
    <ele>2455.582688</ele>
    <time>2025-04-05T07:45:39Z</time>
    <name><![CDATA[]]>
    </name>
    <cmt></cmt>
    <desc><![CDATA[]]>
    </desc>
    <sym>Flag, Blue</sym>
    <type>user</type>
    <extensions>
      <ServerId>4</ServerId>
      <PosType>0</PosType>
      <Speed>0.0</Speed>
      <Accuracy>0.0</Accuracy>
      <Time>1743839139697</Time>
      <description><![CDATA[null]]>
      </description>
      <FileId>1420747512</FileId>
      <FileSize>0</FileSize>
      <FileType>0</FileType>
    </extensions>
  </wpt>
  <wpt lat="28.379221" lon="83.714885">
    <ele>2462.159786</ele>
    <time>2025-04-05T07:47:07Z</time>
    <name><![CDATA[]]>
    </name>
    <cmt></cmt>
    <desc><![CDATA[]]>
    </desc>
    <sym>Flag, Blue</sym>
    <type>user</type>
    <extensions>
      <ServerId>5</ServerId>
      <PosType>0</PosType>
      <Speed>0.0</Speed>
      <Accuracy>0.0</Accuracy>
      <Time>1743839227272</Time>
      <description><![CDATA[null]]>
      </description>
      <FileId>1420747744</FileId>
      <FileSize>0</FileSize>
      <FileType>0</FileType>
    </extensions>
  </wpt>
  <wpt lat="28.379761" lon="83.714624">
    <ele>2463.860553</ele>
    <time>2025-04-05T07:48:37Z</time>
    <name><![CDATA[]]>
    </name>
    <cmt></cmt>
    <desc><![CDATA[]]>
    </desc>
    <sym>Flag, Blue</sym>
    <type>user</type>
    <extensions>
      <ServerId>6</ServerId>
      <PosType>0</PosType>
      <Speed>0.0</Speed>
      <Accuracy>0.0</Accuracy>
      <Time>1743839317206</Time>
      <description><![CDATA[null]]>
      </description>
      <FileId>1420225035</FileId>
      <FileSize>0</FileSize>
      <FileType>0</FileType>
    </extensions>
  </wpt>
  <wpt lat="28.380362" lon="83.714723">
    <ele>2481.033094</ele>
    <time>2025-04-05T07:51:59Z</time>
    <name><![CDATA[]]>
    </name>
    <cmt></cmt>
    <desc><![CDATA[]]>
    </desc>
    <sym>Flag, Blue</sym>
    <type>user</type>
    <extensions>
      <ServerId>7</ServerId>
      <PosType>0</PosType>
      <Speed>0.0</Speed>
      <Accuracy>0.0</Accuracy>
      <Time>1743839519882</Time>
      <description><![CDATA[null]]>
      </description>
      <FileId>1420748121</FileId>
      <FileSize>0</FileSize>
      <FileType>0</FileType>
    </extensions>
  </wpt>
  <wpt lat="28.380811" lon="83.714741">
    <ele>2492.634022</ele>
    <time>2025-04-05T07:54:07Z</time>
    <name><![CDATA[]]>
    </name>
    <cmt></cmt>
    <desc><![CDATA[]]>
    </desc>
    <sym>Flag, Blue</sym>
    <type>user</type>
    <extensions>
      <ServerId>8</ServerId>
      <PosType>0</PosType>
      <Speed>0.0</Speed>
      <Accuracy>0.0</Accuracy>
      <Time>1743839647442</Time>
      <description><![CDATA[null]]>
      </description>
      <FileId>1420748648</FileId>
      <FileSize>0</FileSize>
      <FileType>0</FileType>
    </extensions>
  </wpt>
  <wpt lat="28.382356" lon="83.714049">
    <ele>2519.3636</ele>
    <time>2025-04-05T08:00:13Z</time>
    <name><![CDATA[]]>
    </name>
    <cmt></cmt>
    <desc><![CDATA[]]>
    </desc>
    <sym>Flag, Blue</sym>
    <type>user</type>
    <extensions>
      <ServerId>9</ServerId>
      <PosType>0</PosType>
      <Speed>0.0</Speed>
      <Accuracy>0.0</Accuracy>
      <Time>1743840013358</Time>
      <description><![CDATA[null]]>
      </description>
      <FileId>1420748767</FileId>
      <FileSize>0</FileSize>
      <FileType>0</FileType>
    </extensions>
  </wpt>
  <wpt lat="28.382674" lon="83.713519">
    <ele>2528.838752</ele>
    <time>2025-04-05T08:09:00Z</time>
    <name><![CDATA[]]>
    </name>
    <cmt></cmt>
    <desc><![CDATA[]]>
    </desc>
    <sym>Flag, Blue</sym>
    <type>user</type>
    <extensions>
      <ServerId>10</ServerId>
      <PosType>0</PosType>
      <Speed>0.0</Speed>
      <Accuracy>0.0</Accuracy>
      <Time>1743840540969</Time>
      <description><![CDATA[null]]>
      </description>
      <FileId>1420748845</FileId>
      <FileSize>0</FileSize>
      <FileType>0</FileType>
    </extensions>
  </wpt>
  <wpt lat="28.384089" lon="83.710428">
    <ele>2528.335497</ele>
    <time>2025-04-05T08:16:53Z</time>
    <name><![CDATA[]]>
    </name>
    <cmt></cmt>
    <desc><![CDATA[]]>
    </desc>
    <sym>Flag, Blue</sym>
    <type>user</type>
    <extensions>
      <ServerId>11</ServerId>
      <PosType>0</PosType>
      <Speed>0.0</Speed>
      <Accuracy>0.0</Accuracy>
      <Time>1743841013373</Time>
      <description><![CDATA[null]]>
      </description>
      <FileId>1420749035</FileId>
      <FileSize>0</FileSize>
      <FileType>0</FileType>
    </extensions>
  </wpt>
  <wpt lat="28.385375" lon="83.709248">
    <ele>2559.597774</ele>
    <time>2025-04-05T08:38:38Z</time>
    <name><![CDATA[]]>
    </name>
    <cmt></cmt>
    <desc><![CDATA[]]>
    </desc>
    <sym>Flag, Blue</sym>
    <type>user</type>
    <extensions>
      <ServerId>12</ServerId>
      <PosType>0</PosType>
      <Speed>0.0</Speed>
      <Accuracy>0.0</Accuracy>
      <Time>1743842318701</Time>
      <description><![CDATA[null]]>
      </description>
      <FileId>1420749299</FileId>
      <FileSize>0</FileSize>
      <FileType>0</FileType>
    </extensions>
  </wpt>
  <wpt lat="28.398849" lon="83.700824">
    <ele>2808.627987</ele>
    <time>2025-04-05T09:47:41Z</time>
    <name><![CDATA[]]>
    </name>
    <cmt></cmt>
    <desc><![CDATA[]]>
    </desc>
    <sym>Flag, Blue</sym>
    <type>user</type>
    <extensions>
      <ServerId>13</ServerId>
      <PosType>0</PosType>
      <Speed>0.0</Speed>
      <Accuracy>0.0</Accuracy>
      <Time>1743846461859</Time>
      <description><![CDATA[null]]>
      </description>
      <FileId>1420330058</FileId>
      <FileSize>0</FileSize>
      <FileType>0</FileType>
    </extensions>
  </wpt>
  <wpt lat="28.399079" lon="83.700676">
    <ele>2810.509375</ele>
    <time>2025-04-05T09:48:34Z</time>
    <name><![CDATA[]]>
    </name>
    <cmt></cmt>
    <desc><![CDATA[]]>
    </desc>
    <sym>Flag, Blue</sym>
    <type>user</type>
    <extensions>
      <ServerId>14</ServerId>
      <PosType>0</PosType>
      <Speed>0.0</Speed>
      <Accuracy>0.0</Accuracy>
      <Time>1743846514508</Time>
      <description><![CDATA[null]]>
      </description>
      <FileId>1420749448</FileId>
      <FileSize>0</FileSize>
      <FileType>0</FileType>
    </extensions>
  </wpt>
  <wpt lat="28.407837" lon="83.779448">
    <ele>2002.04168</ele>
    <time>2025-04-07T03:15:11Z</time>
    <name><![CDATA[]]>
    </name>
    <cmt></cmt>
    <desc><![CDATA[]]>
    </desc>
    <sym>Flag, Blue</sym>
    <type>user</type>
    <extensions>
      <PosType>0</PosType>
      <Speed>0.0</Speed>
      <Accuracy>0.0</Accuracy>
      <Time>1743995711329</Time>
      <description><![CDATA[null]]>
      </description>
      <FileId>1421212035</FileId>
      <FileSize>0</FileSize>
      <FileType>0</FileType>
    </extensions>
  </wpt>
  <wpt lat="28.408505" lon="83.78051">
    <ele>1931.98513</ele>
    <time>2025-04-07T03:24:42Z</time>
    <name><![CDATA[]]>
    </name>
    <cmt></cmt>
    <desc><![CDATA[]]>
    </desc>
    <sym>Flag, Blue</sym>
    <type>user</type>
    <extensions>
      <ServerId>1</ServerId>
      <PosType>0</PosType>
      <Speed>0.0</Speed>
      <Accuracy>0.0</Accuracy>
      <Time>1743996282117</Time>
      <description><![CDATA[null]]>
      </description>
      <FileId>1421212038</FileId>
      <FileSize>0</FileSize>
      <FileType>0</FileType>
    </extensions>
  </wpt>
  <wpt lat="28.408595" lon="83.782111">
    <ele>1981.230734</ele>
    <time>2025-04-07T03:42:21Z</time>
    <name><![CDATA[]]>
    </name>
    <cmt></cmt>
    <desc><![CDATA[]]>
    </desc>
    <sym>Flag, Blue</sym>
    <type>user</type>
    <extensions>
      <ServerId>2</ServerId>
      <PosType>0</PosType>
      <Speed>0.0</Speed>
      <Accuracy>0.0</Accuracy>
      <Time>1743997341698</Time>
      <description><![CDATA[null]]>
      </description>
      <FileId>1421212040</FileId>
      <FileSize>0</FileSize>
      <FileType>0</FileType>
    </extensions>
  </wpt>
  <wpt lat="28.411769" lon="83.80287">
    <ele>2268.472978</ele>
    <time>2025-04-07T05:21:04Z</time>
    <name><![CDATA[]]>
    </name>
    <cmt></cmt>
    <desc><![CDATA[]]>
    </desc>
    <sym>Flag, Blue</sym>
    <type>user</type>
    <extensions>
      <ServerId>3</ServerId>
      <PosType>0</PosType>
      <Speed>0.0</Speed>
      <Accuracy>0.0</Accuracy>
      <Time>1744003264362</Time>
      <description><![CDATA[null]]>
      </description>
      <FileId>1421212043</FileId>
      <FileSize>0</FileSize>
      <FileType>0</FileType>
    </extensions>
  </wpt>
  <wpt lat="28.411769" lon="83.80287">
    <ele>2268.472978</ele>
    <time>2025-04-07T05:22:15Z</time>
    <name><![CDATA[]]>
    </name>
    <cmt></cmt>
    <desc><![CDATA[]]>
    </desc>
    <sym>Flag, Blue</sym>
    <type>user</type>
    <extensions>
      <ServerId>4</ServerId>
      <PosType>0</PosType>
      <Speed>0.0</Speed>
      <Accuracy>0.0</Accuracy>
      <Time>1744003335595</Time>
      <description><![CDATA[null]]>
      </description>
      <FileId>1421212046</FileId>
      <FileSize>0</FileSize>
      <FileType>0</FileType>
    </extensions>
  </wpt>
  <wpt lat="28.418283" lon="83.818222">
    <ele>2225.991064</ele>
    <time>2025-04-07T06:49:49Z</time>
    <name><![CDATA[]]>
    </name>
    <cmt></cmt>
    <desc><![CDATA[]]>
    </desc>
    <sym>Flag, Blue</sym>
    <type>user</type>
    <extensions>
      <ServerId>5</ServerId>
      <PosType>0</PosType>
      <Speed>0.0</Speed>
      <Accuracy>0.0</Accuracy>
      <Time>1744008589217</Time>
      <description><![CDATA[null]]>
      </description>
      <FileId>1421212049</FileId>
      <FileSize>0</FileSize>
      <FileType>0</FileType>
    </extensions>
  </wpt>
  <wpt lat="28.395576" lon="83.712704">
    <ele>3154.130144</ele>
    <time>2025-04-06T04:10:16Z</time>
    <name><![CDATA[]]>
    </name>
    <cmt></cmt>
    <desc><![CDATA[]]>
    </desc>
    <sym>Flag, Blue</sym>
    <type>user</type>
    <extensions>
      <PosType>0</PosType>
      <Speed>0.0</Speed>
      <Accuracy>0.0</Accuracy>
      <Time>1743912616177</Time>
      <description><![CDATA[null]]>
      </description>
      <FileId>1421212053</FileId>
      <FileSize>0</FileSize>
      <FileType>0</FileType>
    </extensions>
  </wpt>
  <wpt lat="28.39642" lon="83.72198">
    <ele>3194.205959</ele>
    <time>2025-04-06T04:53:27Z</time>
    <name><![CDATA[]]>
    </name>
    <cmt></cmt>
    <desc><![CDATA[]]>
    </desc>
    <sym>Flag, Blue</sym>
    <type>user</type>
    <extensions>
      <ServerId>1</ServerId>
      <PosType>0</PosType>
      <Speed>0.0</Speed>
      <Accuracy>0.0</Accuracy>
      <Time>1743915207741</Time>
      <description><![CDATA[null]]>
      </description>
      <FileId>1421212056</FileId>
      <FileSize>0</FileSize>
      <FileType>0</FileType>
    </extensions>
  </wpt>
</gpx>